mtllib ./Map2.mtl
g SmallObjs_Fence (25)_Box
v -13.49609 -0.7974344 -4.186882
v -13.49609 -0.7974344 -1.193118
v -13.49609 2.202566 -4.186882
v -13.49609 2.202566 -1.193118
v -13.3854 2.202566 -4.186882
v -13.3854 2.202566 -1.193118
v -13.3854 -0.7974344 -4.186882
v -13.3854 -0.7974344 -1.193118
v -13.49609 2.202566 -4.186882
v -13.49609 2.202566 -1.193118
v -13.3854 2.202566 -4.186882
v -13.3854 2.202566 -1.193118
v -13.3854 -0.7974344 -4.186882
v -13.49609 -0.7974344 -4.186882
v -13.49609 -0.7974344 -1.193118
v -13.3854 -0.7974344 -1.193118
v -13.49609 -0.7974344 -1.193118
v -13.49609 2.202566 -1.193118
v -13.3854 2.202566 -1.193118
v -13.3854 -0.7974344 -1.193118
v -13.3854 -0.7974344 -4.186882
v -13.3854 2.202566 -4.186882
v -13.49609 2.202566 -4.186882
v -13.49609 -0.7974344 -4.186882

vn -1 0 -1.192093E-07
vn -1 0 -1.192093E-07
vn -1 0 -1.192093E-07
vn -1 0 -1.192093E-07
vn 0 1 0
vn 0 1 0
vn 1 0 1.192093E-07
vn 1 0 1.192093E-07
vn 0 1 0
vn 0 1 0
vn 1 0 1.192093E-07
vn 1 0 1.192093E-07
vn 0 -1 0
vn 0 -1 0
vn 0 -1 0
vn 0 -1 0
vn -1.192093E-07 0 1
vn -1.192093E-07 0 1
vn -1.192093E-07 0 1
vn -1.192093E-07 0 1
vn 1.192093E-07 0 -1
vn 1.192093E-07 0 -1
vn 1.192093E-07 0 -1
vn 1.192093E-07 0 -1

vt 0 0
vt 1 0
vt 0 1
vt 1 1
vt 0 1
vt 1 1
vt 0 1
vt 1 1
vt 0 0
vt 1 0
vt 0 0
vt 1 0
vt 0 0
vt 0 1
vt 1 1
vt 1 0
vt 0 0
vt 0 1
vt 1 1
vt 1 0
vt 0 0
vt 0 1
vt 1 1
vt 1 0

usemtl Lit
usemap Lit
f 3/3/3 1/1/1 4/4/4
f 4/4/4 1/1/1 2/2/2
f 5/5/5 9/9/9 6/6/6
f 6/6/6 9/9/9 10/10/10
f 7/7/7 11/11/11 8/8/8
f 8/8/8 11/11/11 12/12/12
f 14/14/14 13/13/13 15/15/15
f 15/15/15 13/13/13 16/16/16
f 18/18/18 17/17/17 19/19/19
f 19/19/19 17/17/17 20/20/20
f 22/22/22 21/21/21 23/23/23
f 23/23/23 21/21/21 24/24/24
mtllib ./Map2.mtl
g SmallObjs_Colliders_Fence (1)_Box_Box
v -4.516882 -0.7974344 14.28609
v -1.523118 -0.7974344 14.28609
v -4.516882 2.202566 14.28609
v -1.523118 2.202566 14.28609
v -4.516882 2.202566 14.1754
v -1.523118 2.202566 14.1754
v -4.516882 -0.7974344 14.1754
v -1.523118 -0.7974344 14.1754
v -4.516882 2.202566 14.28609
v -1.523118 2.202566 14.28609
v -4.516882 2.202566 14.1754
v -1.523118 2.202566 14.1754
v -4.516882 -0.7974344 14.1754
v -4.516882 -0.7974344 14.28609
v -1.523118 -0.7974344 14.28609
v -1.523118 -0.7974344 14.1754
v -1.523118 -0.7974344 14.28609
v -1.523118 2.202566 14.28609
v -1.523118 2.202566 14.1754
v -1.523118 -0.7974344 14.1754
v -4.516882 -0.7974344 14.1754
v -4.516882 2.202566 14.1754
v -4.516882 2.202566 14.28609
v -4.516882 -0.7974344 14.28609

vn 0 0 1
vn 0 0 1
vn 0 0 1
vn 0 0 1
vn 0 1 0
vn 0 1 0
vn 0 0 -1
vn 0 0 -1
vn 0 1 0
vn 0 1 0
vn 0 0 -1
vn 0 0 -1
vn 0 -1 0
vn 0 -1 0
vn 0 -1 0
vn 0 -1 0
vn 1 0 0
vn 1 0 0
vn 1 0 0
vn 1 0 0
vn -1 0 0
vn -1 0 0
vn -1 0 0
vn -1 0 0

vt 0 0
vt 1 0
vt 0 1
vt 1 1
vt 0 1
vt 1 1
vt 0 1
vt 1 1
vt 0 0
vt 1 0
vt 0 0
vt 1 0
vt 0 0
vt 0 1
vt 1 1
vt 1 0
vt 0 0
vt 0 1
vt 1 1
vt 1 0
vt 0 0
vt 0 1
vt 1 1
vt 1 0

usemtl Lit
usemap Lit
f 27/27/27 25/25/25 28/28/28
f 28/28/28 25/25/25 26/26/26
f 29/29/29 33/33/33 30/30/30
f 30/30/30 33/33/33 34/34/34
f 31/31/31 35/35/35 32/32/32
f 32/32/32 35/35/35 36/36/36
f 38/38/38 37/37/37 39/39/39
f 39/39/39 37/37/37 40/40/40
f 42/42/42 41/41/41 43/43/43
f 43/43/43 41/41/41 44/44/44
f 46/46/46 45/45/45 47/47/47
f 47/47/47 45/45/45 48/48/48
mtllib ./Map2.mtl
g SmallObjs_Colliders_Fence (26)_Box_Box
v -13.5211 -0.7974344 -7.316782
v -13.5211 -0.7974344 -4.323018
v -13.5211 2.202566 -7.316782
v -13.5211 2.202566 -4.323018
v -13.41041 2.202566 -7.316782
v -13.41041 2.202566 -4.323018
v -13.41041 -0.7974344 -7.316782
v -13.41041 -0.7974344 -4.323018
v -13.5211 2.202566 -7.316782
v -13.5211 2.202566 -4.323018
v -13.41041 2.202566 -7.316782
v -13.41041 2.202566 -4.323018
v -13.41041 -0.7974344 -7.316782
v -13.5211 -0.7974344 -7.316782
v -13.5211 -0.7974344 -4.323018
v -13.41041 -0.7974344 -4.323018
v -13.5211 -0.7974344 -4.323018
v -13.5211 2.202566 -4.323018
v -13.41041 2.202566 -4.323018
v -13.41041 -0.7974344 -4.323018
v -13.41041 -0.7974344 -7.316782
v -13.41041 2.202566 -7.316782
v -13.5211 2.202566 -7.316782
v -13.5211 -0.7974344 -7.316782

vn -1 0 -1.192093E-07
vn -1 0 -1.192093E-07
vn -1 0 -1.192093E-07
vn -1 0 -1.192093E-07
vn 0 1 0
vn 0 1 0
vn 1 0 1.192093E-07
vn 1 0 1.192093E-07
vn 0 1 0
vn 0 1 0
vn 1 0 1.192093E-07
vn 1 0 1.192093E-07
vn 0 -1 0
vn 0 -1 0
vn 0 -1 0
vn 0 -1 0
vn -1.192093E-07 0 1
vn -1.192093E-07 0 1
vn -1.192093E-07 0 1
vn -1.192093E-07 0 1
vn 1.192093E-07 0 -1
vn 1.192093E-07 0 -1
vn 1.192093E-07 0 -1
vn 1.192093E-07 0 -1

vt 0 0
vt 1 0
vt 0 1
vt 1 1
vt 0 1
vt 1 1
vt 0 1
vt 1 1
vt 0 0
vt 1 0
vt 0 0
vt 1 0
vt 0 0
vt 0 1
vt 1 1
vt 1 0
vt 0 0
vt 0 1
vt 1 1
vt 1 0
vt 0 0
vt 0 1
vt 1 1
vt 1 0

usemtl Lit
usemap Lit
f 51/51/51 49/49/49 52/52/52
f 52/52/52 49/49/49 50/50/50
f 53/53/53 57/57/57 54/54/54
f 54/54/54 57/57/57 58/58/58
f 55/55/55 59/59/59 56/56/56
f 56/56/56 59/59/59 60/60/60
f 62/62/62 61/61/61 63/63/63
f 63/63/63 61/61/61 64/64/64
f 66/66/66 65/65/65 67/67/67
f 67/67/67 65/65/65 68/68/68
f 70/70/70 69/69/69 71/71/71
f 71/71/71 69/69/69 72/72/72
mtllib ./Map2.mtl
g SmallObjs_Colliders_Fence (30)_Box_Box
v -13.42281 -0.7974344 4.982824
v -13.42281 -0.7974344 7.976589
v -13.42281 2.202566 4.982824
v -13.42281 2.202566 7.976589
v -13.31213 2.202566 4.982824
v -13.31213 2.202566 7.976589
v -13.31213 -0.7974344 4.982824
v -13.31213 -0.7974344 7.976589
v -13.42281 2.202566 4.982824
v -13.42281 2.202566 7.976589
v -13.31213 2.202566 4.982824
v -13.31213 2.202566 7.976589
v -13.31213 -0.7974344 4.982824
v -13.42281 -0.7974344 4.982824
v -13.42281 -0.7974344 7.976589
v -13.31213 -0.7974344 7.976589
v -13.42281 -0.7974344 7.976589
v -13.42281 2.202566 7.976589
v -13.31213 2.202566 7.976589
v -13.31213 -0.7974344 7.976589
v -13.31213 -0.7974344 4.982824
v -13.31213 2.202566 4.982824
v -13.42281 2.202566 4.982824
v -13.42281 -0.7974344 4.982824

vn -1 0 -1.192093E-07
vn -1 0 -1.192093E-07
vn -1 0 -1.192093E-07
vn -1 0 -1.192093E-07
vn 0 1 0
vn 0 1 0
vn 1 0 1.192093E-07
vn 1 0 1.192093E-07
vn 0 1 0
vn 0 1 0
vn 1 0 1.192093E-07
vn 1 0 1.192093E-07
vn 0 -1 0
vn 0 -1 0
vn 0 -1 0
vn 0 -1 0
vn -1.192093E-07 0 1
vn -1.192093E-07 0 1
vn -1.192093E-07 0 1
vn -1.192093E-07 0 1
vn 1.192093E-07 0 -1
vn 1.192093E-07 0 -1
vn 1.192093E-07 0 -1
vn 1.192093E-07 0 -1

vt 0 0
vt 1 0
vt 0 1
vt 1 1
vt 0 1
vt 1 1
vt 0 1
vt 1 1
vt 0 0
vt 1 0
vt 0 0
vt 1 0
vt 0 0
vt 0 1
vt 1 1
vt 1 0
vt 0 0
vt 0 1
vt 1 1
vt 1 0
vt 0 0
vt 0 1
vt 1 1
vt 1 0

usemtl Lit
usemap Lit
f 75/75/75 73/73/73 76/76/76
f 76/76/76 73/73/73 74/74/74
f 77/77/77 81/81/81 78/78/78
f 78/78/78 81/81/81 82/82/82
f 79/79/79 83/83/83 80/80/80
f 80/80/80 83/83/83 84/84/84
f 86/86/86 85/85/85 87/87/87
f 87/87/87 85/85/85 88/88/88
f 90/90/90 89/89/89 91/91/91
f 91/91/91 89/89/89 92/92/92
f 94/94/94 93/93/93 95/95/95
f 95/95/95 93/93/93 96/96/96
mtllib ./Map2.mtl
g SmallObjs_Fence (12)_Box
v -13.74688 -0.7974344 -13.52391
v -10.75312 -0.7974344 -13.52391
v -13.74688 2.202566 -13.52391
v -10.75312 2.202566 -13.52391
v -13.74688 2.202566 -13.6346
v -10.75312 2.202566 -13.6346
v -13.74688 -0.7974344 -13.6346
v -10.75312 -0.7974344 -13.6346
v -13.74688 2.202566 -13.52391
v -10.75312 2.202566 -13.52391
v -13.74688 2.202566 -13.6346
v -10.75312 2.202566 -13.6346
v -13.74688 -0.7974344 -13.6346
v -13.74688 -0.7974344 -13.52391
v -10.75312 -0.7974344 -13.52391
v -10.75312 -0.7974344 -13.6346
v -10.75312 -0.7974344 -13.52391
v -10.75312 2.202566 -13.52391
v -10.75312 2.202566 -13.6346
v -10.75312 -0.7974344 -13.6346
v -13.74688 -0.7974344 -13.6346
v -13.74688 2.202566 -13.6346
v -13.74688 2.202566 -13.52391
v -13.74688 -0.7974344 -13.52391

vn 0 0 1
vn 0 0 1
vn 0 0 1
vn 0 0 1
vn 0 1 0
vn 0 1 0
vn 0 0 -1
vn 0 0 -1
vn 0 1 0
vn 0 1 0
vn 0 0 -1
vn 0 0 -1
vn 0 -1 0
vn 0 -1 0
vn 0 -1 0
vn 0 -1 0
vn 1 0 0
vn 1 0 0
vn 1 0 0
vn 1 0 0
vn -1 0 0
vn -1 0 0
vn -1 0 0
vn -1 0 0

vt 0 0
vt 1 0
vt 0 1
vt 1 1
vt 0 1
vt 1 1
vt 0 1
vt 1 1
vt 0 0
vt 1 0
vt 0 0
vt 1 0
vt 0 0
vt 0 1
vt 1 1
vt 1 0
vt 0 0
vt 0 1
vt 1 1
vt 1 0
vt 0 0
vt 0 1
vt 1 1
vt 1 0

usemtl Lit
usemap Lit
f 99/99/99 97/97/97 100/100/100
f 100/100/100 97/97/97 98/98/98
f 101/101/101 105/105/105 102/102/102
f 102/102/102 105/105/105 106/106/106
f 103/103/103 107/107/107 104/104/104
f 104/104/104 107/107/107 108/108/108
f 110/110/110 109/109/109 111/111/111
f 111/111/111 109/109/109 112/112/112
f 114/114/114 113/113/113 115/115/115
f 115/115/115 113/113/113 116/116/116
f 118/118/118 117/117/117 119/119/119
f 119/119/119 117/117/117 120/120/120
mtllib ./Map2.mtl
g SmallObjs_Colliders_Fence (21)_Box_Box
v 13.5505 -0.7974344 1.914427
v 13.5505 -0.7974344 4.908192
v 13.5505 2.202566 1.914427
v 13.5505 2.202566 4.908192
v 13.66118 2.202566 1.914427
v 13.66118 2.202566 4.908192
v 13.66118 -0.7974344 1.914427
v 13.66118 -0.7974344 4.908192
v 13.5505 2.202566 1.914427
v 13.5505 2.202566 4.908192
v 13.66118 2.202566 1.914427
v 13.66118 2.202566 4.908192
v 13.66118 -0.7974344 1.914427
v 13.5505 -0.7974344 1.914427
v 13.5505 -0.7974344 4.908192
v 13.66118 -0.7974344 4.908192
v 13.5505 -0.7974344 4.908192
v 13.5505 2.202566 4.908192
v 13.66118 2.202566 4.908192
v 13.66118 -0.7974344 4.908192
v 13.66118 -0.7974344 1.914427
v 13.66118 2.202566 1.914427
v 13.5505 2.202566 1.914427
v 13.5505 -0.7974344 1.914427

vn -1 0 -1.192093E-07
vn -1 0 -1.192093E-07
vn -1 0 -1.192093E-07
vn -1 0 -1.192093E-07
vn 0 1 0
vn 0 1 0
vn 1 0 1.192093E-07
vn 1 0 1.192093E-07
vn 0 1 0
vn 0 1 0
vn 1 0 1.192093E-07
vn 1 0 1.192093E-07
vn 0 -1 0
vn 0 -1 0
vn 0 -1 0
vn 0 -1 0
vn -1.192093E-07 0 1
vn -1.192093E-07 0 1
vn -1.192093E-07 0 1
vn -1.192093E-07 0 1
vn 1.192093E-07 0 -1
vn 1.192093E-07 0 -1
vn 1.192093E-07 0 -1
vn 1.192093E-07 0 -1

vt 0 0
vt 1 0
vt 0 1
vt 1 1
vt 0 1
vt 1 1
vt 0 1
vt 1 1
vt 0 0
vt 1 0
vt 0 0
vt 1 0
vt 0 0
vt 0 1
vt 1 1
vt 1 0
vt 0 0
vt 0 1
vt 1 1
vt 1 0
vt 0 0
vt 0 1
vt 1 1
vt 1 0

usemtl Lit
usemap Lit
f 123/123/123 121/121/121 124/124/124
f 124/124/124 121/121/121 122/122/122
f 125/125/125 129/129/129 126/126/126
f 126/126/126 129/129/129 130/130/130
f 127/127/127 131/131/131 128/128/128
f 128/128/128 131/131/131 132/132/132
f 134/134/134 133/133/133 135/135/135
f 135/135/135 133/133/133 136/136/136
f 138/138/138 137/137/137 139/139/139
f 139/139/139 137/137/137 140/140/140
f 142/142/142 141/141/141 143/143/143
f 143/143/143 141/141/141 144/144/144
mtllib ./Map2.mtl
g SmallObjs_Fence (8)_Box
v 10.77212 -0.7974344 14.28609
v 13.76588 -0.7974344 14.28609
v 10.77212 2.202566 14.28609
v 13.76588 2.202566 14.28609
v 10.77212 2.202566 14.1754
v 13.76588 2.202566 14.1754
v 10.77212 -0.7974344 14.1754
v 13.76588 -0.7974344 14.1754
v 10.77212 2.202566 14.28609
v 13.76588 2.202566 14.28609
v 10.77212 2.202566 14.1754
v 13.76588 2.202566 14.1754
v 10.77212 -0.7974344 14.1754
v 10.77212 -0.7974344 14.28609
v 13.76588 -0.7974344 14.28609
v 13.76588 -0.7974344 14.1754
v 13.76588 -0.7974344 14.28609
v 13.76588 2.202566 14.28609
v 13.76588 2.202566 14.1754
v 13.76588 -0.7974344 14.1754
v 10.77212 -0.7974344 14.1754
v 10.77212 2.202566 14.1754
v 10.77212 2.202566 14.28609
v 10.77212 -0.7974344 14.28609

vn 0 0 1
vn 0 0 1
vn 0 0 1
vn 0 0 1
vn 0 1 0
vn 0 1 0
vn 0 0 -1
vn 0 0 -1
vn 0 1 0
vn 0 1 0
vn 0 0 -1
vn 0 0 -1
vn 0 -1 0
vn 0 -1 0
vn 0 -1 0
vn 0 -1 0
vn 1 0 0
vn 1 0 0
vn 1 0 0
vn 1 0 0
vn -1 0 0
vn -1 0 0
vn -1 0 0
vn -1 0 0

vt 0 0
vt 1 0
vt 0 1
vt 1 1
vt 0 1
vt 1 1
vt 0 1
vt 1 1
vt 0 0
vt 1 0
vt 0 0
vt 1 0
vt 0 0
vt 0 1
vt 1 1
vt 1 0
vt 0 0
vt 0 1
vt 1 1
vt 1 0
vt 0 0
vt 0 1
vt 1 1
vt 1 0

usemtl Lit
usemap Lit
f 147/147/147 145/145/145 148/148/148
f 148/148/148 145/145/145 146/146/146
f 149/149/149 153/153/153 150/150/150
f 150/150/150 153/153/153 154/154/154
f 151/151/151 155/155/155 152/152/152
f 152/152/152 155/155/155 156/156/156
f 158/158/158 157/157/157 159/159/159
f 159/159/159 157/157/157 160/160/160
f 162/162/162 161/161/161 163/163/163
f 163/163/163 161/161/161 164/164/164
f 166/166/166 165/165/165 167/167/167
f 167/167/167 165/165/165 168/168/168
mtllib ./Map2.mtl
g Interactions_Health Fountain_Box
v -1.56 -0.5 0.45
v 1.44 -0.5 0.45
v -1.56 2.5 0.45
v 1.44 2.5 0.45
v -1.56 2.5 -2.55
v 1.44 2.5 -2.55
v -1.56 -0.5 -2.55
v 1.44 -0.5 -2.55
v -1.56 2.5 0.45
v 1.44 2.5 0.45
v -1.56 2.5 -2.55
v 1.44 2.5 -2.55
v -1.56 -0.5 -2.55
v -1.56 -0.5 0.45
v 1.44 -0.5 0.45
v 1.44 -0.5 -2.55
v 1.44 -0.5 0.45
v 1.44 2.5 0.45
v 1.44 2.5 -2.55
v 1.44 -0.5 -2.55
v -1.56 -0.5 -2.55
v -1.56 2.5 -2.55
v -1.56 2.5 0.45
v -1.56 -0.5 0.45

vn 0 0 1
vn 0 0 1
vn 0 0 1
vn 0 0 1
vn 0 1 0
vn 0 1 0
vn 0 0 -1
vn 0 0 -1
vn 0 1 0
vn 0 1 0
vn 0 0 -1
vn 0 0 -1
vn 0 -1 0
vn 0 -1 0
vn 0 -1 0
vn 0 -1 0
vn 1 0 0
vn 1 0 0
vn 1 0 0
vn 1 0 0
vn -1 0 0
vn -1 0 0
vn -1 0 0
vn -1 0 0

vt 0 0
vt 1 0
vt 0 1
vt 1 1
vt 0 1
vt 1 1
vt 0 1
vt 1 1
vt 0 0
vt 1 0
vt 0 0
vt 1 0
vt 0 0
vt 0 1
vt 1 1
vt 1 0
vt 0 0
vt 0 1
vt 1 1
vt 1 0
vt 0 0
vt 0 1
vt 1 1
vt 1 0

usemtl Lit
usemap Lit
f 171/171/171 169/169/169 172/172/172
f 172/172/172 169/169/169 170/170/170
f 173/173/173 177/177/177 174/174/174
f 174/174/174 177/177/177 178/178/178
f 175/175/175 179/179/179 176/176/176
f 176/176/176 179/179/179 180/180/180
f 182/182/182 181/181/181 183/183/183
f 183/183/183 181/181/181 184/184/184
f 186/186/186 185/185/185 187/187/187
f 187/187/187 185/185/185 188/188/188
f 190/190/190 189/189/189 191/191/191
f 191/191/191 189/189/189 192/192/192
mtllib ./Map2.mtl
g Lights_Torchlight (3)_Box
v -9.63979 -0.6498069 -0.3093543
v -9.125389 -0.6498069 -0.3093543
v -9.63979 2.350193 -0.3093543
v -9.125389 2.350193 -0.3093543
v -9.63979 2.350193 -0.9498307
v -9.125389 2.350193 -0.9498307
v -9.63979 -0.6498069 -0.9498307
v -9.125389 -0.6498069 -0.9498307
v -9.63979 2.350193 -0.3093543
v -9.125389 2.350193 -0.3093543
v -9.63979 2.350193 -0.9498307
v -9.125389 2.350193 -0.9498307
v -9.63979 -0.6498069 -0.9498307
v -9.63979 -0.6498069 -0.3093543
v -9.125389 -0.6498069 -0.3093543
v -9.125389 -0.6498069 -0.9498307
v -9.125389 -0.6498069 -0.3093543
v -9.125389 2.350193 -0.3093543
v -9.125389 2.350193 -0.9498307
v -9.125389 -0.6498069 -0.9498307
v -9.63979 -0.6498069 -0.9498307
v -9.63979 2.350193 -0.9498307
v -9.63979 2.350193 -0.3093543
v -9.63979 -0.6498069 -0.3093543

vn 0 0 1
vn 0 0 1
vn 0 0 1
vn 0 0 1
vn 0 1 0
vn 0 1 0
vn 0 0 -1
vn 0 0 -1
vn 0 1 0
vn 0 1 0
vn 0 0 -1
vn 0 0 -1
vn 0 -1 0
vn 0 -1 0
vn 0 -1 0
vn 0 -1 0
vn 1 0 0
vn 1 0 0
vn 1 0 0
vn 1 0 0
vn -1 0 0
vn -1 0 0
vn -1 0 0
vn -1 0 0

vt 0 0
vt 1 0
vt 0 1
vt 1 1
vt 0 1
vt 1 1
vt 0 1
vt 1 1
vt 0 0
vt 1 0
vt 0 0
vt 1 0
vt 0 0
vt 0 1
vt 1 1
vt 1 0
vt 0 0
vt 0 1
vt 1 1
vt 1 0
vt 0 0
vt 0 1
vt 1 1
vt 1 0

usemtl Lit
usemap Lit
f 195/195/195 193/193/193 196/196/196
f 196/196/196 193/193/193 194/194/194
f 197/197/197 201/201/201 198/198/198
f 198/198/198 201/201/201 202/202/202
f 199/199/199 203/203/203 200/200/200
f 200/200/200 203/203/203 204/204/204
f 206/206/206 205/205/205 207/207/207
f 207/207/207 205/205/205 208/208/208
f 210/210/210 209/209/209 211/211/211
f 211/211/211 209/209/209 212/212/212
f 214/214/214 213/213/213 215/215/215
f 215/215/215 213/213/213 216/216/216
mtllib ./Map2.mtl
g SmallObjs_Fence (34)_Box
v 13.54291 -0.7974344 -1.096882
v 13.54291 -0.7974344 1.896882
v 13.54291 2.202566 -1.096882
v 13.54291 2.202566 1.896882
v 13.6536 2.202566 -1.096882
v 13.6536 2.202566 1.896882
v 13.6536 -0.7974344 -1.096882
v 13.6536 -0.7974344 1.896882
v 13.54291 2.202566 -1.096882
v 13.54291 2.202566 1.896882
v 13.6536 2.202566 -1.096882
v 13.6536 2.202566 1.896882
v 13.6536 -0.7974344 -1.096882
v 13.54291 -0.7974344 -1.096882
v 13.54291 -0.7974344 1.896882
v 13.6536 -0.7974344 1.896882
v 13.54291 -0.7974344 1.896882
v 13.54291 2.202566 1.896882
v 13.6536 2.202566 1.896882
v 13.6536 -0.7974344 1.896882
v 13.6536 -0.7974344 -1.096882
v 13.6536 2.202566 -1.096882
v 13.54291 2.202566 -1.096882
v 13.54291 -0.7974344 -1.096882

vn -1 0 -1.192093E-07
vn -1 0 -1.192093E-07
vn -1 0 -1.192093E-07
vn -1 0 -1.192093E-07
vn 0 1 0
vn 0 1 0
vn 1 0 1.192093E-07
vn 1 0 1.192093E-07
vn 0 1 0
vn 0 1 0
vn 1 0 1.192093E-07
vn 1 0 1.192093E-07
vn 0 -1 0
vn 0 -1 0
vn 0 -1 0
vn 0 -1 0
vn -1.192093E-07 0 1
vn -1.192093E-07 0 1
vn -1.192093E-07 0 1
vn -1.192093E-07 0 1
vn 1.192093E-07 0 -1
vn 1.192093E-07 0 -1
vn 1.192093E-07 0 -1
vn 1.192093E-07 0 -1

vt 0 0
vt 1 0
vt 0 1
vt 1 1
vt 0 1
vt 1 1
vt 0 1
vt 1 1
vt 0 0
vt 1 0
vt 0 0
vt 1 0
vt 0 0
vt 0 1
vt 1 1
vt 1 0
vt 0 0
vt 0 1
vt 1 1
vt 1 0
vt 0 0
vt 0 1
vt 1 1
vt 1 0

usemtl Lit
usemap Lit
f 219/219/219 217/217/217 220/220/220
f 220/220/220 217/217/217 218/218/218
f 221/221/221 225/225/225 222/222/222
f 222/222/222 225/225/225 226/226/226
f 223/223/223 227/227/227 224/224/224
f 224/224/224 227/227/227 228/228/228
f 230/230/230 229/229/229 231/231/231
f 231/231/231 229/229/229 232/232/232
f 234/234/234 233/233/233 235/235/235
f 235/235/235 233/233/233 236/236/236
f 238/238/238 237/237/237 239/239/239
f 239/239/239 237/237/237 240/240/240
mtllib ./Map2.mtl
g SmallObjs_Colliders_Fence (24)_Box_Box
v 13.62391 -0.7974344 11.10312
v 13.62391 -0.7974344 14.09688
v 13.62391 2.202566 11.10312
v 13.62391 2.202566 14.09688
v 13.7346 2.202566 11.10312
v 13.7346 2.202566 14.09688
v 13.7346 -0.7974344 11.10312
v 13.7346 -0.7974344 14.09688
v 13.62391 2.202566 11.10312
v 13.62391 2.202566 14.09688
v 13.7346 2.202566 11.10312
v 13.7346 2.202566 14.09688
v 13.7346 -0.7974344 11.10312
v 13.62391 -0.7974344 11.10312
v 13.62391 -0.7974344 14.09688
v 13.7346 -0.7974344 14.09688
v 13.62391 -0.7974344 14.09688
v 13.62391 2.202566 14.09688
v 13.7346 2.202566 14.09688
v 13.7346 -0.7974344 14.09688
v 13.7346 -0.7974344 11.10312
v 13.7346 2.202566 11.10312
v 13.62391 2.202566 11.10312
v 13.62391 -0.7974344 11.10312

vn -1 0 -1.192093E-07
vn -1 0 -1.192093E-07
vn -1 0 -1.192093E-07
vn -1 0 -1.192093E-07
vn 0 1 0
vn 0 1 0
vn 1 0 1.192093E-07
vn 1 0 1.192093E-07
vn 0 1 0
vn 0 1 0
vn 1 0 1.192093E-07
vn 1 0 1.192093E-07
vn 0 -1 0
vn 0 -1 0
vn 0 -1 0
vn 0 -1 0
vn -1.192093E-07 0 1
vn -1.192093E-07 0 1
vn -1.192093E-07 0 1
vn -1.192093E-07 0 1
vn 1.192093E-07 0 -1
vn 1.192093E-07 0 -1
vn 1.192093E-07 0 -1
vn 1.192093E-07 0 -1

vt 0 0
vt 1 0
vt 0 1
vt 1 1
vt 0 1
vt 1 1
vt 0 1
vt 1 1
vt 0 0
vt 1 0
vt 0 0
vt 1 0
vt 0 0
vt 0 1
vt 1 1
vt 1 0
vt 0 0
vt 0 1
vt 1 1
vt 1 0
vt 0 0
vt 0 1
vt 1 1
vt 1 0

usemtl Lit
usemap Lit
f 243/243/243 241/241/241 244/244/244
f 244/244/244 241/241/241 242/242/242
f 245/245/245 249/249/249 246/246/246
f 246/246/246 249/249/249 250/250/250
f 247/247/247 251/251/251 248/248/248
f 248/248/248 251/251/251 252/252/252
f 254/254/254 253/253/253 255/255/255
f 255/255/255 253/253/253 256/256/256
f 258/258/258 257/257/257 259/259/259
f 259/259/259 257/257/257 260/260/260
f 262/262/262 261/261/261 263/263/263
f 263/263/263 261/261/261 264/264/264
mtllib ./Map2.mtl
g SmallObjs_Fence (28)_Box
v -13.56984 -0.7974344 -13.41661
v -13.56984 -0.7974344 -10.42284
v -13.56984 2.202566 -13.41661
v -13.56984 2.202566 -10.42284
v -13.45916 2.202566 -13.41661
v -13.45916 2.202566 -10.42284
v -13.45916 -0.7974344 -13.41661
v -13.45916 -0.7974344 -10.42284
v -13.56984 2.202566 -13.41661
v -13.56984 2.202566 -10.42284
v -13.45916 2.202566 -13.41661
v -13.45916 2.202566 -10.42284
v -13.45916 -0.7974344 -13.41661
v -13.56984 -0.7974344 -13.41661
v -13.56984 -0.7974344 -10.42284
v -13.45916 -0.7974344 -10.42284
v -13.56984 -0.7974344 -10.42284
v -13.56984 2.202566 -10.42284
v -13.45916 2.202566 -10.42284
v -13.45916 -0.7974344 -10.42284
v -13.45916 -0.7974344 -13.41661
v -13.45916 2.202566 -13.41661
v -13.56984 2.202566 -13.41661
v -13.56984 -0.7974344 -13.41661

vn -1 0 -1.192093E-07
vn -1 0 -1.192093E-07
vn -1 0 -1.192093E-07
vn -1 0 -1.192093E-07
vn 0 1 0
vn 0 1 0
vn 1 0 1.192093E-07
vn 1 0 1.192093E-07
vn 0 1 0
vn 0 1 0
vn 1 0 1.192093E-07
vn 1 0 1.192093E-07
vn 0 -1 0
vn 0 -1 0
vn 0 -1 0
vn 0 -1 0
vn -1.192093E-07 0 1
vn -1.192093E-07 0 1
vn -1.192093E-07 0 1
vn -1.192093E-07 0 1
vn 1.192093E-07 0 -1
vn 1.192093E-07 0 -1
vn 1.192093E-07 0 -1
vn 1.192093E-07 0 -1

vt 0 0
vt 1 0
vt 0 1
vt 1 1
vt 0 1
vt 1 1
vt 0 1
vt 1 1
vt 0 0
vt 1 0
vt 0 0
vt 1 0
vt 0 0
vt 0 1
vt 1 1
vt 1 0
vt 0 0
vt 0 1
vt 1 1
vt 1 0
vt 0 0
vt 0 1
vt 1 1
vt 1 0

usemtl Lit
usemap Lit
f 267/267/267 265/265/265 268/268/268
f 268/268/268 265/265/265 266/266/266
f 269/269/269 273/273/273 270/270/270
f 270/270/270 273/273/273 274/274/274
f 271/271/271 275/275/275 272/272/272
f 272/272/272 275/275/275 276/276/276
f 278/278/278 277/277/277 279/279/279
f 279/279/279 277/277/277 280/280/280
f 282/282/282 281/281/281 283/283/283
f 283/283/283 281/281/281 284/284/284
f 286/286/286 285/285/285 287/287/287
f 287/287/287 285/285/285 288/288/288
mtllib ./Map2.mtl
g SmallObjs_Fence (32)_Box
v -13.37393 -0.7974344 11.10162
v -13.37393 -0.7974344 14.09538
v -13.37393 2.202566 11.10162
v -13.37393 2.202566 14.09538
v -13.26325 2.202566 11.10162
v -13.26325 2.202566 14.09538
v -13.26325 -0.7974344 11.10162
v -13.26325 -0.7974344 14.09538
v -13.37393 2.202566 11.10162
v -13.37393 2.202566 14.09538
v -13.26325 2.202566 11.10162
v -13.26325 2.202566 14.09538
v -13.26325 -0.7974344 11.10162
v -13.37393 -0.7974344 11.10162
v -13.37393 -0.7974344 14.09538
v -13.26325 -0.7974344 14.09538
v -13.37393 -0.7974344 14.09538
v -13.37393 2.202566 14.09538
v -13.26325 2.202566 14.09538
v -13.26325 -0.7974344 14.09538
v -13.26325 -0.7974344 11.10162
v -13.26325 2.202566 11.10162
v -13.37393 2.202566 11.10162
v -13.37393 -0.7974344 11.10162

vn -1 0 -1.192093E-07
vn -1 0 -1.192093E-07
vn -1 0 -1.192093E-07
vn -1 0 -1.192093E-07
vn 0 1 0
vn 0 1 0
vn 1 0 1.192093E-07
vn 1 0 1.192093E-07
vn 0 1 0
vn 0 1 0
vn 1 0 1.192093E-07
vn 1 0 1.192093E-07
vn 0 -1 0
vn 0 -1 0
vn 0 -1 0
vn 0 -1 0
vn -1.192093E-07 0 1
vn -1.192093E-07 0 1
vn -1.192093E-07 0 1
vn -1.192093E-07 0 1
vn 1.192093E-07 0 -1
vn 1.192093E-07 0 -1
vn 1.192093E-07 0 -1
vn 1.192093E-07 0 -1

vt 0 0
vt 1 0
vt 0 1
vt 1 1
vt 0 1
vt 1 1
vt 0 1
vt 1 1
vt 0 0
vt 1 0
vt 0 0
vt 1 0
vt 0 0
vt 0 1
vt 1 1
vt 1 0
vt 0 0
vt 0 1
vt 1 1
vt 1 0
vt 0 0
vt 0 1
vt 1 1
vt 1 0

usemtl Lit
usemap Lit
f 291/291/291 289/289/289 292/292/292
f 292/292/292 289/289/289 290/290/290
f 293/293/293 297/297/297 294/294/294
f 294/294/294 297/297/297 298/298/298
f 295/295/295 299/299/299 296/296/296
f 296/296/296 299/299/299 300/300/300
f 302/302/302 301/301/301 303/303/303
f 303/303/303 301/301/301 304/304/304
f 306/306/306 305/305/305 307/307/307
f 307/307/307 305/305/305 308/308/308
f 310/310/310 309/309/309 311/311/311
f 311/311/311 309/309/309 312/312/312
mtllib ./Map2.mtl
g SmallObjs_Colliders_Fence (18)_Box_Box
v 13.47675 -0.7974344 -7.315281
v 13.47675 -0.7974344 -4.321516
v 13.47675 2.202566 -7.315281
v 13.47675 2.202566 -4.321516
v 13.58743 2.202566 -7.315281
v 13.58743 2.202566 -4.321516
v 13.58743 -0.7974344 -7.315281
v 13.58743 -0.7974344 -4.321516
v 13.47675 2.202566 -7.315281
v 13.47675 2.202566 -4.321516
v 13.58743 2.202566 -7.315281
v 13.58743 2.202566 -4.321516
v 13.58743 -0.7974344 -7.315281
v 13.47675 -0.7974344 -7.315281
v 13.47675 -0.7974344 -4.321516
v 13.58743 -0.7974344 -4.321516
v 13.47675 -0.7974344 -4.321516
v 13.47675 2.202566 -4.321516
v 13.58743 2.202566 -4.321516
v 13.58743 -0.7974344 -4.321516
v 13.58743 -0.7974344 -7.315281
v 13.58743 2.202566 -7.315281
v 13.47675 2.202566 -7.315281
v 13.47675 -0.7974344 -7.315281

vn -1 0 -1.192093E-07
vn -1 0 -1.192093E-07
vn -1 0 -1.192093E-07
vn -1 0 -1.192093E-07
vn 0 1 0
vn 0 1 0
vn 1 0 1.192093E-07
vn 1 0 1.192093E-07
vn 0 1 0
vn 0 1 0
vn 1 0 1.192093E-07
vn 1 0 1.192093E-07
vn 0 -1 0
vn 0 -1 0
vn 0 -1 0
vn 0 -1 0
vn -1.192093E-07 0 1
vn -1.192093E-07 0 1
vn -1.192093E-07 0 1
vn -1.192093E-07 0 1
vn 1.192093E-07 0 -1
vn 1.192093E-07 0 -1
vn 1.192093E-07 0 -1
vn 1.192093E-07 0 -1

vt 0 0
vt 1 0
vt 0 1
vt 1 1
vt 0 1
vt 1 1
vt 0 1
vt 1 1
vt 0 0
vt 1 0
vt 0 0
vt 1 0
vt 0 0
vt 0 1
vt 1 1
vt 1 0
vt 0 0
vt 0 1
vt 1 1
vt 1 0
vt 0 0
vt 0 1
vt 1 1
vt 1 0

usemtl Lit
usemap Lit
f 315/315/315 313/313/313 316/316/316
f 316/316/316 313/313/313 314/314/314
f 317/317/317 321/321/321 318/318/318
f 318/318/318 321/321/321 322/322/322
f 319/319/319 323/323/323 320/320/320
f 320/320/320 323/323/323 324/324/324
f 326/326/326 325/325/325 327/327/327
f 327/327/327 325/325/325 328/328/328
f 330/330/330 329/329/329 331/331/331
f 331/331/331 329/329/329 332/332/332
f 334/334/334 333/333/333 335/335/335
f 335/335/335 333/333/333 336/336/336
mtllib ./Map2.mtl
g SmallObjs_Colliders_Fence (8)_Box_Box
v 10.77212 -0.7974344 14.28609
v 13.76588 -0.7974344 14.28609
v 10.77212 2.202566 14.28609
v 13.76588 2.202566 14.28609
v 10.77212 2.202566 14.1754
v 13.76588 2.202566 14.1754
v 10.77212 -0.7974344 14.1754
v 13.76588 -0.7974344 14.1754
v 10.77212 2.202566 14.28609
v 13.76588 2.202566 14.28609
v 10.77212 2.202566 14.1754
v 13.76588 2.202566 14.1754
v 10.77212 -0.7974344 14.1754
v 10.77212 -0.7974344 14.28609
v 13.76588 -0.7974344 14.28609
v 13.76588 -0.7974344 14.1754
v 13.76588 -0.7974344 14.28609
v 13.76588 2.202566 14.28609
v 13.76588 2.202566 14.1754
v 13.76588 -0.7974344 14.1754
v 10.77212 -0.7974344 14.1754
v 10.77212 2.202566 14.1754
v 10.77212 2.202566 14.28609
v 10.77212 -0.7974344 14.28609

vn 0 0 1
vn 0 0 1
vn 0 0 1
vn 0 0 1
vn 0 1 0
vn 0 1 0
vn 0 0 -1
vn 0 0 -1
vn 0 1 0
vn 0 1 0
vn 0 0 -1
vn 0 0 -1
vn 0 -1 0
vn 0 -1 0
vn 0 -1 0
vn 0 -1 0
vn 1 0 0
vn 1 0 0
vn 1 0 0
vn 1 0 0
vn -1 0 0
vn -1 0 0
vn -1 0 0
vn -1 0 0

vt 0 0
vt 1 0
vt 0 1
vt 1 1
vt 0 1
vt 1 1
vt 0 1
vt 1 1
vt 0 0
vt 1 0
vt 0 0
vt 1 0
vt 0 0
vt 0 1
vt 1 1
vt 1 0
vt 0 0
vt 0 1
vt 1 1
vt 1 0
vt 0 0
vt 0 1
vt 1 1
vt 1 0

usemtl Lit
usemap Lit
f 339/339/339 337/337/337 340/340/340
f 340/340/340 337/337/337 338/338/338
f 341/341/341 345/345/345 342/342/342
f 342/342/342 345/345/345 346/346/346
f 343/343/343 347/347/347 344/344/344
f 344/344/344 347/347/347 348/348/348
f 350/350/350 349/349/349 351/351/351
f 351/351/351 349/349/349 352/352/352
f 354/354/354 353/353/353 355/355/355
f 355/355/355 353/353/353 356/356/356
f 358/358/358 357/357/357 359/359/359
f 359/359/359 357/357/357 360/360/360
mtllib ./Map2.mtl
g SmallObjs_Colliders_Fence (9)_Box_Box
v -4.516882 -0.7974344 -13.52391
v -1.523118 -0.7974344 -13.52391
v -4.516882 2.202566 -13.52391
v -1.523118 2.202566 -13.52391
v -4.516882 2.202566 -13.6346
v -1.523118 2.202566 -13.6346
v -4.516882 -0.7974344 -13.6346
v -1.523118 -0.7974344 -13.6346
v -4.516882 2.202566 -13.52391
v -1.523118 2.202566 -13.52391
v -4.516882 2.202566 -13.6346
v -1.523118 2.202566 -13.6346
v -4.516882 -0.7974344 -13.6346
v -4.516882 -0.7974344 -13.52391
v -1.523118 -0.7974344 -13.52391
v -1.523118 -0.7974344 -13.6346
v -1.523118 -0.7974344 -13.52391
v -1.523118 2.202566 -13.52391
v -1.523118 2.202566 -13.6346
v -1.523118 -0.7974344 -13.6346
v -4.516882 -0.7974344 -13.6346
v -4.516882 2.202566 -13.6346
v -4.516882 2.202566 -13.52391
v -4.516882 -0.7974344 -13.52391

vn 0 0 1
vn 0 0 1
vn 0 0 1
vn 0 0 1
vn 0 1 0
vn 0 1 0
vn 0 0 -1
vn 0 0 -1
vn 0 1 0
vn 0 1 0
vn 0 0 -1
vn 0 0 -1
vn 0 -1 0
vn 0 -1 0
vn 0 -1 0
vn 0 -1 0
vn 1 0 0
vn 1 0 0
vn 1 0 0
vn 1 0 0
vn -1 0 0
vn -1 0 0
vn -1 0 0
vn -1 0 0

vt 0 0
vt 1 0
vt 0 1
vt 1 1
vt 0 1
vt 1 1
vt 0 1
vt 1 1
vt 0 0
vt 1 0
vt 0 0
vt 1 0
vt 0 0
vt 0 1
vt 1 1
vt 1 0
vt 0 0
vt 0 1
vt 1 1
vt 1 0
vt 0 0
vt 0 1
vt 1 1
vt 1 0

usemtl Lit
usemap Lit
f 363/363/363 361/361/361 364/364/364
f 364/364/364 361/361/361 362/362/362
f 365/365/365 369/369/369 366/366/366
f 366/366/366 369/369/369 370/370/370
f 367/367/367 371/371/371 368/368/368
f 368/368/368 371/371/371 372/372/372
f 374/374/374 373/373/373 375/375/375
f 375/375/375 373/373/373 376/376/376
f 378/378/378 377/377/377 379/379/379
f 379/379/379 377/377/377 380/380/380
f 382/382/382 381/381/381 383/383/383
f 383/383/383 381/381/381 384/384/384
mtllib ./Map2.mtl
g SmallObjs_Colliders_Fence (27)_Box_Box
v -13.54587 -0.7974344 -10.4167
v -13.54587 -0.7974344 -7.422933
v -13.54587 2.202566 -10.4167
v -13.54587 2.202566 -7.422933
v -13.43519 2.202566 -10.4167
v -13.43519 2.202566 -7.422933
v -13.43519 -0.7974344 -10.4167
v -13.43519 -0.7974344 -7.422933
v -13.54587 2.202566 -10.4167
v -13.54587 2.202566 -7.422933
v -13.43519 2.202566 -10.4167
v -13.43519 2.202566 -7.422933
v -13.43519 -0.7974344 -10.4167
v -13.54587 -0.7974344 -10.4167
v -13.54587 -0.7974344 -7.422933
v -13.43519 -0.7974344 -7.422933
v -13.54587 -0.7974344 -7.422933
v -13.54587 2.202566 -7.422933
v -13.43519 2.202566 -7.422933
v -13.43519 -0.7974344 -7.422933
v -13.43519 -0.7974344 -10.4167
v -13.43519 2.202566 -10.4167
v -13.54587 2.202566 -10.4167
v -13.54587 -0.7974344 -10.4167

vn -1 0 -1.192093E-07
vn -1 0 -1.192093E-07
vn -1 0 -1.192093E-07
vn -1 0 -1.192093E-07
vn 0 1 0
vn 0 1 0
vn 1 0 1.192093E-07
vn 1 0 1.192093E-07
vn 0 1 0
vn 0 1 0
vn 1 0 1.192093E-07
vn 1 0 1.192093E-07
vn 0 -1 0
vn 0 -1 0
vn 0 -1 0
vn 0 -1 0
vn -1.192093E-07 0 1
vn -1.192093E-07 0 1
vn -1.192093E-07 0 1
vn -1.192093E-07 0 1
vn 1.192093E-07 0 -1
vn 1.192093E-07 0 -1
vn 1.192093E-07 0 -1
vn 1.192093E-07 0 -1

vt 0 0
vt 1 0
vt 0 1
vt 1 1
vt 0 1
vt 1 1
vt 0 1
vt 1 1
vt 0 0
vt 1 0
vt 0 0
vt 1 0
vt 0 0
vt 0 1
vt 1 1
vt 1 0
vt 0 0
vt 0 1
vt 1 1
vt 1 0
vt 0 0
vt 0 1
vt 1 1
vt 1 0

usemtl Lit
usemap Lit
f 387/387/387 385/385/385 388/388/388
f 388/388/388 385/385/385 386/386/386
f 389/389/389 393/393/393 390/390/390
f 390/390/390 393/393/393 394/394/394
f 391/391/391 395/395/395 392/392/392
f 392/392/392 395/395/395 396/396/396
f 398/398/398 397/397/397 399/399/399
f 399/399/399 397/397/397 400/400/400
f 402/402/402 401/401/401 403/403/403
f 403/403/403 401/401/401 404/404/404
f 406/406/406 405/405/405 407/407/407
f 407/407/407 405/405/405 408/408/408
mtllib ./Map2.mtl
g SmallObjs_Colliders_Fence (12)_Box_Box
v -13.74688 -0.7974344 -13.52391
v -10.75312 -0.7974344 -13.52391
v -13.74688 2.202566 -13.52391
v -10.75312 2.202566 -13.52391
v -13.74688 2.202566 -13.6346
v -10.75312 2.202566 -13.6346
v -13.74688 -0.7974344 -13.6346
v -10.75312 -0.7974344 -13.6346
v -13.74688 2.202566 -13.52391
v -10.75312 2.202566 -13.52391
v -13.74688 2.202566 -13.6346
v -10.75312 2.202566 -13.6346
v -13.74688 -0.7974344 -13.6346
v -13.74688 -0.7974344 -13.52391
v -10.75312 -0.7974344 -13.52391
v -10.75312 -0.7974344 -13.6346
v -10.75312 -0.7974344 -13.52391
v -10.75312 2.202566 -13.52391
v -10.75312 2.202566 -13.6346
v -10.75312 -0.7974344 -13.6346
v -13.74688 -0.7974344 -13.6346
v -13.74688 2.202566 -13.6346
v -13.74688 2.202566 -13.52391
v -13.74688 -0.7974344 -13.52391

vn 0 0 1
vn 0 0 1
vn 0 0 1
vn 0 0 1
vn 0 1 0
vn 0 1 0
vn 0 0 -1
vn 0 0 -1
vn 0 1 0
vn 0 1 0
vn 0 0 -1
vn 0 0 -1
vn 0 -1 0
vn 0 -1 0
vn 0 -1 0
vn 0 -1 0
vn 1 0 0
vn 1 0 0
vn 1 0 0
vn 1 0 0
vn -1 0 0
vn -1 0 0
vn -1 0 0
vn -1 0 0

vt 0 0
vt 1 0
vt 0 1
vt 1 1
vt 0 1
vt 1 1
vt 0 1
vt 1 1
vt 0 0
vt 1 0
vt 0 0
vt 1 0
vt 0 0
vt 0 1
vt 1 1
vt 1 0
vt 0 0
vt 0 1
vt 1 1
vt 1 0
vt 0 0
vt 0 1
vt 1 1
vt 1 0

usemtl Lit
usemap Lit
f 411/411/411 409/409/409 412/412/412
f 412/412/412 409/409/409 410/410/410
f 413/413/413 417/417/417 414/414/414
f 414/414/414 417/417/417 418/418/418
f 415/415/415 419/419/419 416/416/416
f 416/416/416 419/419/419 420/420/420
f 422/422/422 421/421/421 423/423/423
f 423/423/423 421/421/421 424/424/424
f 426/426/426 425/425/425 427/427/427
f 427/427/427 425/425/425 428/428/428
f 430/430/430 429/429/429 431/431/431
f 431/431/431 429/429/429 432/432/432
mtllib ./Map2.mtl
g SmallObjs_Fence (2)_Box
v -7.646882 -0.7974344 14.28609
v -4.653118 -0.7974344 14.28609
v -7.646882 2.202566 14.28609
v -4.653118 2.202566 14.28609
v -7.646882 2.202566 14.1754
v -4.653118 2.202566 14.1754
v -7.646882 -0.7974344 14.1754
v -4.653118 -0.7974344 14.1754
v -7.646882 2.202566 14.28609
v -4.653118 2.202566 14.28609
v -7.646882 2.202566 14.1754
v -4.653118 2.202566 14.1754
v -7.646882 -0.7974344 14.1754
v -7.646882 -0.7974344 14.28609
v -4.653118 -0.7974344 14.28609
v -4.653118 -0.7974344 14.1754
v -4.653118 -0.7974344 14.28609
v -4.653118 2.202566 14.28609
v -4.653118 2.202566 14.1754
v -4.653118 -0.7974344 14.1754
v -7.646882 -0.7974344 14.1754
v -7.646882 2.202566 14.1754
v -7.646882 2.202566 14.28609
v -7.646882 -0.7974344 14.28609

vn 0 0 1
vn 0 0 1
vn 0 0 1
vn 0 0 1
vn 0 1 0
vn 0 1 0
vn 0 0 -1
vn 0 0 -1
vn 0 1 0
vn 0 1 0
vn 0 0 -1
vn 0 0 -1
vn 0 -1 0
vn 0 -1 0
vn 0 -1 0
vn 0 -1 0
vn 1 0 0
vn 1 0 0
vn 1 0 0
vn 1 0 0
vn -1 0 0
vn -1 0 0
vn -1 0 0
vn -1 0 0

vt 0 0
vt 1 0
vt 0 1
vt 1 1
vt 0 1
vt 1 1
vt 0 1
vt 1 1
vt 0 0
vt 1 0
vt 0 0
vt 1 0
vt 0 0
vt 0 1
vt 1 1
vt 1 0
vt 0 0
vt 0 1
vt 1 1
vt 1 0
vt 0 0
vt 0 1
vt 1 1
vt 1 0

usemtl Lit
usemap Lit
f 435/435/435 433/433/433 436/436/436
f 436/436/436 433/433/433 434/434/434
f 437/437/437 441/441/441 438/438/438
f 438/438/438 441/441/441 442/442/442
f 439/439/439 443/443/443 440/440/440
f 440/440/440 443/443/443 444/444/444
f 446/446/446 445/445/445 447/447/447
f 447/447/447 445/445/445 448/448/448
f 450/450/450 449/449/449 451/451/451
f 451/451/451 449/449/449 452/452/452
f 454/454/454 453/453/453 455/455/455
f 455/455/455 453/453/453 456/456/456
mtllib ./Map2.mtl
g Interactions_Waypoint_Box
v -8.45 -1.5 3.61
v -6.45 -1.5 3.61
v -8.45 1.5 3.61
v -6.45 1.5 3.61
v -8.45 1.5 1.61
v -6.45 1.5 1.61
v -8.45 -1.5 1.61
v -6.45 -1.5 1.61
v -8.45 1.5 3.61
v -6.45 1.5 3.61
v -8.45 1.5 1.61
v -6.45 1.5 1.61
v -8.45 -1.5 1.61
v -8.45 -1.5 3.61
v -6.45 -1.5 3.61
v -6.45 -1.5 1.61
v -6.45 -1.5 3.61
v -6.45 1.5 3.61
v -6.45 1.5 1.61
v -6.45 -1.5 1.61
v -8.45 -1.5 1.61
v -8.45 1.5 1.61
v -8.45 1.5 3.61
v -8.45 -1.5 3.61

vn 0 0 1
vn 0 0 1
vn 0 0 1
vn 0 0 1
vn 0 1 0
vn 0 1 0
vn 0 0 -1
vn 0 0 -1
vn 0 1 0
vn 0 1 0
vn 0 0 -1
vn 0 0 -1
vn 0 -1 0
vn 0 -1 0
vn 0 -1 0
vn 0 -1 0
vn 1 0 0
vn 1 0 0
vn 1 0 0
vn 1 0 0
vn -1 0 0
vn -1 0 0
vn -1 0 0
vn -1 0 0

vt 0 0
vt 1 0
vt 0 1
vt 1 1
vt 0 1
vt 1 1
vt 0 1
vt 1 1
vt 0 0
vt 1 0
vt 0 0
vt 1 0
vt 0 0
vt 0 1
vt 1 1
vt 1 0
vt 0 0
vt 0 1
vt 1 1
vt 1 0
vt 0 0
vt 0 1
vt 1 1
vt 1 0

usemtl Lit
usemap Lit
f 459/459/459 457/457/457 460/460/460
f 460/460/460 457/457/457 458/458/458
f 461/461/461 465/465/465 462/462/462
f 462/462/462 465/465/465 466/466/466
f 463/463/463 467/467/467 464/464/464
f 464/464/464 467/467/467 468/468/468
f 470/470/470 469/469/469 471/471/471
f 471/471/471 469/469/469 472/472/472
f 474/474/474 473/473/473 475/475/475
f 475/475/475 473/473/473 476/476/476
f 478/478/478 477/477/477 479/479/479
f 479/479/479 477/477/477 480/480/480
mtllib ./Map2.mtl
g SmallObjs_Colliders_Fence (10)_Box_Box
v -7.646882 -0.7974344 -13.52391
v -4.653118 -0.7974344 -13.52391
v -7.646882 2.202566 -13.52391
v -4.653118 2.202566 -13.52391
v -7.646882 2.202566 -13.6346
v -4.653118 2.202566 -13.6346
v -7.646882 -0.7974344 -13.6346
v -4.653118 -0.7974344 -13.6346
v -7.646882 2.202566 -13.52391
v -4.653118 2.202566 -13.52391
v -7.646882 2.202566 -13.6346
v -4.653118 2.202566 -13.6346
v -7.646882 -0.7974344 -13.6346
v -7.646882 -0.7974344 -13.52391
v -4.653118 -0.7974344 -13.52391
v -4.653118 -0.7974344 -13.6346
v -4.653118 -0.7974344 -13.52391
v -4.653118 2.202566 -13.52391
v -4.653118 2.202566 -13.6346
v -4.653118 -0.7974344 -13.6346
v -7.646882 -0.7974344 -13.6346
v -7.646882 2.202566 -13.6346
v -7.646882 2.202566 -13.52391
v -7.646882 -0.7974344 -13.52391

vn 0 0 1
vn 0 0 1
vn 0 0 1
vn 0 0 1
vn 0 1 0
vn 0 1 0
vn 0 0 -1
vn 0 0 -1
vn 0 1 0
vn 0 1 0
vn 0 0 -1
vn 0 0 -1
vn 0 -1 0
vn 0 -1 0
vn 0 -1 0
vn 0 -1 0
vn 1 0 0
vn 1 0 0
vn 1 0 0
vn 1 0 0
vn -1 0 0
vn -1 0 0
vn -1 0 0
vn -1 0 0

vt 0 0
vt 1 0
vt 0 1
vt 1 1
vt 0 1
vt 1 1
vt 0 1
vt 1 1
vt 0 0
vt 1 0
vt 0 0
vt 1 0
vt 0 0
vt 0 1
vt 1 1
vt 1 0
vt 0 0
vt 0 1
vt 1 1
vt 1 0
vt 0 0
vt 0 1
vt 1 1
vt 1 0

usemtl Lit
usemap Lit
f 483/483/483 481/481/481 484/484/484
f 484/484/484 481/481/481 482/482/482
f 485/485/485 489/489/489 486/486/486
f 486/486/486 489/489/489 490/490/490
f 487/487/487 491/491/491 488/488/488
f 488/488/488 491/491/491 492/492/492
f 494/494/494 493/493/493 495/495/495
f 495/495/495 493/493/493 496/496/496
f 498/498/498 497/497/497 499/499/499
f 499/499/499 497/497/497 500/500/500
f 502/502/502 501/501/501 503/503/503
f 503/503/503 501/501/501 504/504/504
mtllib ./Map2.mtl
g SmallObjs_Colliders_Fence (29)_Box_Box
v -13.44734 -0.7974344 1.912925
v -13.44734 -0.7974344 4.90669
v -13.44734 2.202566 1.912925
v -13.44734 2.202566 4.90669
v -13.33666 2.202566 1.912925
v -13.33666 2.202566 4.90669
v -13.33666 -0.7974344 1.912925
v -13.33666 -0.7974344 4.90669
v -13.44734 2.202566 1.912925
v -13.44734 2.202566 4.90669
v -13.33666 2.202566 1.912925
v -13.33666 2.202566 4.90669
v -13.33666 -0.7974344 1.912925
v -13.44734 -0.7974344 1.912925
v -13.44734 -0.7974344 4.90669
v -13.33666 -0.7974344 4.90669
v -13.44734 -0.7974344 4.90669
v -13.44734 2.202566 4.90669
v -13.33666 2.202566 4.90669
v -13.33666 -0.7974344 4.90669
v -13.33666 -0.7974344 1.912925
v -13.33666 2.202566 1.912925
v -13.44734 2.202566 1.912925
v -13.44734 -0.7974344 1.912925

vn -1 0 -1.192093E-07
vn -1 0 -1.192093E-07
vn -1 0 -1.192093E-07
vn -1 0 -1.192093E-07
vn 0 1 0
vn 0 1 0
vn 1 0 1.192093E-07
vn 1 0 1.192093E-07
vn 0 1 0
vn 0 1 0
vn 1 0 1.192093E-07
vn 1 0 1.192093E-07
vn 0 -1 0
vn 0 -1 0
vn 0 -1 0
vn 0 -1 0
vn -1.192093E-07 0 1
vn -1.192093E-07 0 1
vn -1.192093E-07 0 1
vn -1.192093E-07 0 1
vn 1.192093E-07 0 -1
vn 1.192093E-07 0 -1
vn 1.192093E-07 0 -1
vn 1.192093E-07 0 -1

vt 0 0
vt 1 0
vt 0 1
vt 1 1
vt 0 1
vt 1 1
vt 0 1
vt 1 1
vt 0 0
vt 1 0
vt 0 0
vt 1 0
vt 0 0
vt 0 1
vt 1 1
vt 1 0
vt 0 0
vt 0 1
vt 1 1
vt 1 0
vt 0 0
vt 0 1
vt 1 1
vt 1 0

usemtl Lit
usemap Lit
f 507/507/507 505/505/505 508/508/508
f 508/508/508 505/505/505 506/506/506
f 509/509/509 513/513/513 510/510/510
f 510/510/510 513/513/513 514/514/514
f 511/511/511 515/515/515 512/512/512
f 512/512/512 515/515/515 516/516/516
f 518/518/518 517/517/517 519/519/519
f 519/519/519 517/517/517 520/520/520
f 522/522/522 521/521/521 523/523/523
f 523/523/523 521/521/521 524/524/524
f 526/526/526 525/525/525 527/527/527
f 527/527/527 525/525/525 528/528/528
mtllib ./Map2.mtl
g SmallObjs_Fence (20)_Box
v 13.428 -0.7974344 -13.41511
v 13.428 -0.7974344 -10.42134
v 13.428 2.202566 -13.41511
v 13.428 2.202566 -10.42134
v 13.53869 2.202566 -13.41511
v 13.53869 2.202566 -10.42134
v 13.53869 -0.7974344 -13.41511
v 13.53869 -0.7974344 -10.42134
v 13.428 2.202566 -13.41511
v 13.428 2.202566 -10.42134
v 13.53869 2.202566 -13.41511
v 13.53869 2.202566 -10.42134
v 13.53869 -0.7974344 -13.41511
v 13.428 -0.7974344 -13.41511
v 13.428 -0.7974344 -10.42134
v 13.53869 -0.7974344 -10.42134
v 13.428 -0.7974344 -10.42134
v 13.428 2.202566 -10.42134
v 13.53869 2.202566 -10.42134
v 13.53869 -0.7974344 -10.42134
v 13.53869 -0.7974344 -13.41511
v 13.53869 2.202566 -13.41511
v 13.428 2.202566 -13.41511
v 13.428 -0.7974344 -13.41511

vn -1 0 -1.192093E-07
vn -1 0 -1.192093E-07
vn -1 0 -1.192093E-07
vn -1 0 -1.192093E-07
vn 0 1 0
vn 0 1 0
vn 1 0 1.192093E-07
vn 1 0 1.192093E-07
vn 0 1 0
vn 0 1 0
vn 1 0 1.192093E-07
vn 1 0 1.192093E-07
vn 0 -1 0
vn 0 -1 0
vn 0 -1 0
vn 0 -1 0
vn -1.192093E-07 0 1
vn -1.192093E-07 0 1
vn -1.192093E-07 0 1
vn -1.192093E-07 0 1
vn 1.192093E-07 0 -1
vn 1.192093E-07 0 -1
vn 1.192093E-07 0 -1
vn 1.192093E-07 0 -1

vt 0 0
vt 1 0
vt 0 1
vt 1 1
vt 0 1
vt 1 1
vt 0 1
vt 1 1
vt 0 0
vt 1 0
vt 0 0
vt 1 0
vt 0 0
vt 0 1
vt 1 1
vt 1 0
vt 0 0
vt 0 1
vt 1 1
vt 1 0
vt 0 0
vt 0 1
vt 1 1
vt 1 0

usemtl Lit
usemap Lit
f 531/531/531 529/529/529 532/532/532
f 532/532/532 529/529/529 530/530/530
f 533/533/533 537/537/537 534/534/534
f 534/534/534 537/537/537 538/538/538
f 535/535/535 539/539/539 536/536/536
f 536/536/536 539/539/539 540/540/540
f 542/542/542 541/541/541 543/543/543
f 543/543/543 541/541/541 544/544/544
f 546/546/546 545/545/545 547/547/547
f 547/547/547 545/545/545 548/548/548
f 550/550/550 549/549/549 551/551/551
f 551/551/551 549/549/549 552/552/552
mtllib ./Map2.mtl
g SmallObjs_Fence (19)_Box
v 13.45197 -0.7974344 -10.4152
v 13.45197 -0.7974344 -7.421431
v 13.45197 2.202566 -10.4152
v 13.45197 2.202566 -7.421431
v 13.56266 2.202566 -10.4152
v 13.56266 2.202566 -7.421431
v 13.56266 -0.7974344 -10.4152
v 13.56266 -0.7974344 -7.421431
v 13.45197 2.202566 -10.4152
v 13.45197 2.202566 -7.421431
v 13.56266 2.202566 -10.4152
v 13.56266 2.202566 -7.421431
v 13.56266 -0.7974344 -10.4152
v 13.45197 -0.7974344 -10.4152
v 13.45197 -0.7974344 -7.421431
v 13.56266 -0.7974344 -7.421431
v 13.45197 -0.7974344 -7.421431
v 13.45197 2.202566 -7.421431
v 13.56266 2.202566 -7.421431
v 13.56266 -0.7974344 -7.421431
v 13.56266 -0.7974344 -10.4152
v 13.56266 2.202566 -10.4152
v 13.45197 2.202566 -10.4152
v 13.45197 -0.7974344 -10.4152

vn -1 0 -1.192093E-07
vn -1 0 -1.192093E-07
vn -1 0 -1.192093E-07
vn -1 0 -1.192093E-07
vn 0 1 0
vn 0 1 0
vn 1 0 1.192093E-07
vn 1 0 1.192093E-07
vn 0 1 0
vn 0 1 0
vn 1 0 1.192093E-07
vn 1 0 1.192093E-07
vn 0 -1 0
vn 0 -1 0
vn 0 -1 0
vn 0 -1 0
vn -1.192093E-07 0 1
vn -1.192093E-07 0 1
vn -1.192093E-07 0 1
vn -1.192093E-07 0 1
vn 1.192093E-07 0 -1
vn 1.192093E-07 0 -1
vn 1.192093E-07 0 -1
vn 1.192093E-07 0 -1

vt 0 0
vt 1 0
vt 0 1
vt 1 1
vt 0 1
vt 1 1
vt 0 1
vt 1 1
vt 0 0
vt 1 0
vt 0 0
vt 1 0
vt 0 0
vt 0 1
vt 1 1
vt 1 0
vt 0 0
vt 0 1
vt 1 1
vt 1 0
vt 0 0
vt 0 1
vt 1 1
vt 1 0

usemtl Lit
usemap Lit
f 555/555/555 553/553/553 556/556/556
f 556/556/556 553/553/553 554/554/554
f 557/557/557 561/561/561 558/558/558
f 558/558/558 561/561/561 562/562/562
f 559/559/559 563/563/563 560/560/560
f 560/560/560 563/563/563 564/564/564
f 566/566/566 565/565/565 567/567/567
f 567/567/567 565/565/565 568/568/568
f 570/570/570 569/569/569 571/571/571
f 571/571/571 569/569/569 572/572/572
f 574/574/574 573/573/573 575/575/575
f 575/575/575 573/573/573 576/576/576
mtllib ./Map2.mtl
g SmallObjs_Fence (24)_Box
v 13.62391 -0.7974344 11.10312
v 13.62391 -0.7974344 14.09688
v 13.62391 2.202566 11.10312
v 13.62391 2.202566 14.09688
v 13.7346 2.202566 11.10312
v 13.7346 2.202566 14.09688
v 13.7346 -0.7974344 11.10312
v 13.7346 -0.7974344 14.09688
v 13.62391 2.202566 11.10312
v 13.62391 2.202566 14.09688
v 13.7346 2.202566 11.10312
v 13.7346 2.202566 14.09688
v 13.7346 -0.7974344 11.10312
v 13.62391 -0.7974344 11.10312
v 13.62391 -0.7974344 14.09688
v 13.7346 -0.7974344 14.09688
v 13.62391 -0.7974344 14.09688
v 13.62391 2.202566 14.09688
v 13.7346 2.202566 14.09688
v 13.7346 -0.7974344 14.09688
v 13.7346 -0.7974344 11.10312
v 13.7346 2.202566 11.10312
v 13.62391 2.202566 11.10312
v 13.62391 -0.7974344 11.10312

vn -1 0 -1.192093E-07
vn -1 0 -1.192093E-07
vn -1 0 -1.192093E-07
vn -1 0 -1.192093E-07
vn 0 1 0
vn 0 1 0
vn 1 0 1.192093E-07
vn 1 0 1.192093E-07
vn 0 1 0
vn 0 1 0
vn 1 0 1.192093E-07
vn 1 0 1.192093E-07
vn 0 -1 0
vn 0 -1 0
vn 0 -1 0
vn 0 -1 0
vn -1.192093E-07 0 1
vn -1.192093E-07 0 1
vn -1.192093E-07 0 1
vn -1.192093E-07 0 1
vn 1.192093E-07 0 -1
vn 1.192093E-07 0 -1
vn 1.192093E-07 0 -1
vn 1.192093E-07 0 -1

vt 0 0
vt 1 0
vt 0 1
vt 1 1
vt 0 1
vt 1 1
vt 0 1
vt 1 1
vt 0 0
vt 1 0
vt 0 0
vt 1 0
vt 0 0
vt 0 1
vt 1 1
vt 1 0
vt 0 0
vt 0 1
vt 1 1
vt 1 0
vt 0 0
vt 0 1
vt 1 1
vt 1 0

usemtl Lit
usemap Lit
f 579/579/579 577/577/577 580/580/580
f 580/580/580 577/577/577 578/578/578
f 581/581/581 585/585/585 582/582/582
f 582/582/582 585/585/585 586/586/586
f 583/583/583 587/587/587 584/584/584
f 584/584/584 587/587/587 588/588/588
f 590/590/590 589/589/589 591/591/591
f 591/591/591 589/589/589 592/592/592
f 594/594/594 593/593/593 595/595/595
f 595/595/595 593/593/593 596/596/596
f 598/598/598 597/597/597 599/599/599
f 599/599/599 597/597/597 600/600/600
mtllib ./Map2.mtl
g SmallObjs_Fence (23)_Box
v 13.59972 -0.7974344 8.074215
v 13.59972 -0.7974344 11.06798
v 13.59972 2.202566 8.074215
v 13.59972 2.202566 11.06798
v 13.7104 2.202566 8.074215
v 13.7104 2.202566 11.06798
v 13.7104 -0.7974344 8.074215
v 13.7104 -0.7974344 11.06798
v 13.59972 2.202566 8.074215
v 13.59972 2.202566 11.06798
v 13.7104 2.202566 8.074215
v 13.7104 2.202566 11.06798
v 13.7104 -0.7974344 8.074215
v 13.59972 -0.7974344 8.074215
v 13.59972 -0.7974344 11.06798
v 13.7104 -0.7974344 11.06798
v 13.59972 -0.7974344 11.06798
v 13.59972 2.202566 11.06798
v 13.7104 2.202566 11.06798
v 13.7104 -0.7974344 11.06798
v 13.7104 -0.7974344 8.074215
v 13.7104 2.202566 8.074215
v 13.59972 2.202566 8.074215
v 13.59972 -0.7974344 8.074215

vn -1 0 -1.192093E-07
vn -1 0 -1.192093E-07
vn -1 0 -1.192093E-07
vn -1 0 -1.192093E-07
vn 0 1 0
vn 0 1 0
vn 1 0 1.192093E-07
vn 1 0 1.192093E-07
vn 0 1 0
vn 0 1 0
vn 1 0 1.192093E-07
vn 1 0 1.192093E-07
vn 0 -1 0
vn 0 -1 0
vn 0 -1 0
vn 0 -1 0
vn -1.192093E-07 0 1
vn -1.192093E-07 0 1
vn -1.192093E-07 0 1
vn -1.192093E-07 0 1
vn 1.192093E-07 0 -1
vn 1.192093E-07 0 -1
vn 1.192093E-07 0 -1
vn 1.192093E-07 0 -1

vt 0 0
vt 1 0
vt 0 1
vt 1 1
vt 0 1
vt 1 1
vt 0 1
vt 1 1
vt 0 0
vt 1 0
vt 0 0
vt 1 0
vt 0 0
vt 0 1
vt 1 1
vt 1 0
vt 0 0
vt 0 1
vt 1 1
vt 1 0
vt 0 0
vt 0 1
vt 1 1
vt 1 0

usemtl Lit
usemap Lit
f 603/603/603 601/601/601 604/604/604
f 604/604/604 601/601/601 602/602/602
f 605/605/605 609/609/609 606/606/606
f 606/606/606 609/609/609 610/610/610
f 607/607/607 611/611/611 608/608/608
f 608/608/608 611/611/611 612/612/612
f 614/614/614 613/613/613 615/615/615
f 615/615/615 613/613/613 616/616/616
f 618/618/618 617/617/617 619/619/619
f 619/619/619 617/617/617 620/620/620
f 622/622/622 621/621/621 623/623/623
f 623/623/623 621/621/621 624/624/624
mtllib ./Map2.mtl
g SmallObjs_Fence (10)_Box
v -7.646882 -0.7974344 -13.52391
v -4.653118 -0.7974344 -13.52391
v -7.646882 2.202566 -13.52391
v -4.653118 2.202566 -13.52391
v -7.646882 2.202566 -13.6346
v -4.653118 2.202566 -13.6346
v -7.646882 -0.7974344 -13.6346
v -4.653118 -0.7974344 -13.6346
v -7.646882 2.202566 -13.52391
v -4.653118 2.202566 -13.52391
v -7.646882 2.202566 -13.6346
v -4.653118 2.202566 -13.6346
v -7.646882 -0.7974344 -13.6346
v -7.646882 -0.7974344 -13.52391
v -4.653118 -0.7974344 -13.52391
v -4.653118 -0.7974344 -13.6346
v -4.653118 -0.7974344 -13.52391
v -4.653118 2.202566 -13.52391
v -4.653118 2.202566 -13.6346
v -4.653118 -0.7974344 -13.6346
v -7.646882 -0.7974344 -13.6346
v -7.646882 2.202566 -13.6346
v -7.646882 2.202566 -13.52391
v -7.646882 -0.7974344 -13.52391

vn 0 0 1
vn 0 0 1
vn 0 0 1
vn 0 0 1
vn 0 1 0
vn 0 1 0
vn 0 0 -1
vn 0 0 -1
vn 0 1 0
vn 0 1 0
vn 0 0 -1
vn 0 0 -1
vn 0 -1 0
vn 0 -1 0
vn 0 -1 0
vn 0 -1 0
vn 1 0 0
vn 1 0 0
vn 1 0 0
vn 1 0 0
vn -1 0 0
vn -1 0 0
vn -1 0 0
vn -1 0 0

vt 0 0
vt 1 0
vt 0 1
vt 1 1
vt 0 1
vt 1 1
vt 0 1
vt 1 1
vt 0 0
vt 1 0
vt 0 0
vt 1 0
vt 0 0
vt 0 1
vt 1 1
vt 1 0
vt 0 0
vt 0 1
vt 1 1
vt 1 0
vt 0 0
vt 0 1
vt 1 1
vt 1 0

usemtl Lit
usemap Lit
f 627/627/627 625/625/625 628/628/628
f 628/628/628 625/625/625 626/626/626
f 629/629/629 633/633/633 630/630/630
f 630/630/630 633/633/633 634/634/634
f 631/631/631 635/635/635 632/632/632
f 632/632/632 635/635/635 636/636/636
f 638/638/638 637/637/637 639/639/639
f 639/639/639 637/637/637 640/640/640
f 642/642/642 641/641/641 643/643/643
f 643/643/643 641/641/641 644/644/644
f 646/646/646 645/645/645 647/647/647
f 647/647/647 645/645/645 648/648/648
mtllib ./Map2.mtl
g Interactions_Mana Fountain_Box
v -1.32 -0.5 7.97
v 1.68 -0.5 7.97
v -1.32 2.5 7.97
v 1.68 2.5 7.97
v -1.32 2.5 4.97
v 1.68 2.5 4.97
v -1.32 -0.5 4.97
v 1.68 -0.5 4.97
v -1.32 2.5 7.97
v 1.68 2.5 7.97
v -1.32 2.5 4.97
v 1.68 2.5 4.97
v -1.32 -0.5 4.97
v -1.32 -0.5 7.97
v 1.68 -0.5 7.97
v 1.68 -0.5 4.97
v 1.68 -0.5 7.97
v 1.68 2.5 7.97
v 1.68 2.5 4.97
v 1.68 -0.5 4.97
v -1.32 -0.5 4.97
v -1.32 2.5 4.97
v -1.32 2.5 7.97
v -1.32 -0.5 7.97

vn 0 0 1
vn 0 0 1
vn 0 0 1
vn 0 0 1
vn 0 1 0
vn 0 1 0
vn 0 0 -1
vn 0 0 -1
vn 0 1 0
vn 0 1 0
vn 0 0 -1
vn 0 0 -1
vn 0 -1 0
vn 0 -1 0
vn 0 -1 0
vn 0 -1 0
vn 1 0 0
vn 1 0 0
vn 1 0 0
vn 1 0 0
vn -1 0 0
vn -1 0 0
vn -1 0 0
vn -1 0 0

vt 0 0
vt 1 0
vt 0 1
vt 1 1
vt 0 1
vt 1 1
vt 0 1
vt 1 1
vt 0 0
vt 1 0
vt 0 0
vt 1 0
vt 0 0
vt 0 1
vt 1 1
vt 1 0
vt 0 0
vt 0 1
vt 1 1
vt 1 0
vt 0 0
vt 0 1
vt 1 1
vt 1 0

usemtl Lit
usemap Lit
f 651/651/651 649/649/649 652/652/652
f 652/652/652 649/649/649 650/650/650
f 653/653/653 657/657/657 654/654/654
f 654/654/654 657/657/657 658/658/658
f 655/655/655 659/659/659 656/656/656
f 656/656/656 659/659/659 660/660/660
f 662/662/662 661/661/661 663/663/663
f 663/663/663 661/661/661 664/664/664
f 666/666/666 665/665/665 667/667/667
f 667/667/667 665/665/665 668/668/668
f 670/670/670 669/669/669 671/671/671
f 671/671/671 669/669/669 672/672/672
mtllib ./Map2.mtl
g SmallObjs_Fence (16)_Box
v 10.77212 -0.7974344 -13.52391
v 13.76588 -0.7974344 -13.52391
v 10.77212 2.202566 -13.52391
v 13.76588 2.202566 -13.52391
v 10.77212 2.202566 -13.6346
v 13.76588 2.202566 -13.6346
v 10.77212 -0.7974344 -13.6346
v 13.76588 -0.7974344 -13.6346
v 10.77212 2.202566 -13.52391
v 13.76588 2.202566 -13.52391
v 10.77212 2.202566 -13.6346
v 13.76588 2.202566 -13.6346
v 10.77212 -0.7974344 -13.6346
v 10.77212 -0.7974344 -13.52391
v 13.76588 -0.7974344 -13.52391
v 13.76588 -0.7974344 -13.6346
v 13.76588 -0.7974344 -13.52391
v 13.76588 2.202566 -13.52391
v 13.76588 2.202566 -13.6346
v 13.76588 -0.7974344 -13.6346
v 10.77212 -0.7974344 -13.6346
v 10.77212 2.202566 -13.6346
v 10.77212 2.202566 -13.52391
v 10.77212 -0.7974344 -13.52391

vn 0 0 1
vn 0 0 1
vn 0 0 1
vn 0 0 1
vn 0 1 0
vn 0 1 0
vn 0 0 -1
vn 0 0 -1
vn 0 1 0
vn 0 1 0
vn 0 0 -1
vn 0 0 -1
vn 0 -1 0
vn 0 -1 0
vn 0 -1 0
vn 0 -1 0
vn 1 0 0
vn 1 0 0
vn 1 0 0
vn 1 0 0
vn -1 0 0
vn -1 0 0
vn -1 0 0
vn -1 0 0

vt 0 0
vt 1 0
vt 0 1
vt 1 1
vt 0 1
vt 1 1
vt 0 1
vt 1 1
vt 0 0
vt 1 0
vt 0 0
vt 1 0
vt 0 0
vt 0 1
vt 1 1
vt 1 0
vt 0 0
vt 0 1
vt 1 1
vt 1 0
vt 0 0
vt 0 1
vt 1 1
vt 1 0

usemtl Lit
usemap Lit
f 675/675/675 673/673/673 676/676/676
f 676/676/676 673/673/673 674/674/674
f 677/677/677 681/681/681 678/678/678
f 678/678/678 681/681/681 682/682/682
f 679/679/679 683/683/683 680/680/680
f 680/680/680 683/683/683 684/684/684
f 686/686/686 685/685/685 687/687/687
f 687/687/687 685/685/685 688/688/688
f 690/690/690 689/689/689 691/691/691
f 691/691/691 689/689/689 692/692/692
f 694/694/694 693/693/693 695/695/695
f 695/695/695 693/693/693 696/696/696
mtllib ./Map2.mtl
g SmallObjs_Fence (11)_Box
v -10.74688 -0.7974344 -13.52391
v -7.753118 -0.7974344 -13.52391
v -10.74688 2.202566 -13.52391
v -7.753118 2.202566 -13.52391
v -10.74688 2.202566 -13.6346
v -7.753118 2.202566 -13.6346
v -10.74688 -0.7974344 -13.6346
v -7.753118 -0.7974344 -13.6346
v -10.74688 2.202566 -13.52391
v -7.753118 2.202566 -13.52391
v -10.74688 2.202566 -13.6346
v -7.753118 2.202566 -13.6346
v -10.74688 -0.7974344 -13.6346
v -10.74688 -0.7974344 -13.52391
v -7.753118 -0.7974344 -13.52391
v -7.753118 -0.7974344 -13.6346
v -7.753118 -0.7974344 -13.52391
v -7.753118 2.202566 -13.52391
v -7.753118 2.202566 -13.6346
v -7.753118 -0.7974344 -13.6346
v -10.74688 -0.7974344 -13.6346
v -10.74688 2.202566 -13.6346
v -10.74688 2.202566 -13.52391
v -10.74688 -0.7974344 -13.52391

vn 0 0 1
vn 0 0 1
vn 0 0 1
vn 0 0 1
vn 0 1 0
vn 0 1 0
vn 0 0 -1
vn 0 0 -1
vn 0 1 0
vn 0 1 0
vn 0 0 -1
vn 0 0 -1
vn 0 -1 0
vn 0 -1 0
vn 0 -1 0
vn 0 -1 0
vn 1 0 0
vn 1 0 0
vn 1 0 0
vn 1 0 0
vn -1 0 0
vn -1 0 0
vn -1 0 0
vn -1 0 0

vt 0 0
vt 1 0
vt 0 1
vt 1 1
vt 0 1
vt 1 1
vt 0 1
vt 1 1
vt 0 0
vt 1 0
vt 0 0
vt 1 0
vt 0 0
vt 0 1
vt 1 1
vt 1 0
vt 0 0
vt 0 1
vt 1 1
vt 1 0
vt 0 0
vt 0 1
vt 1 1
vt 1 0

usemtl Lit
usemap Lit
f 699/699/699 697/697/697 700/700/700
f 700/700/700 697/697/697 698/698/698
f 701/701/701 705/705/705 702/702/702
f 702/702/702 705/705/705 706/706/706
f 703/703/703 707/707/707 704/704/704
f 704/704/704 707/707/707 708/708/708
f 710/710/710 709/709/709 711/711/711
f 711/711/711 709/709/709 712/712/712
f 714/714/714 713/713/713 715/715/715
f 715/715/715 713/713/713 716/716/716
f 718/718/718 717/717/717 719/719/719
f 719/719/719 717/717/717 720/720/720
mtllib ./Map2.mtl
g SmallObjs_Colliders_Fence_Box_Box
v -1.496882 -0.7974344 14.28609
v 1.496882 -0.7974344 14.28609
v -1.496882 2.202566 14.28609
v 1.496882 2.202566 14.28609
v -1.496882 2.202566 14.1754
v 1.496882 2.202566 14.1754
v -1.496882 -0.7974344 14.1754
v 1.496882 -0.7974344 14.1754
v -1.496882 2.202566 14.28609
v 1.496882 2.202566 14.28609
v -1.496882 2.202566 14.1754
v 1.496882 2.202566 14.1754
v -1.496882 -0.7974344 14.1754
v -1.496882 -0.7974344 14.28609
v 1.496882 -0.7974344 14.28609
v 1.496882 -0.7974344 14.1754
v 1.496882 -0.7974344 14.28609
v 1.496882 2.202566 14.28609
v 1.496882 2.202566 14.1754
v 1.496882 -0.7974344 14.1754
v -1.496882 -0.7974344 14.1754
v -1.496882 2.202566 14.1754
v -1.496882 2.202566 14.28609
v -1.496882 -0.7974344 14.28609

vn 0 0 1
vn 0 0 1
vn 0 0 1
vn 0 0 1
vn 0 1 0
vn 0 1 0
vn 0 0 -1
vn 0 0 -1
vn 0 1 0
vn 0 1 0
vn 0 0 -1
vn 0 0 -1
vn 0 -1 0
vn 0 -1 0
vn 0 -1 0
vn 0 -1 0
vn 1 0 0
vn 1 0 0
vn 1 0 0
vn 1 0 0
vn -1 0 0
vn -1 0 0
vn -1 0 0
vn -1 0 0

vt 0 0
vt 1 0
vt 0 1
vt 1 1
vt 0 1
vt 1 1
vt 0 1
vt 1 1
vt 0 0
vt 1 0
vt 0 0
vt 1 0
vt 0 0
vt 0 1
vt 1 1
vt 1 0
vt 0 0
vt 0 1
vt 1 1
vt 1 0
vt 0 0
vt 0 1
vt 1 1
vt 1 0

usemtl Lit
usemap Lit
f 723/723/723 721/721/721 724/724/724
f 724/724/724 721/721/721 722/722/722
f 725/725/725 729/729/729 726/726/726
f 726/726/726 729/729/729 730/730/730
f 727/727/727 731/731/731 728/728/728
f 728/728/728 731/731/731 732/732/732
f 734/734/734 733/733/733 735/735/735
f 735/735/735 733/733/733 736/736/736
f 738/738/738 737/737/737 739/739/739
f 739/739/739 737/737/737 740/740/740
f 742/742/742 741/741/741 743/743/743
f 743/743/743 741/741/741 744/744/744
mtllib ./Map2.mtl
g SmallObjs_Colliders_Fence (33)_Box_Box
v -13.52609 -0.7974344 -1.146883
v -13.52609 -0.7974344 1.846883
v -13.52609 2.202566 -1.146883
v -13.52609 2.202566 1.846883
v -13.4154 2.202566 -1.146883
v -13.4154 2.202566 1.846883
v -13.4154 -0.7974344 -1.146883
v -13.4154 -0.7974344 1.846883
v -13.52609 2.202566 -1.146883
v -13.52609 2.202566 1.846883
v -13.4154 2.202566 -1.146883
v -13.4154 2.202566 1.846883
v -13.4154 -0.7974344 -1.146883
v -13.52609 -0.7974344 -1.146883
v -13.52609 -0.7974344 1.846883
v -13.4154 -0.7974344 1.846883
v -13.52609 -0.7974344 1.846883
v -13.52609 2.202566 1.846883
v -13.4154 2.202566 1.846883
v -13.4154 -0.7974344 1.846883
v -13.4154 -0.7974344 -1.146883
v -13.4154 2.202566 -1.146883
v -13.52609 2.202566 -1.146883
v -13.52609 -0.7974344 -1.146883

vn -1 0 -1.192093E-07
vn -1 0 -1.192093E-07
vn -1 0 -1.192093E-07
vn -1 0 -1.192093E-07
vn 0 1 0
vn 0 1 0
vn 1 0 1.192093E-07
vn 1 0 1.192093E-07
vn 0 1 0
vn 0 1 0
vn 1 0 1.192093E-07
vn 1 0 1.192093E-07
vn 0 -1 0
vn 0 -1 0
vn 0 -1 0
vn 0 -1 0
vn -1.192093E-07 0 1
vn -1.192093E-07 0 1
vn -1.192093E-07 0 1
vn -1.192093E-07 0 1
vn 1.192093E-07 0 -1
vn 1.192093E-07 0 -1
vn 1.192093E-07 0 -1
vn 1.192093E-07 0 -1

vt 0 0
vt 1 0
vt 0 1
vt 1 1
vt 0 1
vt 1 1
vt 0 1
vt 1 1
vt 0 0
vt 1 0
vt 0 0
vt 1 0
vt 0 0
vt 0 1
vt 1 1
vt 1 0
vt 0 0
vt 0 1
vt 1 1
vt 1 0
vt 0 0
vt 0 1
vt 1 1
vt 1 0

usemtl Lit
usemap Lit
f 747/747/747 745/745/745 748/748/748
f 748/748/748 745/745/745 746/746/746
f 749/749/749 753/753/753 750/750/750
f 750/750/750 753/753/753 754/754/754
f 751/751/751 755/755/755 752/752/752
f 752/752/752 755/755/755 756/756/756
f 758/758/758 757/757/757 759/759/759
f 759/759/759 757/757/757 760/760/760
f 762/762/762 761/761/761 763/763/763
f 763/763/763 761/761/761 764/764/764
f 766/766/766 765/765/765 767/767/767
f 767/767/767 765/765/765 768/768/768
mtllib ./Map2.mtl
g SmallObjs_Fence (4)_Box
v -13.74688 -0.7974344 14.28609
v -10.75312 -0.7974344 14.28609
v -13.74688 2.202566 14.28609
v -10.75312 2.202566 14.28609
v -13.74688 2.202566 14.1754
v -10.75312 2.202566 14.1754
v -13.74688 -0.7974344 14.1754
v -10.75312 -0.7974344 14.1754
v -13.74688 2.202566 14.28609
v -10.75312 2.202566 14.28609
v -13.74688 2.202566 14.1754
v -10.75312 2.202566 14.1754
v -13.74688 -0.7974344 14.1754
v -13.74688 -0.7974344 14.28609
v -10.75312 -0.7974344 14.28609
v -10.75312 -0.7974344 14.1754
v -10.75312 -0.7974344 14.28609
v -10.75312 2.202566 14.28609
v -10.75312 2.202566 14.1754
v -10.75312 -0.7974344 14.1754
v -13.74688 -0.7974344 14.1754
v -13.74688 2.202566 14.1754
v -13.74688 2.202566 14.28609
v -13.74688 -0.7974344 14.28609

vn 0 0 1
vn 0 0 1
vn 0 0 1
vn 0 0 1
vn 0 1 0
vn 0 1 0
vn 0 0 -1
vn 0 0 -1
vn 0 1 0
vn 0 1 0
vn 0 0 -1
vn 0 0 -1
vn 0 -1 0
vn 0 -1 0
vn 0 -1 0
vn 0 -1 0
vn 1 0 0
vn 1 0 0
vn 1 0 0
vn 1 0 0
vn -1 0 0
vn -1 0 0
vn -1 0 0
vn -1 0 0

vt 0 0
vt 1 0
vt 0 1
vt 1 1
vt 0 1
vt 1 1
vt 0 1
vt 1 1
vt 0 0
vt 1 0
vt 0 0
vt 1 0
vt 0 0
vt 0 1
vt 1 1
vt 1 0
vt 0 0
vt 0 1
vt 1 1
vt 1 0
vt 0 0
vt 0 1
vt 1 1
vt 1 0

usemtl Lit
usemap Lit
f 771/771/771 769/769/769 772/772/772
f 772/772/772 769/769/769 770/770/770
f 773/773/773 777/777/777 774/774/774
f 774/774/774 777/777/777 778/778/778
f 775/775/775 779/779/779 776/776/776
f 776/776/776 779/779/779 780/780/780
f 782/782/782 781/781/781 783/783/783
f 783/783/783 781/781/781 784/784/784
f 786/786/786 785/785/785 787/787/787
f 787/787/787 785/785/785 788/788/788
f 790/790/790 789/789/789 791/791/791
f 791/791/791 789/789/789 792/792/792
mtllib ./Map2.mtl
g SmallObjs_Colliders_Fence (17)_Box_Box
v 13.50175 -0.7974344 -4.185381
v 13.50175 -0.7974344 -1.191616
v 13.50175 2.202566 -4.185381
v 13.50175 2.202566 -1.191616
v 13.61244 2.202566 -4.185381
v 13.61244 2.202566 -1.191616
v 13.61244 -0.7974344 -4.185381
v 13.61244 -0.7974344 -1.191616
v 13.50175 2.202566 -4.185381
v 13.50175 2.202566 -1.191616
v 13.61244 2.202566 -4.185381
v 13.61244 2.202566 -1.191616
v 13.61244 -0.7974344 -4.185381
v 13.50175 -0.7974344 -4.185381
v 13.50175 -0.7974344 -1.191616
v 13.61244 -0.7974344 -1.191616
v 13.50175 -0.7974344 -1.191616
v 13.50175 2.202566 -1.191616
v 13.61244 2.202566 -1.191616
v 13.61244 -0.7974344 -1.191616
v 13.61244 -0.7974344 -4.185381
v 13.61244 2.202566 -4.185381
v 13.50175 2.202566 -4.185381
v 13.50175 -0.7974344 -4.185381

vn -1 0 -1.192093E-07
vn -1 0 -1.192093E-07
vn -1 0 -1.192093E-07
vn -1 0 -1.192093E-07
vn 0 1 0
vn 0 1 0
vn 1 0 1.192093E-07
vn 1 0 1.192093E-07
vn 0 1 0
vn 0 1 0
vn 1 0 1.192093E-07
vn 1 0 1.192093E-07
vn 0 -1 0
vn 0 -1 0
vn 0 -1 0
vn 0 -1 0
vn -1.192093E-07 0 1
vn -1.192093E-07 0 1
vn -1.192093E-07 0 1
vn -1.192093E-07 0 1
vn 1.192093E-07 0 -1
vn 1.192093E-07 0 -1
vn 1.192093E-07 0 -1
vn 1.192093E-07 0 -1

vt 0 0
vt 1 0
vt 0 1
vt 1 1
vt 0 1
vt 1 1
vt 0 1
vt 1 1
vt 0 0
vt 1 0
vt 0 0
vt 1 0
vt 0 0
vt 0 1
vt 1 1
vt 1 0
vt 0 0
vt 0 1
vt 1 1
vt 1 0
vt 0 0
vt 0 1
vt 1 1
vt 1 0

usemtl Lit
usemap Lit
f 795/795/795 793/793/793 796/796/796
f 796/796/796 793/793/793 794/794/794
f 797/797/797 801/801/801 798/798/798
f 798/798/798 801/801/801 802/802/802
f 799/799/799 803/803/803 800/800/800
f 800/800/800 803/803/803 804/804/804
f 806/806/806 805/805/805 807/807/807
f 807/807/807 805/805/805 808/808/808
f 810/810/810 809/809/809 811/811/811
f 811/811/811 809/809/809 812/812/812
f 814/814/814 813/813/813 815/815/815
f 815/815/815 813/813/813 816/816/816
mtllib ./Map2.mtl
g SmallObjs_Fence (15)_Box
v 7.743118 -0.7974344 -13.52391
v 10.73688 -0.7974344 -13.52391
v 7.743118 2.202566 -13.52391
v 10.73688 2.202566 -13.52391
v 7.743118 2.202566 -13.6346
v 10.73688 2.202566 -13.6346
v 7.743118 -0.7974344 -13.6346
v 10.73688 -0.7974344 -13.6346
v 7.743118 2.202566 -13.52391
v 10.73688 2.202566 -13.52391
v 7.743118 2.202566 -13.6346
v 10.73688 2.202566 -13.6346
v 7.743118 -0.7974344 -13.6346
v 7.743118 -0.7974344 -13.52391
v 10.73688 -0.7974344 -13.52391
v 10.73688 -0.7974344 -13.6346
v 10.73688 -0.7974344 -13.52391
v 10.73688 2.202566 -13.52391
v 10.73688 2.202566 -13.6346
v 10.73688 -0.7974344 -13.6346
v 7.743118 -0.7974344 -13.6346
v 7.743118 2.202566 -13.6346
v 7.743118 2.202566 -13.52391
v 7.743118 -0.7974344 -13.52391

vn 0 0 1
vn 0 0 1
vn 0 0 1
vn 0 0 1
vn 0 1 0
vn 0 1 0
vn 0 0 -1
vn 0 0 -1
vn 0 1 0
vn 0 1 0
vn 0 0 -1
vn 0 0 -1
vn 0 -1 0
vn 0 -1 0
vn 0 -1 0
vn 0 -1 0
vn 1 0 0
vn 1 0 0
vn 1 0 0
vn 1 0 0
vn -1 0 0
vn -1 0 0
vn -1 0 0
vn -1 0 0

vt 0 0
vt 1 0
vt 0 1
vt 1 1
vt 0 1
vt 1 1
vt 0 1
vt 1 1
vt 0 0
vt 1 0
vt 0 0
vt 1 0
vt 0 0
vt 0 1
vt 1 1
vt 1 0
vt 0 0
vt 0 1
vt 1 1
vt 1 0
vt 0 0
vt 0 1
vt 1 1
vt 1 0

usemtl Lit
usemap Lit
f 819/819/819 817/817/817 820/820/820
f 820/820/820 817/817/817 818/818/818
f 821/821/821 825/825/825 822/822/822
f 822/822/822 825/825/825 826/826/826
f 823/823/823 827/827/827 824/824/824
f 824/824/824 827/827/827 828/828/828
f 830/830/830 829/829/829 831/831/831
f 831/831/831 829/829/829 832/832/832
f 834/834/834 833/833/833 835/835/835
f 835/835/835 833/833/833 836/836/836
f 838/838/838 837/837/837 839/839/839
f 839/839/839 837/837/837 840/840/840
mtllib ./Map2.mtl
g SmallObjs_Colliders_Fence (19)_Box_Box
v 13.45197 -0.7974344 -10.4152
v 13.45197 -0.7974344 -7.421431
v 13.45197 2.202566 -10.4152
v 13.45197 2.202566 -7.421431
v 13.56266 2.202566 -10.4152
v 13.56266 2.202566 -7.421431
v 13.56266 -0.7974344 -10.4152
v 13.56266 -0.7974344 -7.421431
v 13.45197 2.202566 -10.4152
v 13.45197 2.202566 -7.421431
v 13.56266 2.202566 -10.4152
v 13.56266 2.202566 -7.421431
v 13.56266 -0.7974344 -10.4152
v 13.45197 -0.7974344 -10.4152
v 13.45197 -0.7974344 -7.421431
v 13.56266 -0.7974344 -7.421431
v 13.45197 -0.7974344 -7.421431
v 13.45197 2.202566 -7.421431
v 13.56266 2.202566 -7.421431
v 13.56266 -0.7974344 -7.421431
v 13.56266 -0.7974344 -10.4152
v 13.56266 2.202566 -10.4152
v 13.45197 2.202566 -10.4152
v 13.45197 -0.7974344 -10.4152

vn -1 0 -1.192093E-07
vn -1 0 -1.192093E-07
vn -1 0 -1.192093E-07
vn -1 0 -1.192093E-07
vn 0 1 0
vn 0 1 0
vn 1 0 1.192093E-07
vn 1 0 1.192093E-07
vn 0 1 0
vn 0 1 0
vn 1 0 1.192093E-07
vn 1 0 1.192093E-07
vn 0 -1 0
vn 0 -1 0
vn 0 -1 0
vn 0 -1 0
vn -1.192093E-07 0 1
vn -1.192093E-07 0 1
vn -1.192093E-07 0 1
vn -1.192093E-07 0 1
vn 1.192093E-07 0 -1
vn 1.192093E-07 0 -1
vn 1.192093E-07 0 -1
vn 1.192093E-07 0 -1

vt 0 0
vt 1 0
vt 0 1
vt 1 1
vt 0 1
vt 1 1
vt 0 1
vt 1 1
vt 0 0
vt 1 0
vt 0 0
vt 1 0
vt 0 0
vt 0 1
vt 1 1
vt 1 0
vt 0 0
vt 0 1
vt 1 1
vt 1 0
vt 0 0
vt 0 1
vt 1 1
vt 1 0

usemtl Lit
usemap Lit
f 843/843/843 841/841/841 844/844/844
f 844/844/844 841/841/841 842/842/842
f 845/845/845 849/849/849 846/846/846
f 846/846/846 849/849/849 850/850/850
f 847/847/847 851/851/851 848/848/848
f 848/848/848 851/851/851 852/852/852
f 854/854/854 853/853/853 855/855/855
f 855/855/855 853/853/853 856/856/856
f 858/858/858 857/857/857 859/859/859
f 859/859/859 857/857/857 860/860/860
f 862/862/862 861/861/861 863/863/863
f 863/863/863 861/861/861 864/864/864
mtllib ./Map2.mtl
g SmallObjs_Colliders_Fence (20)_Box_Box
v 13.428 -0.7974344 -13.41511
v 13.428 -0.7974344 -10.42134
v 13.428 2.202566 -13.41511
v 13.428 2.202566 -10.42134
v 13.53869 2.202566 -13.41511
v 13.53869 2.202566 -10.42134
v 13.53869 -0.7974344 -13.41511
v 13.53869 -0.7974344 -10.42134
v 13.428 2.202566 -13.41511
v 13.428 2.202566 -10.42134
v 13.53869 2.202566 -13.41511
v 13.53869 2.202566 -10.42134
v 13.53869 -0.7974344 -13.41511
v 13.428 -0.7974344 -13.41511
v 13.428 -0.7974344 -10.42134
v 13.53869 -0.7974344 -10.42134
v 13.428 -0.7974344 -10.42134
v 13.428 2.202566 -10.42134
v 13.53869 2.202566 -10.42134
v 13.53869 -0.7974344 -10.42134
v 13.53869 -0.7974344 -13.41511
v 13.53869 2.202566 -13.41511
v 13.428 2.202566 -13.41511
v 13.428 -0.7974344 -13.41511

vn -1 0 -1.192093E-07
vn -1 0 -1.192093E-07
vn -1 0 -1.192093E-07
vn -1 0 -1.192093E-07
vn 0 1 0
vn 0 1 0
vn 1 0 1.192093E-07
vn 1 0 1.192093E-07
vn 0 1 0
vn 0 1 0
vn 1 0 1.192093E-07
vn 1 0 1.192093E-07
vn 0 -1 0
vn 0 -1 0
vn 0 -1 0
vn 0 -1 0
vn -1.192093E-07 0 1
vn -1.192093E-07 0 1
vn -1.192093E-07 0 1
vn -1.192093E-07 0 1
vn 1.192093E-07 0 -1
vn 1.192093E-07 0 -1
vn 1.192093E-07 0 -1
vn 1.192093E-07 0 -1

vt 0 0
vt 1 0
vt 0 1
vt 1 1
vt 0 1
vt 1 1
vt 0 1
vt 1 1
vt 0 0
vt 1 0
vt 0 0
vt 1 0
vt 0 0
vt 0 1
vt 1 1
vt 1 0
vt 0 0
vt 0 1
vt 1 1
vt 1 0
vt 0 0
vt 0 1
vt 1 1
vt 1 0

usemtl Lit
usemap Lit
f 867/867/867 865/865/865 868/868/868
f 868/868/868 865/865/865 866/866/866
f 869/869/869 873/873/873 870/870/870
f 870/870/870 873/873/873 874/874/874
f 871/871/871 875/875/875 872/872/872
f 872/872/872 875/875/875 876/876/876
f 878/878/878 877/877/877 879/879/879
f 879/879/879 877/877/877 880/880/880
f 882/882/882 881/881/881 883/883/883
f 883/883/883 881/881/881 884/884/884
f 886/886/886 885/885/885 887/887/887
f 887/887/887 885/885/885 888/888/888
mtllib ./Map2.mtl
g SmallObjs_Guard_Box
v 2.958895 -0.5 10.67581
v 2.970588 -0.5 9.67588
v 2.958895 2.5 10.67581
v 2.970588 2.5 9.67588
v 1.958964 2.5 10.66412
v 1.970657 2.5 9.664187
v 1.958964 -0.5 10.66412
v 1.970657 -0.5 9.664187
v 2.958895 2.5 10.67581
v 2.970588 2.5 9.67588
v 1.958964 2.5 10.66412
v 1.970657 2.5 9.664187
v 1.958964 -0.5 10.66412
v 2.958895 -0.5 10.67581
v 2.970588 -0.5 9.67588
v 1.970657 -0.5 9.664187
v 2.970588 -0.5 9.67588
v 2.970588 2.5 9.67588
v 1.970657 2.5 9.664187
v 1.970657 -0.5 9.664187
v 1.958964 -0.5 10.66412
v 1.958964 2.5 10.66412
v 2.958895 2.5 10.67581
v 2.958895 -0.5 10.67581

vn 0.9999316 0 0.01169324
vn 0.9999316 0 0.01169324
vn 0.9999316 0 0.01169324
vn 0.9999316 0 0.01169324
vn 0 1 0
vn 0 1 0
vn -0.9999316 0 -0.01169324
vn -0.9999316 0 -0.01169324
vn 0 1 0
vn 0 1 0
vn -0.9999316 0 -0.01169324
vn -0.9999316 0 -0.01169324
vn 0 -1 0
vn 0 -1 0
vn 0 -1 0
vn 0 -1 0
vn 0.01169324 0 -0.9999316
vn 0.01169324 0 -0.9999316
vn 0.01169324 0 -0.9999316
vn 0.01169324 0 -0.9999316
vn -0.01169324 0 0.9999316
vn -0.01169324 0 0.9999316
vn -0.01169324 0 0.9999316
vn -0.01169324 0 0.9999316

vt 0 0
vt 1 0
vt 0 1
vt 1 1
vt 0 1
vt 1 1
vt 0 1
vt 1 1
vt 0 0
vt 1 0
vt 0 0
vt 1 0
vt 0 0
vt 0 1
vt 1 1
vt 1 0
vt 0 0
vt 0 1
vt 1 1
vt 1 0
vt 0 0
vt 0 1
vt 1 1
vt 1 0

usemtl Lit
usemap Lit
f 891/891/891 889/889/889 892/892/892
f 892/892/892 889/889/889 890/890/890
f 893/893/893 897/897/897 894/894/894
f 894/894/894 897/897/897 898/898/898
f 895/895/895 899/899/899 896/896/896
f 896/896/896 899/899/899 900/900/900
f 902/902/902 901/901/901 903/903/903
f 903/903/903 901/901/901 904/904/904
f 906/906/906 905/905/905 907/907/907
f 907/907/907 905/905/905 908/908/908
f 910/910/910 909/909/909 911/911/911
f 911/911/911 909/909/909 912/912/912
mtllib ./Map2.mtl
g SmallObjs_Colliders_Fence (14)_Box_Box
v 4.653118 -0.7974344 -13.52391
v 7.646882 -0.7974344 -13.52391
v 4.653118 2.202566 -13.52391
v 7.646882 2.202566 -13.52391
v 4.653118 2.202566 -13.6346
v 7.646882 2.202566 -13.6346
v 4.653118 -0.7974344 -13.6346
v 7.646882 -0.7974344 -13.6346
v 4.653118 2.202566 -13.52391
v 7.646882 2.202566 -13.52391
v 4.653118 2.202566 -13.6346
v 7.646882 2.202566 -13.6346
v 4.653118 -0.7974344 -13.6346
v 4.653118 -0.7974344 -13.52391
v 7.646882 -0.7974344 -13.52391
v 7.646882 -0.7974344 -13.6346
v 7.646882 -0.7974344 -13.52391
v 7.646882 2.202566 -13.52391
v 7.646882 2.202566 -13.6346
v 7.646882 -0.7974344 -13.6346
v 4.653118 -0.7974344 -13.6346
v 4.653118 2.202566 -13.6346
v 4.653118 2.202566 -13.52391
v 4.653118 -0.7974344 -13.52391

vn 0 0 1
vn 0 0 1
vn 0 0 1
vn 0 0 1
vn 0 1 0
vn 0 1 0
vn 0 0 -1
vn 0 0 -1
vn 0 1 0
vn 0 1 0
vn 0 0 -1
vn 0 0 -1
vn 0 -1 0
vn 0 -1 0
vn 0 -1 0
vn 0 -1 0
vn 1 0 0
vn 1 0 0
vn 1 0 0
vn 1 0 0
vn -1 0 0
vn -1 0 0
vn -1 0 0
vn -1 0 0

vt 0 0
vt 1 0
vt 0 1
vt 1 1
vt 0 1
vt 1 1
vt 0 1
vt 1 1
vt 0 0
vt 1 0
vt 0 0
vt 1 0
vt 0 0
vt 0 1
vt 1 1
vt 1 0
vt 0 0
vt 0 1
vt 1 1
vt 1 0
vt 0 0
vt 0 1
vt 1 1
vt 1 0

usemtl Lit
usemap Lit
f 915/915/915 913/913/913 916/916/916
f 916/916/916 913/913/913 914/914/914
f 917/917/917 921/921/921 918/918/918
f 918/918/918 921/921/921 922/922/922
f 919/919/919 923/923/923 920/920/920
f 920/920/920 923/923/923 924/924/924
f 926/926/926 925/925/925 927/927/927
f 927/927/927 925/925/925 928/928/928
f 930/930/930 929/929/929 931/931/931
f 931/931/931 929/929/929 932/932/932
f 934/934/934 933/933/933 935/935/935
f 935/935/935 933/933/933 936/936/936
mtllib ./Map2.mtl
g SmallObjs_Colliders_Fence (15)_Box_Box
v 7.743118 -0.7974344 -13.52391
v 10.73688 -0.7974344 -13.52391
v 7.743118 2.202566 -13.52391
v 10.73688 2.202566 -13.52391
v 7.743118 2.202566 -13.6346
v 10.73688 2.202566 -13.6346
v 7.743118 -0.7974344 -13.6346
v 10.73688 -0.7974344 -13.6346
v 7.743118 2.202566 -13.52391
v 10.73688 2.202566 -13.52391
v 7.743118 2.202566 -13.6346
v 10.73688 2.202566 -13.6346
v 7.743118 -0.7974344 -13.6346
v 7.743118 -0.7974344 -13.52391
v 10.73688 -0.7974344 -13.52391
v 10.73688 -0.7974344 -13.6346
v 10.73688 -0.7974344 -13.52391
v 10.73688 2.202566 -13.52391
v 10.73688 2.202566 -13.6346
v 10.73688 -0.7974344 -13.6346
v 7.743118 -0.7974344 -13.6346
v 7.743118 2.202566 -13.6346
v 7.743118 2.202566 -13.52391
v 7.743118 -0.7974344 -13.52391

vn 0 0 1
vn 0 0 1
vn 0 0 1
vn 0 0 1
vn 0 1 0
vn 0 1 0
vn 0 0 -1
vn 0 0 -1
vn 0 1 0
vn 0 1 0
vn 0 0 -1
vn 0 0 -1
vn 0 -1 0
vn 0 -1 0
vn 0 -1 0
vn 0 -1 0
vn 1 0 0
vn 1 0 0
vn 1 0 0
vn 1 0 0
vn -1 0 0
vn -1 0 0
vn -1 0 0
vn -1 0 0

vt 0 0
vt 1 0
vt 0 1
vt 1 1
vt 0 1
vt 1 1
vt 0 1
vt 1 1
vt 0 0
vt 1 0
vt 0 0
vt 1 0
vt 0 0
vt 0 1
vt 1 1
vt 1 0
vt 0 0
vt 0 1
vt 1 1
vt 1 0
vt 0 0
vt 0 1
vt 1 1
vt 1 0

usemtl Lit
usemap Lit
f 939/939/939 937/937/937 940/940/940
f 940/940/940 937/937/937 938/938/938
f 941/941/941 945/945/945 942/942/942
f 942/942/942 945/945/945 946/946/946
f 943/943/943 947/947/947 944/944/944
f 944/944/944 947/947/947 948/948/948
f 950/950/950 949/949/949 951/951/951
f 951/951/951 949/949/949 952/952/952
f 954/954/954 953/953/953 955/955/955
f 955/955/955 953/953/953 956/956/956
f 958/958/958 957/957/957 959/959/959
f 959/959/959 957/957/957 960/960/960
mtllib ./Map2.mtl
g Plane
v -15 -1.110223E-16 15
v -12 -1.110223E-16 15
v -9 -1.110223E-16 15
v -6 -1.110223E-16 15
v -3 -1.110223E-16 15
v 0 -1.110223E-16 15
v 3.000001 -1.110223E-16 15
v 6 -1.110223E-16 15
v 9 -1.110223E-16 15
v 12 -1.110223E-16 15
v 15 -1.110223E-16 15
v -15 -8.881784E-17 12
v -12 -8.881784E-17 12
v -9 -8.881784E-17 12
v -6 -8.881784E-17 12
v -3 -8.881784E-17 12
v 0 -8.881784E-17 12
v 3.000001 -8.881784E-17 12
v 6 -8.881784E-17 12
v 9 -8.881784E-17 12
v 12 -8.881784E-17 12
v 15 -8.881784E-17 12
v -15 -6.661338E-17 9
v -12 -6.661338E-17 9
v -9 -6.661338E-17 9
v -6 -6.661338E-17 9
v -3 -6.661338E-17 9
v 0 -6.661338E-17 9
v 3.000001 -6.661338E-17 9
v 6 -6.661338E-17 9
v 9 -6.661338E-17 9
v 12 -6.661338E-17 9
v 15 -6.661338E-17 9
v -15 -4.440892E-17 6
v -12 -4.440892E-17 6
v -9 -4.440892E-17 6
v -6 -4.440892E-17 6
v -3 -4.440892E-17 6
v 0 -4.440892E-17 6
v 3.000001 -4.440892E-17 6
v 6 -4.440892E-17 6
v 9 -4.440892E-17 6
v 12 -4.440892E-17 6
v 15 -4.440892E-17 6
v -15 -2.220446E-17 3
v -12 -2.220446E-17 3
v -9 -2.220446E-17 3
v -6 -2.220446E-17 3
v -3 -2.220446E-17 3
v 0 -2.220446E-17 3
v 3.000001 -2.220446E-17 3
v 6 -2.220446E-17 3
v 9 -2.220446E-17 3
v 12 -2.220446E-17 3
v 15 -2.220446E-17 3
v -15 0 0
v -12 0 0
v -9 0 0
v -6 0 0
v -3 0 0
v 0 0 0
v 3.000001 0 0
v 6 0 0
v 9 0 0
v 12 0 0
v 15 0 0
v -15 2.220447E-17 -3.000001
v -12 2.220447E-17 -3.000001
v -9 2.220447E-17 -3.000001
v -6 2.220447E-17 -3.000001
v -3 2.220447E-17 -3.000001
v 0 2.220447E-17 -3.000001
v 3.000001 2.220447E-17 -3.000001
v 6 2.220447E-17 -3.000001
v 9 2.220447E-17 -3.000001
v 12 2.220447E-17 -3.000001
v 15 2.220447E-17 -3.000001
v -15 4.440892E-17 -6
v -12 4.440892E-17 -6
v -9 4.440892E-17 -6
v -6 4.440892E-17 -6
v -3 4.440892E-17 -6
v 0 4.440892E-17 -6
v 3.000001 4.440892E-17 -6
v 6 4.440892E-17 -6
v 9 4.440892E-17 -6
v 12 4.440892E-17 -6
v 15 4.440892E-17 -6
v -15 6.661338E-17 -9
v -12 6.661338E-17 -9
v -9 6.661338E-17 -9
v -6 6.661338E-17 -9
v -3 6.661338E-17 -9
v 0 6.661338E-17 -9
v 3.000001 6.661338E-17 -9
v 6 6.661338E-17 -9
v 9 6.661338E-17 -9
v 12 6.661338E-17 -9
v 15 6.661338E-17 -9
v -15 8.881785E-17 -12
v -12 8.881785E-17 -12
v -9 8.881785E-17 -12
v -6 8.881785E-17 -12
v -3 8.881785E-17 -12
v 0 8.881785E-17 -12
v 3.000001 8.881785E-17 -12
v 6 8.881785E-17 -12
v 9 8.881785E-17 -12
v 12 8.881785E-17 -12
v 15 8.881785E-17 -12
v -15 1.110223E-16 -15
v -12 1.110223E-16 -15
v -9 1.110223E-16 -15
v -6 1.110223E-16 -15
v -3 1.110223E-16 -15
v 0 1.110223E-16 -15
v 3.000001 1.110223E-16 -15
v 6 1.110223E-16 -15
v 9 1.110223E-16 -15
v 12 1.110223E-16 -15
v 15 1.110223E-16 -15

vn 0 1 0
vn 0 1 0
vn 0 1 0
vn 0 1 0
vn 0 1 0
vn 0 1 0
vn 0 1 0
vn 0 1 0
vn 0 1 0
vn 0 1 0
vn 0 1 0
vn 0 1 0
vn 0 1 0
vn 0 1 0
vn 0 1 0
vn 0 1 0
vn 0 1 0
vn 0 1 0
vn 0 1 0
vn 0 1 0
vn 0 1 0
vn 0 1 0
vn 0 1 0
vn 0 1 0
vn 0 1 0
vn 0 1 0
vn 0 1 0
vn 0 1 0
vn 0 1 0
vn 0 1 0
vn 0 1 0
vn 0 1 0
vn 0 1 0
vn 0 1 0
vn 0 1 0
vn 0 1 0
vn 0 1 0
vn 0 1 0
vn 0 1 0
vn 0 1 0
vn 0 1 0
vn 0 1 0
vn 0 1 0
vn 0 1 0
vn 0 1 0
vn 0 1 0
vn 0 1 0
vn 0 1 0
vn 0 1 0
vn 0 1 0
vn 0 1 0
vn 0 1 0
vn 0 1 0
vn 0 1 0
vn 0 1 0
vn 0 1 0
vn 0 1 0
vn 0 1 0
vn 0 1 0
vn 0 1 0
vn 0 1 0
vn 0 1 0
vn 0 1 0
vn 0 1 0
vn 0 1 0
vn 0 1 0
vn 0 1 0
vn 0 1 0
vn 0 1 0
vn 0 1 0
vn 0 1 0
vn 0 1 0
vn 0 1 0
vn 0 1 0
vn 0 1 0
vn 0 1 0
vn 0 1 0
vn 0 1 0
vn 0 1 0
vn 0 1 0
vn 0 1 0
vn 0 1 0
vn 0 1 0
vn 0 1 0
vn 0 1 0
vn 0 1 0
vn 0 1 0
vn 0 1 0
vn 0 1 0
vn 0 1 0
vn 0 1 0
vn 0 1 0
vn 0 1 0
vn 0 1 0
vn 0 1 0
vn 0 1 0
vn 0 1 0
vn 0 1 0
vn 0 1 0
vn 0 1 0
vn 0 1 0
vn 0 1 0
vn 0 1 0
vn 0 1 0
vn 0 1 0
vn 0 1 0
vn 0 1 0
vn 0 1 0
vn 0 1 0
vn 0 1 0
vn 0 1 0
vn 0 1 0
vn 0 1 0
vn 0 1 0
vn 0 1 0
vn 0 1 0
vn 0 1 0
vn 0 1 0
vn 0 1 0
vn 0 1 0
vn 0 1 0

vt 0 0
vt 0.1 0
vt 0.2 0
vt 0.3 0
vt 0.4 0
vt 0.5 0
vt 0.6 0
vt 0.7 0
vt 0.8 0
vt 0.9 0
vt 1 0
vt 0 0.1
vt 0.1 0.1
vt 0.2 0.1
vt 0.3 0.1
vt 0.4 0.1
vt 0.5 0.1
vt 0.6 0.1
vt 0.7 0.1
vt 0.8 0.1
vt 0.9 0.1
vt 1 0.1
vt 0 0.2
vt 0.1 0.2
vt 0.2 0.2
vt 0.3 0.2
vt 0.4 0.2
vt 0.5 0.2
vt 0.6 0.2
vt 0.7 0.2
vt 0.8 0.2
vt 0.9 0.2
vt 1 0.2
vt 0 0.3
vt 0.1 0.3
vt 0.2 0.3
vt 0.3 0.3
vt 0.4 0.3
vt 0.5 0.3
vt 0.6 0.3
vt 0.7 0.3
vt 0.8 0.3
vt 0.9 0.3
vt 1 0.3
vt 0 0.4
vt 0.1 0.4
vt 0.2 0.4
vt 0.3 0.4
vt 0.4 0.4
vt 0.5 0.4
vt 0.6 0.4
vt 0.7 0.4
vt 0.8 0.4
vt 0.9 0.4
vt 1 0.4
vt 0 0.5
vt 0.1 0.5
vt 0.2 0.5
vt 0.3 0.5
vt 0.4 0.5
vt 0.5 0.5
vt 0.6 0.5
vt 0.7 0.5
vt 0.8 0.5
vt 0.9 0.5
vt 1 0.5
vt 0 0.6
vt 0.1 0.6
vt 0.2 0.6
vt 0.3 0.6
vt 0.4 0.6
vt 0.5 0.6
vt 0.6 0.6
vt 0.7 0.6
vt 0.8 0.6
vt 0.9 0.6
vt 1 0.6
vt 0 0.7
vt 0.1 0.7
vt 0.2 0.7
vt 0.3 0.7
vt 0.4 0.7
vt 0.5 0.7
vt 0.6 0.7
vt 0.7 0.7
vt 0.8 0.7
vt 0.9 0.7
vt 1 0.7
vt 0 0.8
vt 0.1 0.8
vt 0.2 0.8
vt 0.3 0.8
vt 0.4 0.8
vt 0.5 0.8
vt 0.6 0.8
vt 0.7 0.8
vt 0.8 0.8
vt 0.9 0.8
vt 1 0.8
vt 0 0.9
vt 0.1 0.9
vt 0.2 0.9
vt 0.3 0.9
vt 0.4 0.9
vt 0.5 0.9
vt 0.6 0.9
vt 0.7 0.9
vt 0.8 0.9
vt 0.9 0.9
vt 1 0.9
vt 0 1
vt 0.1 1
vt 0.2 1
vt 0.3 1
vt 0.4 1
vt 0.5 1
vt 0.6 1
vt 0.7 1
vt 0.8 1
vt 0.9 1
vt 1 1

usemtl Ground
usemap Ground
f 982/982/982 970/970/970 971/971/971
f 981/981/981 970/970/970 982/982/982
f 981/981/981 969/969/969 970/970/970
f 993/993/993 981/981/981 982/982/982
f 980/980/980 969/969/969 981/981/981
f 980/980/980 968/968/968 969/969/969
f 992/992/992 981/981/981 993/993/993
f 992/992/992 980/980/980 981/981/981
f 1004/1004/1004 992/992/992 993/993/993
f 979/979/979 968/968/968 980/980/980
f 979/979/979 967/967/967 968/968/968
f 991/991/991 980/980/980 992/992/992
f 991/991/991 979/979/979 980/980/980
f 1003/1003/1003 992/992/992 1004/1004/1004
f 1003/1003/1003 991/991/991 992/992/992
f 1015/1015/1015 1003/1003/1003 1004/1004/1004
f 978/978/978 967/967/967 979/979/979
f 978/978/978 966/966/966 967/967/967
f 990/990/990 979/979/979 991/991/991
f 990/990/990 978/978/978 979/979/979
f 1002/1002/1002 991/991/991 1003/1003/1003
f 1002/1002/1002 990/990/990 991/991/991
f 1014/1014/1014 1003/1003/1003 1015/1015/1015
f 1014/1014/1014 1002/1002/1002 1003/1003/1003
f 1026/1026/1026 1014/1014/1014 1015/1015/1015
f 977/977/977 966/966/966 978/978/978
f 977/977/977 965/965/965 966/966/966
f 989/989/989 978/978/978 990/990/990
f 989/989/989 977/977/977 978/978/978
f 1001/1001/1001 990/990/990 1002/1002/1002
f 1001/1001/1001 989/989/989 990/990/990
f 1013/1013/1013 1002/1002/1002 1014/1014/1014
f 1013/1013/1013 1001/1001/1001 1002/1002/1002
f 1025/1025/1025 1014/1014/1014 1026/1026/1026
f 1025/1025/1025 1013/1013/1013 1014/1014/1014
f 1037/1037/1037 1025/1025/1025 1026/1026/1026
f 976/976/976 965/965/965 977/977/977
f 976/976/976 964/964/964 965/965/965
f 988/988/988 977/977/977 989/989/989
f 988/988/988 976/976/976 977/977/977
f 1000/1000/1000 989/989/989 1001/1001/1001
f 1000/1000/1000 988/988/988 989/989/989
f 1012/1012/1012 1001/1001/1001 1013/1013/1013
f 1012/1012/1012 1000/1000/1000 1001/1001/1001
f 1024/1024/1024 1013/1013/1013 1025/1025/1025
f 1024/1024/1024 1012/1012/1012 1013/1013/1013
f 1036/1036/1036 1025/1025/1025 1037/1037/1037
f 1036/1036/1036 1024/1024/1024 1025/1025/1025
f 1048/1048/1048 1036/1036/1036 1037/1037/1037
f 975/975/975 964/964/964 976/976/976
f 975/975/975 963/963/963 964/964/964
f 987/987/987 976/976/976 988/988/988
f 987/987/987 975/975/975 976/976/976
f 999/999/999 988/988/988 1000/1000/1000
f 999/999/999 987/987/987 988/988/988
f 1011/1011/1011 1000/1000/1000 1012/1012/1012
f 1011/1011/1011 999/999/999 1000/1000/1000
f 1023/1023/1023 1012/1012/1012 1024/1024/1024
f 1023/1023/1023 1011/1011/1011 1012/1012/1012
f 1035/1035/1035 1024/1024/1024 1036/1036/1036
f 1035/1035/1035 1023/1023/1023 1024/1024/1024
f 1047/1047/1047 1036/1036/1036 1048/1048/1048
f 1047/1047/1047 1035/1035/1035 1036/1036/1036
f 1059/1059/1059 1047/1047/1047 1048/1048/1048
f 1058/1058/1058 1047/1047/1047 1059/1059/1059
f 1070/1070/1070 1058/1058/1058 1059/1059/1059
f 1046/1046/1046 1035/1035/1035 1047/1047/1047
f 1058/1058/1058 1046/1046/1046 1047/1047/1047
f 1034/1034/1034 1023/1023/1023 1035/1035/1035
f 1046/1046/1046 1034/1034/1034 1035/1035/1035
f 1022/1022/1022 1011/1011/1011 1023/1023/1023
f 1034/1034/1034 1022/1022/1022 1023/1023/1023
f 1010/1010/1010 999/999/999 1011/1011/1011
f 1022/1022/1022 1010/1010/1010 1011/1011/1011
f 1069/1069/1069 1058/1058/1058 1070/1070/1070
f 1081/1081/1081 1069/1069/1069 1070/1070/1070
f 1080/1080/1080 1069/1069/1069 1081/1081/1081
f 1057/1057/1057 1046/1046/1046 1058/1058/1058
f 1069/1069/1069 1057/1057/1057 1058/1058/1058
f 1080/1080/1080 1068/1068/1068 1069/1069/1069
f 1068/1068/1068 1057/1057/1057 1069/1069/1069
f 1079/1079/1079 1068/1068/1068 1080/1080/1080
f 1045/1045/1045 1034/1034/1034 1046/1046/1046
f 1057/1057/1057 1045/1045/1045 1046/1046/1046
f 1033/1033/1033 1022/1022/1022 1034/1034/1034
f 1045/1045/1045 1033/1033/1033 1034/1034/1034
f 1068/1068/1068 1056/1056/1056 1057/1057/1057
f 1056/1056/1056 1045/1045/1045 1057/1057/1057
f 1079/1079/1079 1067/1067/1067 1068/1068/1068
f 1067/1067/1067 1056/1056/1056 1068/1068/1068
f 1078/1078/1078 1067/1067/1067 1079/1079/1079
f 1056/1056/1056 1044/1044/1044 1045/1045/1045
f 1044/1044/1044 1033/1033/1033 1045/1045/1045
f 1033/1033/1033 1021/1021/1021 1022/1022/1022
f 1021/1021/1021 1010/1010/1010 1022/1022/1022
f 1067/1067/1067 1055/1055/1055 1056/1056/1056
f 1055/1055/1055 1044/1044/1044 1056/1056/1056
f 1078/1078/1078 1066/1066/1066 1067/1067/1067
f 1066/1066/1066 1055/1055/1055 1067/1067/1067
f 1077/1077/1077 1066/1066/1066 1078/1078/1078
f 1044/1044/1044 1032/1032/1032 1033/1033/1033
f 1032/1032/1032 1021/1021/1021 1033/1033/1033
f 1055/1055/1055 1043/1043/1043 1044/1044/1044
f 1043/1043/1043 1032/1032/1032 1044/1044/1044
f 1066/1066/1066 1054/1054/1054 1055/1055/1055
f 1054/1054/1054 1043/1043/1043 1055/1055/1055
f 1077/1077/1077 1065/1065/1065 1066/1066/1066
f 1065/1065/1065 1054/1054/1054 1066/1066/1066
f 1076/1076/1076 1065/1065/1065 1077/1077/1077
f 1076/1076/1076 1064/1064/1064 1065/1065/1065
f 1075/1075/1075 1064/1064/1064 1076/1076/1076
f 1065/1065/1065 1053/1053/1053 1054/1054/1054
f 1064/1064/1064 1053/1053/1053 1065/1065/1065
f 1054/1054/1054 1042/1042/1042 1043/1043/1043
f 1053/1053/1053 1042/1042/1042 1054/1054/1054
f 1043/1043/1043 1031/1031/1031 1032/1032/1032
f 1042/1042/1042 1031/1031/1031 1043/1043/1043
f 1032/1032/1032 1020/1020/1020 1021/1021/1021
f 1031/1031/1031 1020/1020/1020 1032/1032/1032
f 1075/1075/1075 1063/1063/1063 1064/1064/1064
f 1074/1074/1074 1063/1063/1063 1075/1075/1075
f 1064/1064/1064 1052/1052/1052 1053/1053/1053
f 1063/1063/1063 1052/1052/1052 1064/1064/1064
f 1053/1053/1053 1041/1041/1041 1042/1042/1042
f 1052/1052/1052 1041/1041/1041 1053/1053/1053
f 1042/1042/1042 1030/1030/1030 1031/1031/1031
f 1041/1041/1041 1030/1030/1030 1042/1042/1042
f 1074/1074/1074 1062/1062/1062 1063/1063/1063
f 1073/1073/1073 1062/1062/1062 1074/1074/1074
f 1063/1063/1063 1051/1051/1051 1052/1052/1052
f 1062/1062/1062 1051/1051/1051 1063/1063/1063
f 1052/1052/1052 1040/1040/1040 1041/1041/1041
f 1051/1051/1051 1040/1040/1040 1052/1052/1052
f 1073/1073/1073 1061/1061/1061 1062/1062/1062
f 1072/1072/1072 1061/1061/1061 1073/1073/1073
f 1062/1062/1062 1050/1050/1050 1051/1051/1051
f 1061/1061/1061 1050/1050/1050 1062/1062/1062
f 1072/1072/1072 1060/1060/1060 1061/1061/1061
f 1071/1071/1071 1060/1060/1060 1072/1072/1072
f 1060/1060/1060 1049/1049/1049 1061/1061/1061
f 1061/1061/1061 1049/1049/1049 1050/1050/1050
f 1049/1049/1049 1038/1038/1038 1050/1050/1050
f 1050/1050/1050 1039/1039/1039 1051/1051/1051
f 1050/1050/1050 1038/1038/1038 1039/1039/1039
f 1051/1051/1051 1039/1039/1039 1040/1040/1040
f 1038/1038/1038 1027/1027/1027 1039/1039/1039
f 1039/1039/1039 1027/1027/1027 1028/1028/1028
f 1039/1039/1039 1028/1028/1028 1040/1040/1040
f 1027/1027/1027 1016/1016/1016 1028/1028/1028
f 1040/1040/1040 1028/1028/1028 1029/1029/1029
f 1040/1040/1040 1029/1029/1029 1041/1041/1041
f 1041/1041/1041 1029/1029/1029 1030/1030/1030
f 1028/1028/1028 1016/1016/1016 1017/1017/1017
f 1028/1028/1028 1017/1017/1017 1029/1029/1029
f 1016/1016/1016 1005/1005/1005 1017/1017/1017
f 1029/1029/1029 1018/1018/1018 1030/1030/1030
f 1029/1029/1029 1017/1017/1017 1018/1018/1018
f 1017/1017/1017 1005/1005/1005 1006/1006/1006
f 1017/1017/1017 1006/1006/1006 1018/1018/1018
f 1005/1005/1005 994/994/994 1006/1006/1006
f 1030/1030/1030 1018/1018/1018 1019/1019/1019
f 1030/1030/1030 1019/1019/1019 1031/1031/1031
f 1031/1031/1031 1019/1019/1019 1020/1020/1020
f 1006/1006/1006 994/994/994 995/995/995
f 994/994/994 983/983/983 995/995/995
f 1018/1018/1018 1006/1006/1006 1007/1007/1007
f 1018/1018/1018 1007/1007/1007 1019/1019/1019
f 1006/1006/1006 995/995/995 1007/1007/1007
f 1019/1019/1019 1008/1008/1008 1020/1020/1020
f 1019/1019/1019 1007/1007/1007 1008/1008/1008
f 995/995/995 983/983/983 984/984/984
f 983/983/983 972/972/972 984/984/984
f 1007/1007/1007 995/995/995 996/996/996
f 1007/1007/1007 996/996/996 1008/1008/1008
f 995/995/995 984/984/984 996/996/996
f 1020/1020/1020 1008/1008/1008 1009/1009/1009
f 1020/1020/1020 1009/1009/1009 1021/1021/1021
f 1021/1021/1021 1009/1009/1009 1010/1010/1010
f 984/984/984 972/972/972 973/973/973
f 972/972/972 961/961/961 973/973/973
f 973/973/973 961/961/961 962/962/962
f 996/996/996 984/984/984 985/985/985
f 984/984/984 973/973/973 985/985/985
f 1008/1008/1008 996/996/996 997/997/997
f 1008/1008/1008 997/997/997 1009/1009/1009
f 996/996/996 985/985/985 997/997/997
f 1009/1009/1009 998/998/998 1010/1010/1010
f 1009/1009/1009 997/997/997 998/998/998
f 1010/1010/1010 998/998/998 999/999/999
f 998/998/998 987/987/987 999/999/999
f 973/973/973 962/962/962 974/974/974
f 985/985/985 973/973/973 974/974/974
f 974/974/974 962/962/962 963/963/963
f 974/974/974 963/963/963 975/975/975
f 997/997/997 985/985/985 986/986/986
f 997/997/997 986/986/986 998/998/998
f 998/998/998 986/986/986 987/987/987
f 985/985/985 974/974/974 986/986/986
f 986/986/986 974/974/974 975/975/975
f 986/986/986 975/975/975 987/987/987
mtllib ./Map2.mtl
g SmallObjs_Fence (5)_Box
v 1.583118 -0.7974344 14.28609
v 4.576882 -0.7974344 14.28609
v 1.583118 2.202566 14.28609
v 4.576882 2.202566 14.28609
v 1.583118 2.202566 14.1754
v 4.576882 2.202566 14.1754
v 1.583118 -0.7974344 14.1754
v 4.576882 -0.7974344 14.1754
v 1.583118 2.202566 14.28609
v 4.576882 2.202566 14.28609
v 1.583118 2.202566 14.1754
v 4.576882 2.202566 14.1754
v 1.583118 -0.7974344 14.1754
v 1.583118 -0.7974344 14.28609
v 4.576882 -0.7974344 14.28609
v 4.576882 -0.7974344 14.1754
v 4.576882 -0.7974344 14.28609
v 4.576882 2.202566 14.28609
v 4.576882 2.202566 14.1754
v 4.576882 -0.7974344 14.1754
v 1.583118 -0.7974344 14.1754
v 1.583118 2.202566 14.1754
v 1.583118 2.202566 14.28609
v 1.583118 -0.7974344 14.28609

vn 0 0 1
vn 0 0 1
vn 0 0 1
vn 0 0 1
vn 0 1 0
vn 0 1 0
vn 0 0 -1
vn 0 0 -1
vn 0 1 0
vn 0 1 0
vn 0 0 -1
vn 0 0 -1
vn 0 -1 0
vn 0 -1 0
vn 0 -1 0
vn 0 -1 0
vn 1 0 0
vn 1 0 0
vn 1 0 0
vn 1 0 0
vn -1 0 0
vn -1 0 0
vn -1 0 0
vn -1 0 0

vt 0 0
vt 1 0
vt 0 1
vt 1 1
vt 0 1
vt 1 1
vt 0 1
vt 1 1
vt 0 0
vt 1 0
vt 0 0
vt 1 0
vt 0 0
vt 0 1
vt 1 1
vt 1 0
vt 0 0
vt 0 1
vt 1 1
vt 1 0
vt 0 0
vt 0 1
vt 1 1
vt 1 0

usemtl Lit
usemap Lit
f 1084/1084/1084 1082/1082/1082 1085/1085/1085
f 1085/1085/1085 1082/1082/1082 1083/1083/1083
f 1086/1086/1086 1090/1090/1090 1087/1087/1087
f 1087/1087/1087 1090/1090/1090 1091/1091/1091
f 1088/1088/1088 1092/1092/1092 1089/1089/1089
f 1089/1089/1089 1092/1092/1092 1093/1093/1093
f 1095/1095/1095 1094/1094/1094 1096/1096/1096
f 1096/1096/1096 1094/1094/1094 1097/1097/1097
f 1099/1099/1099 1098/1098/1098 1100/1100/1100
f 1100/1100/1100 1098/1098/1098 1101/1101/1101
f 1103/1103/1103 1102/1102/1102 1104/1104/1104
f 1104/1104/1104 1102/1102/1102 1105/1105/1105
mtllib ./Map2.mtl
g SmallObjs_Colliders_Monk_Box_Box
v 3.89 -0.5 3.13
v 3.89 -0.5 2.13
v 3.89 2.5 3.13
v 3.89 2.5 2.13
v 2.89 2.5 3.130001
v 2.89 2.5 2.13
v 2.89 -0.5 3.130001
v 2.89 -0.5 2.13
v 3.89 2.5 3.13
v 3.89 2.5 2.13
v 2.89 2.5 3.130001
v 2.89 2.5 2.13
v 2.89 -0.5 3.130001
v 3.89 -0.5 3.13
v 3.89 -0.5 2.13
v 2.89 -0.5 2.13
v 3.89 -0.5 2.13
v 3.89 2.5 2.13
v 2.89 2.5 2.13
v 2.89 -0.5 2.13
v 2.89 -0.5 3.130001
v 2.89 2.5 3.130001
v 3.89 2.5 3.13
v 3.89 -0.5 3.13

vn 1 0 -1.192093E-07
vn 1 0 -1.192093E-07
vn 1 0 -1.192093E-07
vn 1 0 -1.192093E-07
vn 0 1 0
vn 0 1 0
vn -1 0 1.192093E-07
vn -1 0 1.192093E-07
vn 0 1 0
vn 0 1 0
vn -1 0 1.192093E-07
vn -1 0 1.192093E-07
vn 0 -1 0
vn 0 -1 0
vn 0 -1 0
vn 0 -1 0
vn -1.192093E-07 0 -1
vn -1.192093E-07 0 -1
vn -1.192093E-07 0 -1
vn -1.192093E-07 0 -1
vn 1.192093E-07 0 1
vn 1.192093E-07 0 1
vn 1.192093E-07 0 1
vn 1.192093E-07 0 1

vt 0 0
vt 1 0
vt 0 1
vt 1 1
vt 0 1
vt 1 1
vt 0 1
vt 1 1
vt 0 0
vt 1 0
vt 0 0
vt 1 0
vt 0 0
vt 0 1
vt 1 1
vt 1 0
vt 0 0
vt 0 1
vt 1 1
vt 1 0
vt 0 0
vt 0 1
vt 1 1
vt 1 0

usemtl Lit
usemap Lit
f 1108/1108/1108 1106/1106/1106 1109/1109/1109
f 1109/1109/1109 1106/1106/1106 1107/1107/1107
f 1110/1110/1110 1114/1114/1114 1111/1111/1111
f 1111/1111/1111 1114/1114/1114 1115/1115/1115
f 1112/1112/1112 1116/1116/1116 1113/1113/1113
f 1113/1113/1113 1116/1116/1116 1117/1117/1117
f 1119/1119/1119 1118/1118/1118 1120/1120/1120
f 1120/1120/1120 1118/1118/1118 1121/1121/1121
f 1123/1123/1123 1122/1122/1122 1124/1124/1124
f 1124/1124/1124 1122/1122/1122 1125/1125/1125
f 1127/1127/1127 1126/1126/1126 1128/1128/1128
f 1128/1128/1128 1126/1126/1126 1129/1129/1129
mtllib ./Map2.mtl
g SmallObjs_Fence (33)_Box
v -13.52609 -0.7974344 -1.146882
v -13.52609 -0.7974344 1.846882
v -13.52609 2.202566 -1.146882
v -13.52609 2.202566 1.846882
v -13.4154 2.202566 -1.146882
v -13.4154 2.202566 1.846882
v -13.4154 -0.7974344 -1.146882
v -13.4154 -0.7974344 1.846882
v -13.52609 2.202566 -1.146882
v -13.52609 2.202566 1.846882
v -13.4154 2.202566 -1.146882
v -13.4154 2.202566 1.846882
v -13.4154 -0.7974344 -1.146882
v -13.52609 -0.7974344 -1.146882
v -13.52609 -0.7974344 1.846882
v -13.4154 -0.7974344 1.846882
v -13.52609 -0.7974344 1.846882
v -13.52609 2.202566 1.846882
v -13.4154 2.202566 1.846882
v -13.4154 -0.7974344 1.846882
v -13.4154 -0.7974344 -1.146882
v -13.4154 2.202566 -1.146882
v -13.52609 2.202566 -1.146882
v -13.52609 -0.7974344 -1.146882

vn -1 0 -1.192093E-07
vn -1 0 -1.192093E-07
vn -1 0 -1.192093E-07
vn -1 0 -1.192093E-07
vn 0 1 0
vn 0 1 0
vn 1 0 1.192093E-07
vn 1 0 1.192093E-07
vn 0 1 0
vn 0 1 0
vn 1 0 1.192093E-07
vn 1 0 1.192093E-07
vn 0 -1 0
vn 0 -1 0
vn 0 -1 0
vn 0 -1 0
vn -1.192093E-07 0 1
vn -1.192093E-07 0 1
vn -1.192093E-07 0 1
vn -1.192093E-07 0 1
vn 1.192093E-07 0 -1
vn 1.192093E-07 0 -1
vn 1.192093E-07 0 -1
vn 1.192093E-07 0 -1

vt 0 0
vt 1 0
vt 0 1
vt 1 1
vt 0 1
vt 1 1
vt 0 1
vt 1 1
vt 0 0
vt 1 0
vt 0 0
vt 1 0
vt 0 0
vt 0 1
vt 1 1
vt 1 0
vt 0 0
vt 0 1
vt 1 1
vt 1 0
vt 0 0
vt 0 1
vt 1 1
vt 1 0

usemtl Lit
usemap Lit
f 1132/1132/1132 1130/1130/1130 1133/1133/1133
f 1133/1133/1133 1130/1130/1130 1131/1131/1131
f 1134/1134/1134 1138/1138/1138 1135/1135/1135
f 1135/1135/1135 1138/1138/1138 1139/1139/1139
f 1136/1136/1136 1140/1140/1140 1137/1137/1137
f 1137/1137/1137 1140/1140/1140 1141/1141/1141
f 1143/1143/1143 1142/1142/1142 1144/1144/1144
f 1144/1144/1144 1142/1142/1142 1145/1145/1145
f 1147/1147/1147 1146/1146/1146 1148/1148/1148
f 1148/1148/1148 1146/1146/1146 1149/1149/1149
f 1151/1151/1151 1150/1150/1150 1152/1152/1152
f 1152/1152/1152 1150/1150/1150 1153/1153/1153
mtllib ./Map2.mtl
g SmallObjs_Fence (26)_Box
v -13.5211 -0.7974344 -7.316782
v -13.5211 -0.7974344 -4.323018
v -13.5211 2.202566 -7.316782
v -13.5211 2.202566 -4.323018
v -13.41041 2.202566 -7.316782
v -13.41041 2.202566 -4.323018
v -13.41041 -0.7974344 -7.316782
v -13.41041 -0.7974344 -4.323018
v -13.5211 2.202566 -7.316782
v -13.5211 2.202566 -4.323018
v -13.41041 2.202566 -7.316782
v -13.41041 2.202566 -4.323018
v -13.41041 -0.7974344 -7.316782
v -13.5211 -0.7974344 -7.316782
v -13.5211 -0.7974344 -4.323018
v -13.41041 -0.7974344 -4.323018
v -13.5211 -0.7974344 -4.323018
v -13.5211 2.202566 -4.323018
v -13.41041 2.202566 -4.323018
v -13.41041 -0.7974344 -4.323018
v -13.41041 -0.7974344 -7.316782
v -13.41041 2.202566 -7.316782
v -13.5211 2.202566 -7.316782
v -13.5211 -0.7974344 -7.316782

vn -1 0 -1.192093E-07
vn -1 0 -1.192093E-07
vn -1 0 -1.192093E-07
vn -1 0 -1.192093E-07
vn 0 1 0
vn 0 1 0
vn 1 0 1.192093E-07
vn 1 0 1.192093E-07
vn 0 1 0
vn 0 1 0
vn 1 0 1.192093E-07
vn 1 0 1.192093E-07
vn 0 -1 0
vn 0 -1 0
vn 0 -1 0
vn 0 -1 0
vn -1.192093E-07 0 1
vn -1.192093E-07 0 1
vn -1.192093E-07 0 1
vn -1.192093E-07 0 1
vn 1.192093E-07 0 -1
vn 1.192093E-07 0 -1
vn 1.192093E-07 0 -1
vn 1.192093E-07 0 -1

vt 0 0
vt 1 0
vt 0 1
vt 1 1
vt 0 1
vt 1 1
vt 0 1
vt 1 1
vt 0 0
vt 1 0
vt 0 0
vt 1 0
vt 0 0
vt 0 1
vt 1 1
vt 1 0
vt 0 0
vt 0 1
vt 1 1
vt 1 0
vt 0 0
vt 0 1
vt 1 1
vt 1 0

usemtl Lit
usemap Lit
f 1156/1156/1156 1154/1154/1154 1157/1157/1157
f 1157/1157/1157 1154/1154/1154 1155/1155/1155
f 1158/1158/1158 1162/1162/1162 1159/1159/1159
f 1159/1159/1159 1162/1162/1162 1163/1163/1163
f 1160/1160/1160 1164/1164/1164 1161/1161/1161
f 1161/1161/1161 1164/1164/1164 1165/1165/1165
f 1167/1167/1167 1166/1166/1166 1168/1168/1168
f 1168/1168/1168 1166/1166/1166 1169/1169/1169
f 1171/1171/1171 1170/1170/1170 1172/1172/1172
f 1172/1172/1172 1170/1170/1170 1173/1173/1173
f 1175/1175/1175 1174/1174/1174 1176/1176/1176
f 1176/1176/1176 1174/1174/1174 1177/1177/1177
mtllib ./Map2.mtl
g Lights_Torchlight (1)_Box
v -3.499789 -0.6498069 6.270646
v -2.985388 -0.6498069 6.270646
v -3.499789 2.350193 6.270646
v -2.985388 2.350193 6.270646
v -3.499789 2.350193 5.630169
v -2.985388 2.350193 5.630169
v -3.499789 -0.6498069 5.630169
v -2.985388 -0.6498069 5.630169
v -3.499789 2.350193 6.270646
v -2.985388 2.350193 6.270646
v -3.499789 2.350193 5.630169
v -2.985388 2.350193 5.630169
v -3.499789 -0.6498069 5.630169
v -3.499789 -0.6498069 6.270646
v -2.985388 -0.6498069 6.270646
v -2.985388 -0.6498069 5.630169
v -2.985388 -0.6498069 6.270646
v -2.985388 2.350193 6.270646
v -2.985388 2.350193 5.630169
v -2.985388 -0.6498069 5.630169
v -3.499789 -0.6498069 5.630169
v -3.499789 2.350193 5.630169
v -3.499789 2.350193 6.270646
v -3.499789 -0.6498069 6.270646

vn 0 0 1
vn 0 0 1
vn 0 0 1
vn 0 0 1
vn 0 1 0
vn 0 1 0
vn 0 0 -1
vn 0 0 -1
vn 0 1 0
vn 0 1 0
vn 0 0 -1
vn 0 0 -1
vn 0 -1 0
vn 0 -1 0
vn 0 -1 0
vn 0 -1 0
vn 1 0 0
vn 1 0 0
vn 1 0 0
vn 1 0 0
vn -1 0 0
vn -1 0 0
vn -1 0 0
vn -1 0 0

vt 0 0
vt 1 0
vt 0 1
vt 1 1
vt 0 1
vt 1 1
vt 0 1
vt 1 1
vt 0 0
vt 1 0
vt 0 0
vt 1 0
vt 0 0
vt 0 1
vt 1 1
vt 1 0
vt 0 0
vt 0 1
vt 1 1
vt 1 0
vt 0 0
vt 0 1
vt 1 1
vt 1 0

usemtl Lit
usemap Lit
f 1180/1180/1180 1178/1178/1178 1181/1181/1181
f 1181/1181/1181 1178/1178/1178 1179/1179/1179
f 1182/1182/1182 1186/1186/1186 1183/1183/1183
f 1183/1183/1183 1186/1186/1186 1187/1187/1187
f 1184/1184/1184 1188/1188/1188 1185/1185/1185
f 1185/1185/1185 1188/1188/1188 1189/1189/1189
f 1191/1191/1191 1190/1190/1190 1192/1192/1192
f 1192/1192/1192 1190/1190/1190 1193/1193/1193
f 1195/1195/1195 1194/1194/1194 1196/1196/1196
f 1196/1196/1196 1194/1194/1194 1197/1197/1197
f 1199/1199/1199 1198/1198/1198 1200/1200/1200
f 1200/1200/1200 1198/1198/1198 1201/1201/1201
mtllib ./Map2.mtl
g SmallObjs_Fence (9)_Box
v -4.516882 -0.7974344 -13.52391
v -1.523118 -0.7974344 -13.52391
v -4.516882 2.202566 -13.52391
v -1.523118 2.202566 -13.52391
v -4.516882 2.202566 -13.6346
v -1.523118 2.202566 -13.6346
v -4.516882 -0.7974344 -13.6346
v -1.523118 -0.7974344 -13.6346
v -4.516882 2.202566 -13.52391
v -1.523118 2.202566 -13.52391
v -4.516882 2.202566 -13.6346
v -1.523118 2.202566 -13.6346
v -4.516882 -0.7974344 -13.6346
v -4.516882 -0.7974344 -13.52391
v -1.523118 -0.7974344 -13.52391
v -1.523118 -0.7974344 -13.6346
v -1.523118 -0.7974344 -13.52391
v -1.523118 2.202566 -13.52391
v -1.523118 2.202566 -13.6346
v -1.523118 -0.7974344 -13.6346
v -4.516882 -0.7974344 -13.6346
v -4.516882 2.202566 -13.6346
v -4.516882 2.202566 -13.52391
v -4.516882 -0.7974344 -13.52391

vn 0 0 1
vn 0 0 1
vn 0 0 1
vn 0 0 1
vn 0 1 0
vn 0 1 0
vn 0 0 -1
vn 0 0 -1
vn 0 1 0
vn 0 1 0
vn 0 0 -1
vn 0 0 -1
vn 0 -1 0
vn 0 -1 0
vn 0 -1 0
vn 0 -1 0
vn 1 0 0
vn 1 0 0
vn 1 0 0
vn 1 0 0
vn -1 0 0
vn -1 0 0
vn -1 0 0
vn -1 0 0

vt 0 0
vt 1 0
vt 0 1
vt 1 1
vt 0 1
vt 1 1
vt 0 1
vt 1 1
vt 0 0
vt 1 0
vt 0 0
vt 1 0
vt 0 0
vt 0 1
vt 1 1
vt 1 0
vt 0 0
vt 0 1
vt 1 1
vt 1 0
vt 0 0
vt 0 1
vt 1 1
vt 1 0

usemtl Lit
usemap Lit
f 1204/1204/1204 1202/1202/1202 1205/1205/1205
f 1205/1205/1205 1202/1202/1202 1203/1203/1203
f 1206/1206/1206 1210/1210/1210 1207/1207/1207
f 1207/1207/1207 1210/1210/1210 1211/1211/1211
f 1208/1208/1208 1212/1212/1212 1209/1209/1209
f 1209/1209/1209 1212/1212/1212 1213/1213/1213
f 1215/1215/1215 1214/1214/1214 1216/1216/1216
f 1216/1216/1216 1214/1214/1214 1217/1217/1217
f 1219/1219/1219 1218/1218/1218 1220/1220/1220
f 1220/1220/1220 1218/1218/1218 1221/1221/1221
f 1223/1223/1223 1222/1222/1222 1224/1224/1224
f 1224/1224/1224 1222/1222/1222 1225/1225/1225
mtllib ./Map2.mtl
g SmallObjs_Colliders_Fence (25)_Box_Box
v -13.49609 -0.7974344 -4.186882
v -13.49609 -0.7974344 -1.193117
v -13.49609 2.202566 -4.186882
v -13.49609 2.202566 -1.193117
v -13.3854 2.202566 -4.186882
v -13.3854 2.202566 -1.193117
v -13.3854 -0.7974344 -4.186882
v -13.3854 -0.7974344 -1.193117
v -13.49609 2.202566 -4.186882
v -13.49609 2.202566 -1.193117
v -13.3854 2.202566 -4.186882
v -13.3854 2.202566 -1.193117
v -13.3854 -0.7974344 -4.186882
v -13.49609 -0.7974344 -4.186882
v -13.49609 -0.7974344 -1.193117
v -13.3854 -0.7974344 -1.193117
v -13.49609 -0.7974344 -1.193117
v -13.49609 2.202566 -1.193117
v -13.3854 2.202566 -1.193117
v -13.3854 -0.7974344 -1.193117
v -13.3854 -0.7974344 -4.186882
v -13.3854 2.202566 -4.186882
v -13.49609 2.202566 -4.186882
v -13.49609 -0.7974344 -4.186882

vn -1 0 -1.192093E-07
vn -1 0 -1.192093E-07
vn -1 0 -1.192093E-07
vn -1 0 -1.192093E-07
vn 0 1 0
vn 0 1 0
vn 1 0 1.192093E-07
vn 1 0 1.192093E-07
vn 0 1 0
vn 0 1 0
vn 1 0 1.192093E-07
vn 1 0 1.192093E-07
vn 0 -1 0
vn 0 -1 0
vn 0 -1 0
vn 0 -1 0
vn -1.192093E-07 0 1
vn -1.192093E-07 0 1
vn -1.192093E-07 0 1
vn -1.192093E-07 0 1
vn 1.192093E-07 0 -1
vn 1.192093E-07 0 -1
vn 1.192093E-07 0 -1
vn 1.192093E-07 0 -1

vt 0 0
vt 1 0
vt 0 1
vt 1 1
vt 0 1
vt 1 1
vt 0 1
vt 1 1
vt 0 0
vt 1 0
vt 0 0
vt 1 0
vt 0 0
vt 0 1
vt 1 1
vt 1 0
vt 0 0
vt 0 1
vt 1 1
vt 1 0
vt 0 0
vt 0 1
vt 1 1
vt 1 0

usemtl Lit
usemap Lit
f 1228/1228/1228 1226/1226/1226 1229/1229/1229
f 1229/1229/1229 1226/1226/1226 1227/1227/1227
f 1230/1230/1230 1234/1234/1234 1231/1231/1231
f 1231/1231/1231 1234/1234/1234 1235/1235/1235
f 1232/1232/1232 1236/1236/1236 1233/1233/1233
f 1233/1233/1233 1236/1236/1236 1237/1237/1237
f 1239/1239/1239 1238/1238/1238 1240/1240/1240
f 1240/1240/1240 1238/1238/1238 1241/1241/1241
f 1243/1243/1243 1242/1242/1242 1244/1244/1244
f 1244/1244/1244 1242/1242/1242 1245/1245/1245
f 1247/1247/1247 1246/1246/1246 1248/1248/1248
f 1248/1248/1248 1246/1246/1246 1249/1249/1249
mtllib ./Map2.mtl
g SmallObjs_Fence (17)_Box
v 13.50175 -0.7974344 -4.185381
v 13.50175 -0.7974344 -1.191616
v 13.50175 2.202566 -4.185381
v 13.50175 2.202566 -1.191616
v 13.61244 2.202566 -4.185381
v 13.61244 2.202566 -1.191616
v 13.61244 -0.7974344 -4.185381
v 13.61244 -0.7974344 -1.191616
v 13.50175 2.202566 -4.185381
v 13.50175 2.202566 -1.191616
v 13.61244 2.202566 -4.185381
v 13.61244 2.202566 -1.191616
v 13.61244 -0.7974344 -4.185381
v 13.50175 -0.7974344 -4.185381
v 13.50175 -0.7974344 -1.191616
v 13.61244 -0.7974344 -1.191616
v 13.50175 -0.7974344 -1.191616
v 13.50175 2.202566 -1.191616
v 13.61244 2.202566 -1.191616
v 13.61244 -0.7974344 -1.191616
v 13.61244 -0.7974344 -4.185381
v 13.61244 2.202566 -4.185381
v 13.50175 2.202566 -4.185381
v 13.50175 -0.7974344 -4.185381

vn -1 0 -1.192093E-07
vn -1 0 -1.192093E-07
vn -1 0 -1.192093E-07
vn -1 0 -1.192093E-07
vn 0 1 0
vn 0 1 0
vn 1 0 1.192093E-07
vn 1 0 1.192093E-07
vn 0 1 0
vn 0 1 0
vn 1 0 1.192093E-07
vn 1 0 1.192093E-07
vn 0 -1 0
vn 0 -1 0
vn 0 -1 0
vn 0 -1 0
vn -1.192093E-07 0 1
vn -1.192093E-07 0 1
vn -1.192093E-07 0 1
vn -1.192093E-07 0 1
vn 1.192093E-07 0 -1
vn 1.192093E-07 0 -1
vn 1.192093E-07 0 -1
vn 1.192093E-07 0 -1

vt 0 0
vt 1 0
vt 0 1
vt 1 1
vt 0 1
vt 1 1
vt 0 1
vt 1 1
vt 0 0
vt 1 0
vt 0 0
vt 1 0
vt 0 0
vt 0 1
vt 1 1
vt 1 0
vt 0 0
vt 0 1
vt 1 1
vt 1 0
vt 0 0
vt 0 1
vt 1 1
vt 1 0

usemtl Lit
usemap Lit
f 1252/1252/1252 1250/1250/1250 1253/1253/1253
f 1253/1253/1253 1250/1250/1250 1251/1251/1251
f 1254/1254/1254 1258/1258/1258 1255/1255/1255
f 1255/1255/1255 1258/1258/1258 1259/1259/1259
f 1256/1256/1256 1260/1260/1260 1257/1257/1257
f 1257/1257/1257 1260/1260/1260 1261/1261/1261
f 1263/1263/1263 1262/1262/1262 1264/1264/1264
f 1264/1264/1264 1262/1262/1262 1265/1265/1265
f 1267/1267/1267 1266/1266/1266 1268/1268/1268
f 1268/1268/1268 1266/1266/1266 1269/1269/1269
f 1271/1271/1271 1270/1270/1270 1272/1272/1272
f 1272/1272/1272 1270/1270/1270 1273/1273/1273
mtllib ./Map2.mtl
g SmallObjs_Colliders_Fence (5)_Box_Box
v 1.583118 -0.7974344 14.28609
v 4.576882 -0.7974344 14.28609
v 1.583118 2.202566 14.28609
v 4.576882 2.202566 14.28609
v 1.583118 2.202566 14.1754
v 4.576882 2.202566 14.1754
v 1.583118 -0.7974344 14.1754
v 4.576882 -0.7974344 14.1754
v 1.583118 2.202566 14.28609
v 4.576882 2.202566 14.28609
v 1.583118 2.202566 14.1754
v 4.576882 2.202566 14.1754
v 1.583118 -0.7974344 14.1754
v 1.583118 -0.7974344 14.28609
v 4.576882 -0.7974344 14.28609
v 4.576882 -0.7974344 14.1754
v 4.576882 -0.7974344 14.28609
v 4.576882 2.202566 14.28609
v 4.576882 2.202566 14.1754
v 4.576882 -0.7974344 14.1754
v 1.583118 -0.7974344 14.1754
v 1.583118 2.202566 14.1754
v 1.583118 2.202566 14.28609
v 1.583118 -0.7974344 14.28609

vn 0 0 1
vn 0 0 1
vn 0 0 1
vn 0 0 1
vn 0 1 0
vn 0 1 0
vn 0 0 -1
vn 0 0 -1
vn 0 1 0
vn 0 1 0
vn 0 0 -1
vn 0 0 -1
vn 0 -1 0
vn 0 -1 0
vn 0 -1 0
vn 0 -1 0
vn 1 0 0
vn 1 0 0
vn 1 0 0
vn 1 0 0
vn -1 0 0
vn -1 0 0
vn -1 0 0
vn -1 0 0

vt 0 0
vt 1 0
vt 0 1
vt 1 1
vt 0 1
vt 1 1
vt 0 1
vt 1 1
vt 0 0
vt 1 0
vt 0 0
vt 1 0
vt 0 0
vt 0 1
vt 1 1
vt 1 0
vt 0 0
vt 0 1
vt 1 1
vt 1 0
vt 0 0
vt 0 1
vt 1 1
vt 1 0

usemtl Lit
usemap Lit
f 1276/1276/1276 1274/1274/1274 1277/1277/1277
f 1277/1277/1277 1274/1274/1274 1275/1275/1275
f 1278/1278/1278 1282/1282/1282 1279/1279/1279
f 1279/1279/1279 1282/1282/1282 1283/1283/1283
f 1280/1280/1280 1284/1284/1284 1281/1281/1281
f 1281/1281/1281 1284/1284/1284 1285/1285/1285
f 1287/1287/1287 1286/1286/1286 1288/1288/1288
f 1288/1288/1288 1286/1286/1286 1289/1289/1289
f 1291/1291/1291 1290/1290/1290 1292/1292/1292
f 1292/1292/1292 1290/1290/1290 1293/1293/1293
f 1295/1295/1295 1294/1294/1294 1296/1296/1296
f 1296/1296/1296 1294/1294/1294 1297/1297/1297
mtllib ./Map2.mtl
g SmallObjs_Monk_Box
v 3.89 -0.5 3.13
v 3.89 -0.5 2.13
v 3.89 2.5 3.13
v 3.89 2.5 2.13
v 2.89 2.5 3.13
v 2.89 2.5 2.13
v 2.89 -0.5 3.13
v 2.89 -0.5 2.13
v 3.89 2.5 3.13
v 3.89 2.5 2.13
v 2.89 2.5 3.13
v 2.89 2.5 2.13
v 2.89 -0.5 3.13
v 3.89 -0.5 3.13
v 3.89 -0.5 2.13
v 2.89 -0.5 2.13
v 3.89 -0.5 2.13
v 3.89 2.5 2.13
v 2.89 2.5 2.13
v 2.89 -0.5 2.13
v 2.89 -0.5 3.13
v 2.89 2.5 3.13
v 3.89 2.5 3.13
v 3.89 -0.5 3.13

vn 1 0 -1.192093E-07
vn 1 0 -1.192093E-07
vn 1 0 -1.192093E-07
vn 1 0 -1.192093E-07
vn 0 1 0
vn 0 1 0
vn -1 0 1.192093E-07
vn -1 0 1.192093E-07
vn 0 1 0
vn 0 1 0
vn -1 0 1.192093E-07
vn -1 0 1.192093E-07
vn 0 -1 0
vn 0 -1 0
vn 0 -1 0
vn 0 -1 0
vn -1.192093E-07 0 -1
vn -1.192093E-07 0 -1
vn -1.192093E-07 0 -1
vn -1.192093E-07 0 -1
vn 1.192093E-07 0 1
vn 1.192093E-07 0 1
vn 1.192093E-07 0 1
vn 1.192093E-07 0 1

vt 0 0
vt 1 0
vt 0 1
vt 1 1
vt 0 1
vt 1 1
vt 0 1
vt 1 1
vt 0 0
vt 1 0
vt 0 0
vt 1 0
vt 0 0
vt 0 1
vt 1 1
vt 1 0
vt 0 0
vt 0 1
vt 1 1
vt 1 0
vt 0 0
vt 0 1
vt 1 1
vt 1 0

usemtl Lit
usemap Lit
f 1300/1300/1300 1298/1298/1298 1301/1301/1301
f 1301/1301/1301 1298/1298/1298 1299/1299/1299
f 1302/1302/1302 1306/1306/1306 1303/1303/1303
f 1303/1303/1303 1306/1306/1306 1307/1307/1307
f 1304/1304/1304 1308/1308/1308 1305/1305/1305
f 1305/1305/1305 1308/1308/1308 1309/1309/1309
f 1311/1311/1311 1310/1310/1310 1312/1312/1312
f 1312/1312/1312 1310/1310/1310 1313/1313/1313
f 1315/1315/1315 1314/1314/1314 1316/1316/1316
f 1316/1316/1316 1314/1314/1314 1317/1317/1317
f 1319/1319/1319 1318/1318/1318 1320/1320/1320
f 1320/1320/1320 1318/1318/1318 1321/1321/1321
mtllib ./Map2.mtl
g SmallObjs_Fence (35)_Box
v -1.505882 -0.7974344 -13.52391
v 1.487882 -0.7974344 -13.52391
v -1.505882 2.202566 -13.52391
v 1.487882 2.202566 -13.52391
v -1.505882 2.202566 -13.6346
v 1.487882 2.202566 -13.6346
v -1.505882 -0.7974344 -13.6346
v 1.487882 -0.7974344 -13.6346
v -1.505882 2.202566 -13.52391
v 1.487882 2.202566 -13.52391
v -1.505882 2.202566 -13.6346
v 1.487882 2.202566 -13.6346
v -1.505882 -0.7974344 -13.6346
v -1.505882 -0.7974344 -13.52391
v 1.487882 -0.7974344 -13.52391
v 1.487882 -0.7974344 -13.6346
v 1.487882 -0.7974344 -13.52391
v 1.487882 2.202566 -13.52391
v 1.487882 2.202566 -13.6346
v 1.487882 -0.7974344 -13.6346
v -1.505882 -0.7974344 -13.6346
v -1.505882 2.202566 -13.6346
v -1.505882 2.202566 -13.52391
v -1.505882 -0.7974344 -13.52391

vn 0 0 1
vn 0 0 1
vn 0 0 1
vn 0 0 1
vn 0 1 0
vn 0 1 0
vn 0 0 -1
vn 0 0 -1
vn 0 1 0
vn 0 1 0
vn 0 0 -1
vn 0 0 -1
vn 0 -1 0
vn 0 -1 0
vn 0 -1 0
vn 0 -1 0
vn 1 0 0
vn 1 0 0
vn 1 0 0
vn 1 0 0
vn -1 0 0
vn -1 0 0
vn -1 0 0
vn -1 0 0

vt 0 0
vt 1 0
vt 0 1
vt 1 1
vt 0 1
vt 1 1
vt 0 1
vt 1 1
vt 0 0
vt 1 0
vt 0 0
vt 1 0
vt 0 0
vt 0 1
vt 1 1
vt 1 0
vt 0 0
vt 0 1
vt 1 1
vt 1 0
vt 0 0
vt 0 1
vt 1 1
vt 1 0

usemtl Lit
usemap Lit
f 1324/1324/1324 1322/1322/1322 1325/1325/1325
f 1325/1325/1325 1322/1322/1322 1323/1323/1323
f 1326/1326/1326 1330/1330/1330 1327/1327/1327
f 1327/1327/1327 1330/1330/1330 1331/1331/1331
f 1328/1328/1328 1332/1332/1332 1329/1329/1329
f 1329/1329/1329 1332/1332/1332 1333/1333/1333
f 1335/1335/1335 1334/1334/1334 1336/1336/1336
f 1336/1336/1336 1334/1334/1334 1337/1337/1337
f 1339/1339/1339 1338/1338/1338 1340/1340/1340
f 1340/1340/1340 1338/1338/1338 1341/1341/1341
f 1343/1343/1343 1342/1342/1342 1344/1344/1344
f 1344/1344/1344 1342/1342/1342 1345/1345/1345
mtllib ./Map2.mtl
g SmallObjs_Fence (22)_Box
v 13.57503 -0.7974344 4.984325
v 13.57503 -0.7974344 7.97809
v 13.57503 2.202566 4.984325
v 13.57503 2.202566 7.97809
v 13.68571 2.202566 4.984325
v 13.68571 2.202566 7.97809
v 13.68571 -0.7974344 4.984325
v 13.68571 -0.7974344 7.97809
v 13.57503 2.202566 4.984325
v 13.57503 2.202566 7.97809
v 13.68571 2.202566 4.984325
v 13.68571 2.202566 7.97809
v 13.68571 -0.7974344 4.984325
v 13.57503 -0.7974344 4.984325
v 13.57503 -0.7974344 7.97809
v 13.68571 -0.7974344 7.97809
v 13.57503 -0.7974344 7.97809
v 13.57503 2.202566 7.97809
v 13.68571 2.202566 7.97809
v 13.68571 -0.7974344 7.97809
v 13.68571 -0.7974344 4.984325
v 13.68571 2.202566 4.984325
v 13.57503 2.202566 4.984325
v 13.57503 -0.7974344 4.984325

vn -1 0 -1.192093E-07
vn -1 0 -1.192093E-07
vn -1 0 -1.192093E-07
vn -1 0 -1.192093E-07
vn 0 1 0
vn 0 1 0
vn 1 0 1.192093E-07
vn 1 0 1.192093E-07
vn 0 1 0
vn 0 1 0
vn 1 0 1.192093E-07
vn 1 0 1.192093E-07
vn 0 -1 0
vn 0 -1 0
vn 0 -1 0
vn 0 -1 0
vn -1.192093E-07 0 1
vn -1.192093E-07 0 1
vn -1.192093E-07 0 1
vn -1.192093E-07 0 1
vn 1.192093E-07 0 -1
vn 1.192093E-07 0 -1
vn 1.192093E-07 0 -1
vn 1.192093E-07 0 -1

vt 0 0
vt 1 0
vt 0 1
vt 1 1
vt 0 1
vt 1 1
vt 0 1
vt 1 1
vt 0 0
vt 1 0
vt 0 0
vt 1 0
vt 0 0
vt 0 1
vt 1 1
vt 1 0
vt 0 0
vt 0 1
vt 1 1
vt 1 0
vt 0 0
vt 0 1
vt 1 1
vt 1 0

usemtl Lit
usemap Lit
f 1348/1348/1348 1346/1346/1346 1349/1349/1349
f 1349/1349/1349 1346/1346/1346 1347/1347/1347
f 1350/1350/1350 1354/1354/1354 1351/1351/1351
f 1351/1351/1351 1354/1354/1354 1355/1355/1355
f 1352/1352/1352 1356/1356/1356 1353/1353/1353
f 1353/1353/1353 1356/1356/1356 1357/1357/1357
f 1359/1359/1359 1358/1358/1358 1360/1360/1360
f 1360/1360/1360 1358/1358/1358 1361/1361/1361
f 1363/1363/1363 1362/1362/1362 1364/1364/1364
f 1364/1364/1364 1362/1362/1362 1365/1365/1365
f 1367/1367/1367 1366/1366/1366 1368/1368/1368
f 1368/1368/1368 1366/1366/1366 1369/1369/1369
mtllib ./Map2.mtl
g SmallObjs_Colliders_Fence (28)_Box_Box
v -13.56984 -0.7974344 -13.41661
v -13.56984 -0.7974344 -10.42284
v -13.56984 2.202566 -13.41661
v -13.56984 2.202566 -10.42284
v -13.45916 2.202566 -13.41661
v -13.45916 2.202566 -10.42284
v -13.45916 -0.7974344 -13.41661
v -13.45916 -0.7974344 -10.42284
v -13.56984 2.202566 -13.41661
v -13.56984 2.202566 -10.42284
v -13.45916 2.202566 -13.41661
v -13.45916 2.202566 -10.42284
v -13.45916 -0.7974344 -13.41661
v -13.56984 -0.7974344 -13.41661
v -13.56984 -0.7974344 -10.42284
v -13.45916 -0.7974344 -10.42284
v -13.56984 -0.7974344 -10.42284
v -13.56984 2.202566 -10.42284
v -13.45916 2.202566 -10.42284
v -13.45916 -0.7974344 -10.42284
v -13.45916 -0.7974344 -13.41661
v -13.45916 2.202566 -13.41661
v -13.56984 2.202566 -13.41661
v -13.56984 -0.7974344 -13.41661

vn -1 0 -1.192093E-07
vn -1 0 -1.192093E-07
vn -1 0 -1.192093E-07
vn -1 0 -1.192093E-07
vn 0 1 0
vn 0 1 0
vn 1 0 1.192093E-07
vn 1 0 1.192093E-07
vn 0 1 0
vn 0 1 0
vn 1 0 1.192093E-07
vn 1 0 1.192093E-07
vn 0 -1 0
vn 0 -1 0
vn 0 -1 0
vn 0 -1 0
vn -1.192093E-07 0 1
vn -1.192093E-07 0 1
vn -1.192093E-07 0 1
vn -1.192093E-07 0 1
vn 1.192093E-07 0 -1
vn 1.192093E-07 0 -1
vn 1.192093E-07 0 -1
vn 1.192093E-07 0 -1

vt 0 0
vt 1 0
vt 0 1
vt 1 1
vt 0 1
vt 1 1
vt 0 1
vt 1 1
vt 0 0
vt 1 0
vt 0 0
vt 1 0
vt 0 0
vt 0 1
vt 1 1
vt 1 0
vt 0 0
vt 0 1
vt 1 1
vt 1 0
vt 0 0
vt 0 1
vt 1 1
vt 1 0

usemtl Lit
usemap Lit
f 1372/1372/1372 1370/1370/1370 1373/1373/1373
f 1373/1373/1373 1370/1370/1370 1371/1371/1371
f 1374/1374/1374 1378/1378/1378 1375/1375/1375
f 1375/1375/1375 1378/1378/1378 1379/1379/1379
f 1376/1376/1376 1380/1380/1380 1377/1377/1377
f 1377/1377/1377 1380/1380/1380 1381/1381/1381
f 1383/1383/1383 1382/1382/1382 1384/1384/1384
f 1384/1384/1384 1382/1382/1382 1385/1385/1385
f 1387/1387/1387 1386/1386/1386 1388/1388/1388
f 1388/1388/1388 1386/1386/1386 1389/1389/1389
f 1391/1391/1391 1390/1390/1390 1392/1392/1392
f 1392/1392/1392 1390/1390/1390 1393/1393/1393
mtllib ./Map2.mtl
g SmallObjs_Colliders_Fence (34)_Box_Box
v 13.54291 -0.7974344 -1.096883
v 13.54291 -0.7974344 1.896883
v 13.54291 2.202566 -1.096883
v 13.54291 2.202566 1.896883
v 13.6536 2.202566 -1.096883
v 13.6536 2.202566 1.896883
v 13.6536 -0.7974344 -1.096883
v 13.6536 -0.7974344 1.896883
v 13.54291 2.202566 -1.096883
v 13.54291 2.202566 1.896883
v 13.6536 2.202566 -1.096883
v 13.6536 2.202566 1.896883
v 13.6536 -0.7974344 -1.096883
v 13.54291 -0.7974344 -1.096883
v 13.54291 -0.7974344 1.896883
v 13.6536 -0.7974344 1.896883
v 13.54291 -0.7974344 1.896883
v 13.54291 2.202566 1.896883
v 13.6536 2.202566 1.896883
v 13.6536 -0.7974344 1.896883
v 13.6536 -0.7974344 -1.096883
v 13.6536 2.202566 -1.096883
v 13.54291 2.202566 -1.096883
v 13.54291 -0.7974344 -1.096883

vn -1 0 -1.192093E-07
vn -1 0 -1.192093E-07
vn -1 0 -1.192093E-07
vn -1 0 -1.192093E-07
vn 0 1 0
vn 0 1 0
vn 1 0 1.192093E-07
vn 1 0 1.192093E-07
vn 0 1 0
vn 0 1 0
vn 1 0 1.192093E-07
vn 1 0 1.192093E-07
vn 0 -1 0
vn 0 -1 0
vn 0 -1 0
vn 0 -1 0
vn -1.192093E-07 0 1
vn -1.192093E-07 0 1
vn -1.192093E-07 0 1
vn -1.192093E-07 0 1
vn 1.192093E-07 0 -1
vn 1.192093E-07 0 -1
vn 1.192093E-07 0 -1
vn 1.192093E-07 0 -1

vt 0 0
vt 1 0
vt 0 1
vt 1 1
vt 0 1
vt 1 1
vt 0 1
vt 1 1
vt 0 0
vt 1 0
vt 0 0
vt 1 0
vt 0 0
vt 0 1
vt 1 1
vt 1 0
vt 0 0
vt 0 1
vt 1 1
vt 1 0
vt 0 0
vt 0 1
vt 1 1
vt 1 0

usemtl Lit
usemap Lit
f 1396/1396/1396 1394/1394/1394 1397/1397/1397
f 1397/1397/1397 1394/1394/1394 1395/1395/1395
f 1398/1398/1398 1402/1402/1402 1399/1399/1399
f 1399/1399/1399 1402/1402/1402 1403/1403/1403
f 1400/1400/1400 1404/1404/1404 1401/1401/1401
f 1401/1401/1401 1404/1404/1404 1405/1405/1405
f 1407/1407/1407 1406/1406/1406 1408/1408/1408
f 1408/1408/1408 1406/1406/1406 1409/1409/1409
f 1411/1411/1411 1410/1410/1410 1412/1412/1412
f 1412/1412/1412 1410/1410/1410 1413/1413/1413
f 1415/1415/1415 1414/1414/1414 1416/1416/1416
f 1416/1416/1416 1414/1414/1414 1417/1417/1417
mtllib ./Map2.mtl
g SmallObjs_Fence (30)_Box
v -13.42281 -0.7974344 4.982824
v -13.42281 -0.7974344 7.976589
v -13.42281 2.202566 4.982824
v -13.42281 2.202566 7.976589
v -13.31213 2.202566 4.982824
v -13.31213 2.202566 7.976589
v -13.31213 -0.7974344 4.982824
v -13.31213 -0.7974344 7.976589
v -13.42281 2.202566 4.982824
v -13.42281 2.202566 7.976589
v -13.31213 2.202566 4.982824
v -13.31213 2.202566 7.976589
v -13.31213 -0.7974344 4.982824
v -13.42281 -0.7974344 4.982824
v -13.42281 -0.7974344 7.976589
v -13.31213 -0.7974344 7.976589
v -13.42281 -0.7974344 7.976589
v -13.42281 2.202566 7.976589
v -13.31213 2.202566 7.976589
v -13.31213 -0.7974344 7.976589
v -13.31213 -0.7974344 4.982824
v -13.31213 2.202566 4.982824
v -13.42281 2.202566 4.982824
v -13.42281 -0.7974344 4.982824

vn -1 0 -1.192093E-07
vn -1 0 -1.192093E-07
vn -1 0 -1.192093E-07
vn -1 0 -1.192093E-07
vn 0 1 0
vn 0 1 0
vn 1 0 1.192093E-07
vn 1 0 1.192093E-07
vn 0 1 0
vn 0 1 0
vn 1 0 1.192093E-07
vn 1 0 1.192093E-07
vn 0 -1 0
vn 0 -1 0
vn 0 -1 0
vn 0 -1 0
vn -1.192093E-07 0 1
vn -1.192093E-07 0 1
vn -1.192093E-07 0 1
vn -1.192093E-07 0 1
vn 1.192093E-07 0 -1
vn 1.192093E-07 0 -1
vn 1.192093E-07 0 -1
vn 1.192093E-07 0 -1

vt 0 0
vt 1 0
vt 0 1
vt 1 1
vt 0 1
vt 1 1
vt 0 1
vt 1 1
vt 0 0
vt 1 0
vt 0 0
vt 1 0
vt 0 0
vt 0 1
vt 1 1
vt 1 0
vt 0 0
vt 0 1
vt 1 1
vt 1 0
vt 0 0
vt 0 1
vt 1 1
vt 1 0

usemtl Lit
usemap Lit
f 1420/1420/1420 1418/1418/1418 1421/1421/1421
f 1421/1421/1421 1418/1418/1418 1419/1419/1419
f 1422/1422/1422 1426/1426/1426 1423/1423/1423
f 1423/1423/1423 1426/1426/1426 1427/1427/1427
f 1424/1424/1424 1428/1428/1428 1425/1425/1425
f 1425/1425/1425 1428/1428/1428 1429/1429/1429
f 1431/1431/1431 1430/1430/1430 1432/1432/1432
f 1432/1432/1432 1430/1430/1430 1433/1433/1433
f 1435/1435/1435 1434/1434/1434 1436/1436/1436
f 1436/1436/1436 1434/1434/1434 1437/1437/1437
f 1439/1439/1439 1438/1438/1438 1440/1440/1440
f 1440/1440/1440 1438/1438/1438 1441/1441/1441
mtllib ./Map2.mtl
g SmallObjs_Colliders_Fence (7)_Box_Box
v 7.743118 -0.7974344 14.28609
v 10.73688 -0.7974344 14.28609
v 7.743118 2.202566 14.28609
v 10.73688 2.202566 14.28609
v 7.743118 2.202566 14.1754
v 10.73688 2.202566 14.1754
v 7.743118 -0.7974344 14.1754
v 10.73688 -0.7974344 14.1754
v 7.743118 2.202566 14.28609
v 10.73688 2.202566 14.28609
v 7.743118 2.202566 14.1754
v 10.73688 2.202566 14.1754
v 7.743118 -0.7974344 14.1754
v 7.743118 -0.7974344 14.28609
v 10.73688 -0.7974344 14.28609
v 10.73688 -0.7974344 14.1754
v 10.73688 -0.7974344 14.28609
v 10.73688 2.202566 14.28609
v 10.73688 2.202566 14.1754
v 10.73688 -0.7974344 14.1754
v 7.743118 -0.7974344 14.1754
v 7.743118 2.202566 14.1754
v 7.743118 2.202566 14.28609
v 7.743118 -0.7974344 14.28609

vn 0 0 1
vn 0 0 1
vn 0 0 1
vn 0 0 1
vn 0 1 0
vn 0 1 0
vn 0 0 -1
vn 0 0 -1
vn 0 1 0
vn 0 1 0
vn 0 0 -1
vn 0 0 -1
vn 0 -1 0
vn 0 -1 0
vn 0 -1 0
vn 0 -1 0
vn 1 0 0
vn 1 0 0
vn 1 0 0
vn 1 0 0
vn -1 0 0
vn -1 0 0
vn -1 0 0
vn -1 0 0

vt 0 0
vt 1 0
vt 0 1
vt 1 1
vt 0 1
vt 1 1
vt 0 1
vt 1 1
vt 0 0
vt 1 0
vt 0 0
vt 1 0
vt 0 0
vt 0 1
vt 1 1
vt 1 0
vt 0 0
vt 0 1
vt 1 1
vt 1 0
vt 0 0
vt 0 1
vt 1 1
vt 1 0

usemtl Lit
usemap Lit
f 1444/1444/1444 1442/1442/1442 1445/1445/1445
f 1445/1445/1445 1442/1442/1442 1443/1443/1443
f 1446/1446/1446 1450/1450/1450 1447/1447/1447
f 1447/1447/1447 1450/1450/1450 1451/1451/1451
f 1448/1448/1448 1452/1452/1452 1449/1449/1449
f 1449/1449/1449 1452/1452/1452 1453/1453/1453
f 1455/1455/1455 1454/1454/1454 1456/1456/1456
f 1456/1456/1456 1454/1454/1454 1457/1457/1457
f 1459/1459/1459 1458/1458/1458 1460/1460/1460
f 1460/1460/1460 1458/1458/1458 1461/1461/1461
f 1463/1463/1463 1462/1462/1462 1464/1464/1464
f 1464/1464/1464 1462/1462/1462 1465/1465/1465
mtllib ./Map2.mtl
g SmallObjs_Fence (31)_Box
v -13.39813 -0.7974344 8.072713
v -13.39813 -0.7974344 11.06648
v -13.39813 2.202566 8.072713
v -13.39813 2.202566 11.06648
v -13.28744 2.202566 8.072713
v -13.28744 2.202566 11.06648
v -13.28744 -0.7974344 8.072713
v -13.28744 -0.7974344 11.06648
v -13.39813 2.202566 8.072713
v -13.39813 2.202566 11.06648
v -13.28744 2.202566 8.072713
v -13.28744 2.202566 11.06648
v -13.28744 -0.7974344 8.072713
v -13.39813 -0.7974344 8.072713
v -13.39813 -0.7974344 11.06648
v -13.28744 -0.7974344 11.06648
v -13.39813 -0.7974344 11.06648
v -13.39813 2.202566 11.06648
v -13.28744 2.202566 11.06648
v -13.28744 -0.7974344 11.06648
v -13.28744 -0.7974344 8.072713
v -13.28744 2.202566 8.072713
v -13.39813 2.202566 8.072713
v -13.39813 -0.7974344 8.072713

vn -1 0 -1.192093E-07
vn -1 0 -1.192093E-07
vn -1 0 -1.192093E-07
vn -1 0 -1.192093E-07
vn 0 1 0
vn 0 1 0
vn 1 0 1.192093E-07
vn 1 0 1.192093E-07
vn 0 1 0
vn 0 1 0
vn 1 0 1.192093E-07
vn 1 0 1.192093E-07
vn 0 -1 0
vn 0 -1 0
vn 0 -1 0
vn 0 -1 0
vn -1.192093E-07 0 1
vn -1.192093E-07 0 1
vn -1.192093E-07 0 1
vn -1.192093E-07 0 1
vn 1.192093E-07 0 -1
vn 1.192093E-07 0 -1
vn 1.192093E-07 0 -1
vn 1.192093E-07 0 -1

vt 0 0
vt 1 0
vt 0 1
vt 1 1
vt 0 1
vt 1 1
vt 0 1
vt 1 1
vt 0 0
vt 1 0
vt 0 0
vt 1 0
vt 0 0
vt 0 1
vt 1 1
vt 1 0
vt 0 0
vt 0 1
vt 1 1
vt 1 0
vt 0 0
vt 0 1
vt 1 1
vt 1 0

usemtl Lit
usemap Lit
f 1468/1468/1468 1466/1466/1466 1469/1469/1469
f 1469/1469/1469 1466/1466/1466 1467/1467/1467
f 1470/1470/1470 1474/1474/1474 1471/1471/1471
f 1471/1471/1471 1474/1474/1474 1475/1475/1475
f 1472/1472/1472 1476/1476/1476 1473/1473/1473
f 1473/1473/1473 1476/1476/1476 1477/1477/1477
f 1479/1479/1479 1478/1478/1478 1480/1480/1480
f 1480/1480/1480 1478/1478/1478 1481/1481/1481
f 1483/1483/1483 1482/1482/1482 1484/1484/1484
f 1484/1484/1484 1482/1482/1482 1485/1485/1485
f 1487/1487/1487 1486/1486/1486 1488/1488/1488
f 1488/1488/1488 1486/1486/1486 1489/1489/1489
mtllib ./Map2.mtl
g SmallObjs_Fence (13)_Box
v 1.583118 -0.7974344 -13.52391
v 4.576882 -0.7974344 -13.52391
v 1.583118 2.202566 -13.52391
v 4.576882 2.202566 -13.52391
v 1.583118 2.202566 -13.6346
v 4.576882 2.202566 -13.6346
v 1.583118 -0.7974344 -13.6346
v 4.576882 -0.7974344 -13.6346
v 1.583118 2.202566 -13.52391
v 4.576882 2.202566 -13.52391
v 1.583118 2.202566 -13.6346
v 4.576882 2.202566 -13.6346
v 1.583118 -0.7974344 -13.6346
v 1.583118 -0.7974344 -13.52391
v 4.576882 -0.7974344 -13.52391
v 4.576882 -0.7974344 -13.6346
v 4.576882 -0.7974344 -13.52391
v 4.576882 2.202566 -13.52391
v 4.576882 2.202566 -13.6346
v 4.576882 -0.7974344 -13.6346
v 1.583118 -0.7974344 -13.6346
v 1.583118 2.202566 -13.6346
v 1.583118 2.202566 -13.52391
v 1.583118 -0.7974344 -13.52391

vn 0 0 1
vn 0 0 1
vn 0 0 1
vn 0 0 1
vn 0 1 0
vn 0 1 0
vn 0 0 -1
vn 0 0 -1
vn 0 1 0
vn 0 1 0
vn 0 0 -1
vn 0 0 -1
vn 0 -1 0
vn 0 -1 0
vn 0 -1 0
vn 0 -1 0
vn 1 0 0
vn 1 0 0
vn 1 0 0
vn 1 0 0
vn -1 0 0
vn -1 0 0
vn -1 0 0
vn -1 0 0

vt 0 0
vt 1 0
vt 0 1
vt 1 1
vt 0 1
vt 1 1
vt 0 1
vt 1 1
vt 0 0
vt 1 0
vt 0 0
vt 1 0
vt 0 0
vt 0 1
vt 1 1
vt 1 0
vt 0 0
vt 0 1
vt 1 1
vt 1 0
vt 0 0
vt 0 1
vt 1 1
vt 1 0

usemtl Lit
usemap Lit
f 1492/1492/1492 1490/1490/1490 1493/1493/1493
f 1493/1493/1493 1490/1490/1490 1491/1491/1491
f 1494/1494/1494 1498/1498/1498 1495/1495/1495
f 1495/1495/1495 1498/1498/1498 1499/1499/1499
f 1496/1496/1496 1500/1500/1500 1497/1497/1497
f 1497/1497/1497 1500/1500/1500 1501/1501/1501
f 1503/1503/1503 1502/1502/1502 1504/1504/1504
f 1504/1504/1504 1502/1502/1502 1505/1505/1505
f 1507/1507/1507 1506/1506/1506 1508/1508/1508
f 1508/1508/1508 1506/1506/1506 1509/1509/1509
f 1511/1511/1511 1510/1510/1510 1512/1512/1512
f 1512/1512/1512 1510/1510/1510 1513/1513/1513
mtllib ./Map2.mtl
g SmallObjs_Colliders_Fence (22)_Box_Box
v 13.57503 -0.7974344 4.984325
v 13.57503 -0.7974344 7.97809
v 13.57503 2.202566 4.984325
v 13.57503 2.202566 7.97809
v 13.68571 2.202566 4.984325
v 13.68571 2.202566 7.97809
v 13.68571 -0.7974344 4.984325
v 13.68571 -0.7974344 7.97809
v 13.57503 2.202566 4.984325
v 13.57503 2.202566 7.97809
v 13.68571 2.202566 4.984325
v 13.68571 2.202566 7.97809
v 13.68571 -0.7974344 4.984325
v 13.57503 -0.7974344 4.984325
v 13.57503 -0.7974344 7.97809
v 13.68571 -0.7974344 7.97809
v 13.57503 -0.7974344 7.97809
v 13.57503 2.202566 7.97809
v 13.68571 2.202566 7.97809
v 13.68571 -0.7974344 7.97809
v 13.68571 -0.7974344 4.984325
v 13.68571 2.202566 4.984325
v 13.57503 2.202566 4.984325
v 13.57503 -0.7974344 4.984325

vn -1 0 -1.192093E-07
vn -1 0 -1.192093E-07
vn -1 0 -1.192093E-07
vn -1 0 -1.192093E-07
vn 0 1 0
vn 0 1 0
vn 1 0 1.192093E-07
vn 1 0 1.192093E-07
vn 0 1 0
vn 0 1 0
vn 1 0 1.192093E-07
vn 1 0 1.192093E-07
vn 0 -1 0
vn 0 -1 0
vn 0 -1 0
vn 0 -1 0
vn -1.192093E-07 0 1
vn -1.192093E-07 0 1
vn -1.192093E-07 0 1
vn -1.192093E-07 0 1
vn 1.192093E-07 0 -1
vn 1.192093E-07 0 -1
vn 1.192093E-07 0 -1
vn 1.192093E-07 0 -1

vt 0 0
vt 1 0
vt 0 1
vt 1 1
vt 0 1
vt 1 1
vt 0 1
vt 1 1
vt 0 0
vt 1 0
vt 0 0
vt 1 0
vt 0 0
vt 0 1
vt 1 1
vt 1 0
vt 0 0
vt 0 1
vt 1 1
vt 1 0
vt 0 0
vt 0 1
vt 1 1
vt 1 0

usemtl Lit
usemap Lit
f 1516/1516/1516 1514/1514/1514 1517/1517/1517
f 1517/1517/1517 1514/1514/1514 1515/1515/1515
f 1518/1518/1518 1522/1522/1522 1519/1519/1519
f 1519/1519/1519 1522/1522/1522 1523/1523/1523
f 1520/1520/1520 1524/1524/1524 1521/1521/1521
f 1521/1521/1521 1524/1524/1524 1525/1525/1525
f 1527/1527/1527 1526/1526/1526 1528/1528/1528
f 1528/1528/1528 1526/1526/1526 1529/1529/1529
f 1531/1531/1531 1530/1530/1530 1532/1532/1532
f 1532/1532/1532 1530/1530/1530 1533/1533/1533
f 1535/1535/1535 1534/1534/1534 1536/1536/1536
f 1536/1536/1536 1534/1534/1534 1537/1537/1537
mtllib ./Map2.mtl
g SmallObjs_Colliders_Fence (6)_Box_Box
v 4.653118 -0.7974344 14.28609
v 7.646882 -0.7974344 14.28609
v 4.653118 2.202566 14.28609
v 7.646882 2.202566 14.28609
v 4.653118 2.202566 14.1754
v 7.646882 2.202566 14.1754
v 4.653118 -0.7974344 14.1754
v 7.646882 -0.7974344 14.1754
v 4.653118 2.202566 14.28609
v 7.646882 2.202566 14.28609
v 4.653118 2.202566 14.1754
v 7.646882 2.202566 14.1754
v 4.653118 -0.7974344 14.1754
v 4.653118 -0.7974344 14.28609
v 7.646882 -0.7974344 14.28609
v 7.646882 -0.7974344 14.1754
v 7.646882 -0.7974344 14.28609
v 7.646882 2.202566 14.28609
v 7.646882 2.202566 14.1754
v 7.646882 -0.7974344 14.1754
v 4.653118 -0.7974344 14.1754
v 4.653118 2.202566 14.1754
v 4.653118 2.202566 14.28609
v 4.653118 -0.7974344 14.28609

vn 0 0 1
vn 0 0 1
vn 0 0 1
vn 0 0 1
vn 0 1 0
vn 0 1 0
vn 0 0 -1
vn 0 0 -1
vn 0 1 0
vn 0 1 0
vn 0 0 -1
vn 0 0 -1
vn 0 -1 0
vn 0 -1 0
vn 0 -1 0
vn 0 -1 0
vn 1 0 0
vn 1 0 0
vn 1 0 0
vn 1 0 0
vn -1 0 0
vn -1 0 0
vn -1 0 0
vn -1 0 0

vt 0 0
vt 1 0
vt 0 1
vt 1 1
vt 0 1
vt 1 1
vt 0 1
vt 1 1
vt 0 0
vt 1 0
vt 0 0
vt 1 0
vt 0 0
vt 0 1
vt 1 1
vt 1 0
vt 0 0
vt 0 1
vt 1 1
vt 1 0
vt 0 0
vt 0 1
vt 1 1
vt 1 0

usemtl Lit
usemap Lit
f 1540/1540/1540 1538/1538/1538 1541/1541/1541
f 1541/1541/1541 1538/1538/1538 1539/1539/1539
f 1542/1542/1542 1546/1546/1546 1543/1543/1543
f 1543/1543/1543 1546/1546/1546 1547/1547/1547
f 1544/1544/1544 1548/1548/1548 1545/1545/1545
f 1545/1545/1545 1548/1548/1548 1549/1549/1549
f 1551/1551/1551 1550/1550/1550 1552/1552/1552
f 1552/1552/1552 1550/1550/1550 1553/1553/1553
f 1555/1555/1555 1554/1554/1554 1556/1556/1556
f 1556/1556/1556 1554/1554/1554 1557/1557/1557
f 1559/1559/1559 1558/1558/1558 1560/1560/1560
f 1560/1560/1560 1558/1558/1558 1561/1561/1561
mtllib ./Map2.mtl
g SmallObjs_Fence_Box
v -1.496882 -0.7974344 14.28609
v 1.496882 -0.7974344 14.28609
v -1.496882 2.202566 14.28609
v 1.496882 2.202566 14.28609
v -1.496882 2.202566 14.1754
v 1.496882 2.202566 14.1754
v -1.496882 -0.7974344 14.1754
v 1.496882 -0.7974344 14.1754
v -1.496882 2.202566 14.28609
v 1.496882 2.202566 14.28609
v -1.496882 2.202566 14.1754
v 1.496882 2.202566 14.1754
v -1.496882 -0.7974344 14.1754
v -1.496882 -0.7974344 14.28609
v 1.496882 -0.7974344 14.28609
v 1.496882 -0.7974344 14.1754
v 1.496882 -0.7974344 14.28609
v 1.496882 2.202566 14.28609
v 1.496882 2.202566 14.1754
v 1.496882 -0.7974344 14.1754
v -1.496882 -0.7974344 14.1754
v -1.496882 2.202566 14.1754
v -1.496882 2.202566 14.28609
v -1.496882 -0.7974344 14.28609

vn 0 0 1
vn 0 0 1
vn 0 0 1
vn 0 0 1
vn 0 1 0
vn 0 1 0
vn 0 0 -1
vn 0 0 -1
vn 0 1 0
vn 0 1 0
vn 0 0 -1
vn 0 0 -1
vn 0 -1 0
vn 0 -1 0
vn 0 -1 0
vn 0 -1 0
vn 1 0 0
vn 1 0 0
vn 1 0 0
vn 1 0 0
vn -1 0 0
vn -1 0 0
vn -1 0 0
vn -1 0 0

vt 0 0
vt 1 0
vt 0 1
vt 1 1
vt 0 1
vt 1 1
vt 0 1
vt 1 1
vt 0 0
vt 1 0
vt 0 0
vt 1 0
vt 0 0
vt 0 1
vt 1 1
vt 1 0
vt 0 0
vt 0 1
vt 1 1
vt 1 0
vt 0 0
vt 0 1
vt 1 1
vt 1 0

usemtl Lit
usemap Lit
f 1564/1564/1564 1562/1562/1562 1565/1565/1565
f 1565/1565/1565 1562/1562/1562 1563/1563/1563
f 1566/1566/1566 1570/1570/1570 1567/1567/1567
f 1567/1567/1567 1570/1570/1570 1571/1571/1571
f 1568/1568/1568 1572/1572/1572 1569/1569/1569
f 1569/1569/1569 1572/1572/1572 1573/1573/1573
f 1575/1575/1575 1574/1574/1574 1576/1576/1576
f 1576/1576/1576 1574/1574/1574 1577/1577/1577
f 1579/1579/1579 1578/1578/1578 1580/1580/1580
f 1580/1580/1580 1578/1578/1578 1581/1581/1581
f 1583/1583/1583 1582/1582/1582 1584/1584/1584
f 1584/1584/1584 1582/1582/1582 1585/1585/1585
mtllib ./Map2.mtl
g SmallObjs_Fence (3)_Box
v -10.74688 -0.7974344 14.28609
v -7.753118 -0.7974344 14.28609
v -10.74688 2.202566 14.28609
v -7.753118 2.202566 14.28609
v -10.74688 2.202566 14.1754
v -7.753118 2.202566 14.1754
v -10.74688 -0.7974344 14.1754
v -7.753118 -0.7974344 14.1754
v -10.74688 2.202566 14.28609
v -7.753118 2.202566 14.28609
v -10.74688 2.202566 14.1754
v -7.753118 2.202566 14.1754
v -10.74688 -0.7974344 14.1754
v -10.74688 -0.7974344 14.28609
v -7.753118 -0.7974344 14.28609
v -7.753118 -0.7974344 14.1754
v -7.753118 -0.7974344 14.28609
v -7.753118 2.202566 14.28609
v -7.753118 2.202566 14.1754
v -7.753118 -0.7974344 14.1754
v -10.74688 -0.7974344 14.1754
v -10.74688 2.202566 14.1754
v -10.74688 2.202566 14.28609
v -10.74688 -0.7974344 14.28609

vn 0 0 1
vn 0 0 1
vn 0 0 1
vn 0 0 1
vn 0 1 0
vn 0 1 0
vn 0 0 -1
vn 0 0 -1
vn 0 1 0
vn 0 1 0
vn 0 0 -1
vn 0 0 -1
vn 0 -1 0
vn 0 -1 0
vn 0 -1 0
vn 0 -1 0
vn 1 0 0
vn 1 0 0
vn 1 0 0
vn 1 0 0
vn -1 0 0
vn -1 0 0
vn -1 0 0
vn -1 0 0

vt 0 0
vt 1 0
vt 0 1
vt 1 1
vt 0 1
vt 1 1
vt 0 1
vt 1 1
vt 0 0
vt 1 0
vt 0 0
vt 1 0
vt 0 0
vt 0 1
vt 1 1
vt 1 0
vt 0 0
vt 0 1
vt 1 1
vt 1 0
vt 0 0
vt 0 1
vt 1 1
vt 1 0

usemtl Lit
usemap Lit
f 1588/1588/1588 1586/1586/1586 1589/1589/1589
f 1589/1589/1589 1586/1586/1586 1587/1587/1587
f 1590/1590/1590 1594/1594/1594 1591/1591/1591
f 1591/1591/1591 1594/1594/1594 1595/1595/1595
f 1592/1592/1592 1596/1596/1596 1593/1593/1593
f 1593/1593/1593 1596/1596/1596 1597/1597/1597
f 1599/1599/1599 1598/1598/1598 1600/1600/1600
f 1600/1600/1600 1598/1598/1598 1601/1601/1601
f 1603/1603/1603 1602/1602/1602 1604/1604/1604
f 1604/1604/1604 1602/1602/1602 1605/1605/1605
f 1607/1607/1607 1606/1606/1606 1608/1608/1608
f 1608/1608/1608 1606/1606/1606 1609/1609/1609
mtllib ./Map2.mtl
g SmallObjs_Colliders_Fence (31)_Box_Box
v -13.39813 -0.7974344 8.072713
v -13.39813 -0.7974344 11.06648
v -13.39813 2.202566 8.072713
v -13.39813 2.202566 11.06648
v -13.28744 2.202566 8.072713
v -13.28744 2.202566 11.06648
v -13.28744 -0.7974344 8.072713
v -13.28744 -0.7974344 11.06648
v -13.39813 2.202566 8.072713
v -13.39813 2.202566 11.06648
v -13.28744 2.202566 8.072713
v -13.28744 2.202566 11.06648
v -13.28744 -0.7974344 8.072713
v -13.39813 -0.7974344 8.072713
v -13.39813 -0.7974344 11.06648
v -13.28744 -0.7974344 11.06648
v -13.39813 -0.7974344 11.06648
v -13.39813 2.202566 11.06648
v -13.28744 2.202566 11.06648
v -13.28744 -0.7974344 11.06648
v -13.28744 -0.7974344 8.072713
v -13.28744 2.202566 8.072713
v -13.39813 2.202566 8.072713
v -13.39813 -0.7974344 8.072713

vn -1 0 -1.192093E-07
vn -1 0 -1.192093E-07
vn -1 0 -1.192093E-07
vn -1 0 -1.192093E-07
vn 0 1 0
vn 0 1 0
vn 1 0 1.192093E-07
vn 1 0 1.192093E-07
vn 0 1 0
vn 0 1 0
vn 1 0 1.192093E-07
vn 1 0 1.192093E-07
vn 0 -1 0
vn 0 -1 0
vn 0 -1 0
vn 0 -1 0
vn -1.192093E-07 0 1
vn -1.192093E-07 0 1
vn -1.192093E-07 0 1
vn -1.192093E-07 0 1
vn 1.192093E-07 0 -1
vn 1.192093E-07 0 -1
vn 1.192093E-07 0 -1
vn 1.192093E-07 0 -1

vt 0 0
vt 1 0
vt 0 1
vt 1 1
vt 0 1
vt 1 1
vt 0 1
vt 1 1
vt 0 0
vt 1 0
vt 0 0
vt 1 0
vt 0 0
vt 0 1
vt 1 1
vt 1 0
vt 0 0
vt 0 1
vt 1 1
vt 1 0
vt 0 0
vt 0 1
vt 1 1
vt 1 0

usemtl Lit
usemap Lit
f 1612/1612/1612 1610/1610/1610 1613/1613/1613
f 1613/1613/1613 1610/1610/1610 1611/1611/1611
f 1614/1614/1614 1618/1618/1618 1615/1615/1615
f 1615/1615/1615 1618/1618/1618 1619/1619/1619
f 1616/1616/1616 1620/1620/1620 1617/1617/1617
f 1617/1617/1617 1620/1620/1620 1621/1621/1621
f 1623/1623/1623 1622/1622/1622 1624/1624/1624
f 1624/1624/1624 1622/1622/1622 1625/1625/1625
f 1627/1627/1627 1626/1626/1626 1628/1628/1628
f 1628/1628/1628 1626/1626/1626 1629/1629/1629
f 1631/1631/1631 1630/1630/1630 1632/1632/1632
f 1632/1632/1632 1630/1630/1630 1633/1633/1633
mtllib ./Map2.mtl
g SmallObjs_Fence (14)_Box
v 4.653118 -0.7974344 -13.52391
v 7.646882 -0.7974344 -13.52391
v 4.653118 2.202566 -13.52391
v 7.646882 2.202566 -13.52391
v 4.653118 2.202566 -13.6346
v 7.646882 2.202566 -13.6346
v 4.653118 -0.7974344 -13.6346
v 7.646882 -0.7974344 -13.6346
v 4.653118 2.202566 -13.52391
v 7.646882 2.202566 -13.52391
v 4.653118 2.202566 -13.6346
v 7.646882 2.202566 -13.6346
v 4.653118 -0.7974344 -13.6346
v 4.653118 -0.7974344 -13.52391
v 7.646882 -0.7974344 -13.52391
v 7.646882 -0.7974344 -13.6346
v 7.646882 -0.7974344 -13.52391
v 7.646882 2.202566 -13.52391
v 7.646882 2.202566 -13.6346
v 7.646882 -0.7974344 -13.6346
v 4.653118 -0.7974344 -13.6346
v 4.653118 2.202566 -13.6346
v 4.653118 2.202566 -13.52391
v 4.653118 -0.7974344 -13.52391

vn 0 0 1
vn 0 0 1
vn 0 0 1
vn 0 0 1
vn 0 1 0
vn 0 1 0
vn 0 0 -1
vn 0 0 -1
vn 0 1 0
vn 0 1 0
vn 0 0 -1
vn 0 0 -1
vn 0 -1 0
vn 0 -1 0
vn 0 -1 0
vn 0 -1 0
vn 1 0 0
vn 1 0 0
vn 1 0 0
vn 1 0 0
vn -1 0 0
vn -1 0 0
vn -1 0 0
vn -1 0 0

vt 0 0
vt 1 0
vt 0 1
vt 1 1
vt 0 1
vt 1 1
vt 0 1
vt 1 1
vt 0 0
vt 1 0
vt 0 0
vt 1 0
vt 0 0
vt 0 1
vt 1 1
vt 1 0
vt 0 0
vt 0 1
vt 1 1
vt 1 0
vt 0 0
vt 0 1
vt 1 1
vt 1 0

usemtl Lit
usemap Lit
f 1636/1636/1636 1634/1634/1634 1637/1637/1637
f 1637/1637/1637 1634/1634/1634 1635/1635/1635
f 1638/1638/1638 1642/1642/1642 1639/1639/1639
f 1639/1639/1639 1642/1642/1642 1643/1643/1643
f 1640/1640/1640 1644/1644/1644 1641/1641/1641
f 1641/1641/1641 1644/1644/1644 1645/1645/1645
f 1647/1647/1647 1646/1646/1646 1648/1648/1648
f 1648/1648/1648 1646/1646/1646 1649/1649/1649
f 1651/1651/1651 1650/1650/1650 1652/1652/1652
f 1652/1652/1652 1650/1650/1650 1653/1653/1653
f 1655/1655/1655 1654/1654/1654 1656/1656/1656
f 1656/1656/1656 1654/1654/1654 1657/1657/1657
mtllib ./Map2.mtl
g SmallObjs_Colliders_Fence (35)_Box_Box
v -1.505882 -0.7974344 -13.52391
v 1.487882 -0.7974344 -13.52391
v -1.505882 2.202566 -13.52391
v 1.487882 2.202566 -13.52391
v -1.505882 2.202566 -13.6346
v 1.487882 2.202566 -13.6346
v -1.505882 -0.7974344 -13.6346
v 1.487882 -0.7974344 -13.6346
v -1.505882 2.202566 -13.52391
v 1.487882 2.202566 -13.52391
v -1.505882 2.202566 -13.6346
v 1.487882 2.202566 -13.6346
v -1.505882 -0.7974344 -13.6346
v -1.505882 -0.7974344 -13.52391
v 1.487882 -0.7974344 -13.52391
v 1.487882 -0.7974344 -13.6346
v 1.487882 -0.7974344 -13.52391
v 1.487882 2.202566 -13.52391
v 1.487882 2.202566 -13.6346
v 1.487882 -0.7974344 -13.6346
v -1.505882 -0.7974344 -13.6346
v -1.505882 2.202566 -13.6346
v -1.505882 2.202566 -13.52391
v -1.505882 -0.7974344 -13.52391

vn 0 0 1
vn 0 0 1
vn 0 0 1
vn 0 0 1
vn 0 1 0
vn 0 1 0
vn 0 0 -1
vn 0 0 -1
vn 0 1 0
vn 0 1 0
vn 0 0 -1
vn 0 0 -1
vn 0 -1 0
vn 0 -1 0
vn 0 -1 0
vn 0 -1 0
vn 1 0 0
vn 1 0 0
vn 1 0 0
vn 1 0 0
vn -1 0 0
vn -1 0 0
vn -1 0 0
vn -1 0 0

vt 0 0
vt 1 0
vt 0 1
vt 1 1
vt 0 1
vt 1 1
vt 0 1
vt 1 1
vt 0 0
vt 1 0
vt 0 0
vt 1 0
vt 0 0
vt 0 1
vt 1 1
vt 1 0
vt 0 0
vt 0 1
vt 1 1
vt 1 0
vt 0 0
vt 0 1
vt 1 1
vt 1 0

usemtl Lit
usemap Lit
f 1660/1660/1660 1658/1658/1658 1661/1661/1661
f 1661/1661/1661 1658/1658/1658 1659/1659/1659
f 1662/1662/1662 1666/1666/1666 1663/1663/1663
f 1663/1663/1663 1666/1666/1666 1667/1667/1667
f 1664/1664/1664 1668/1668/1668 1665/1665/1665
f 1665/1665/1665 1668/1668/1668 1669/1669/1669
f 1671/1671/1671 1670/1670/1670 1672/1672/1672
f 1672/1672/1672 1670/1670/1670 1673/1673/1673
f 1675/1675/1675 1674/1674/1674 1676/1676/1676
f 1676/1676/1676 1674/1674/1674 1677/1677/1677
f 1679/1679/1679 1678/1678/1678 1680/1680/1680
f 1680/1680/1680 1678/1678/1678 1681/1681/1681
mtllib ./Map2.mtl
g SmallObjs_Colliders_Guard_Box_Box
v 2.958895 -0.5 10.67581
v 2.970588 -0.5 9.67588
v 2.958895 2.5 10.67581
v 2.970588 2.5 9.67588
v 1.958964 2.5 10.66412
v 1.970657 2.5 9.664187
v 1.958964 -0.5 10.66412
v 1.970657 -0.5 9.664187
v 2.958895 2.5 10.67581
v 2.970588 2.5 9.67588
v 1.958964 2.5 10.66412
v 1.970657 2.5 9.664187
v 1.958964 -0.5 10.66412
v 2.958895 -0.5 10.67581
v 2.970588 -0.5 9.67588
v 1.970657 -0.5 9.664187
v 2.970588 -0.5 9.67588
v 2.970588 2.5 9.67588
v 1.970657 2.5 9.664187
v 1.970657 -0.5 9.664187
v 1.958964 -0.5 10.66412
v 1.958964 2.5 10.66412
v 2.958895 2.5 10.67581
v 2.958895 -0.5 10.67581

vn 0.9999316 0 0.01169324
vn 0.9999316 0 0.01169324
vn 0.9999316 0 0.01169324
vn 0.9999316 0 0.01169324
vn 0 1 0
vn 0 1 0
vn -0.9999316 0 -0.01169324
vn -0.9999316 0 -0.01169324
vn 0 1 0
vn 0 1 0
vn -0.9999316 0 -0.01169324
vn -0.9999316 0 -0.01169324
vn 0 -1 0
vn 0 -1 0
vn 0 -1 0
vn 0 -1 0
vn 0.01169324 0 -0.9999316
vn 0.01169324 0 -0.9999316
vn 0.01169324 0 -0.9999316
vn 0.01169324 0 -0.9999316
vn -0.01169324 0 0.9999316
vn -0.01169324 0 0.9999316
vn -0.01169324 0 0.9999316
vn -0.01169324 0 0.9999316

vt 0 0
vt 1 0
vt 0 1
vt 1 1
vt 0 1
vt 1 1
vt 0 1
vt 1 1
vt 0 0
vt 1 0
vt 0 0
vt 1 0
vt 0 0
vt 0 1
vt 1 1
vt 1 0
vt 0 0
vt 0 1
vt 1 1
vt 1 0
vt 0 0
vt 0 1
vt 1 1
vt 1 0

usemtl Lit
usemap Lit
f 1684/1684/1684 1682/1682/1682 1685/1685/1685
f 1685/1685/1685 1682/1682/1682 1683/1683/1683
f 1686/1686/1686 1690/1690/1690 1687/1687/1687
f 1687/1687/1687 1690/1690/1690 1691/1691/1691
f 1688/1688/1688 1692/1692/1692 1689/1689/1689
f 1689/1689/1689 1692/1692/1692 1693/1693/1693
f 1695/1695/1695 1694/1694/1694 1696/1696/1696
f 1696/1696/1696 1694/1694/1694 1697/1697/1697
f 1699/1699/1699 1698/1698/1698 1700/1700/1700
f 1700/1700/1700 1698/1698/1698 1701/1701/1701
f 1703/1703/1703 1702/1702/1702 1704/1704/1704
f 1704/1704/1704 1702/1702/1702 1705/1705/1705
mtllib ./Map2.mtl
g SmallObjs_Fence (27)_Box
v -13.54587 -0.7974344 -10.4167
v -13.54587 -0.7974344 -7.422933
v -13.54587 2.202566 -10.4167
v -13.54587 2.202566 -7.422933
v -13.43519 2.202566 -10.4167
v -13.43519 2.202566 -7.422933
v -13.43519 -0.7974344 -10.4167
v -13.43519 -0.7974344 -7.422933
v -13.54587 2.202566 -10.4167
v -13.54587 2.202566 -7.422933
v -13.43519 2.202566 -10.4167
v -13.43519 2.202566 -7.422933
v -13.43519 -0.7974344 -10.4167
v -13.54587 -0.7974344 -10.4167
v -13.54587 -0.7974344 -7.422933
v -13.43519 -0.7974344 -7.422933
v -13.54587 -0.7974344 -7.422933
v -13.54587 2.202566 -7.422933
v -13.43519 2.202566 -7.422933
v -13.43519 -0.7974344 -7.422933
v -13.43519 -0.7974344 -10.4167
v -13.43519 2.202566 -10.4167
v -13.54587 2.202566 -10.4167
v -13.54587 -0.7974344 -10.4167

vn -1 0 -1.192093E-07
vn -1 0 -1.192093E-07
vn -1 0 -1.192093E-07
vn -1 0 -1.192093E-07
vn 0 1 0
vn 0 1 0
vn 1 0 1.192093E-07
vn 1 0 1.192093E-07
vn 0 1 0
vn 0 1 0
vn 1 0 1.192093E-07
vn 1 0 1.192093E-07
vn 0 -1 0
vn 0 -1 0
vn 0 -1 0
vn 0 -1 0
vn -1.192093E-07 0 1
vn -1.192093E-07 0 1
vn -1.192093E-07 0 1
vn -1.192093E-07 0 1
vn 1.192093E-07 0 -1
vn 1.192093E-07 0 -1
vn 1.192093E-07 0 -1
vn 1.192093E-07 0 -1

vt 0 0
vt 1 0
vt 0 1
vt 1 1
vt 0 1
vt 1 1
vt 0 1
vt 1 1
vt 0 0
vt 1 0
vt 0 0
vt 1 0
vt 0 0
vt 0 1
vt 1 1
vt 1 0
vt 0 0
vt 0 1
vt 1 1
vt 1 0
vt 0 0
vt 0 1
vt 1 1
vt 1 0

usemtl Lit
usemap Lit
f 1708/1708/1708 1706/1706/1706 1709/1709/1709
f 1709/1709/1709 1706/1706/1706 1707/1707/1707
f 1710/1710/1710 1714/1714/1714 1711/1711/1711
f 1711/1711/1711 1714/1714/1714 1715/1715/1715
f 1712/1712/1712 1716/1716/1716 1713/1713/1713
f 1713/1713/1713 1716/1716/1716 1717/1717/1717
f 1719/1719/1719 1718/1718/1718 1720/1720/1720
f 1720/1720/1720 1718/1718/1718 1721/1721/1721
f 1723/1723/1723 1722/1722/1722 1724/1724/1724
f 1724/1724/1724 1722/1722/1722 1725/1725/1725
f 1727/1727/1727 1726/1726/1726 1728/1728/1728
f 1728/1728/1728 1726/1726/1726 1729/1729/1729
mtllib ./Map2.mtl
g SmallObjs_Colliders_Fence (4)_Box_Box
v -13.74688 -0.7974344 14.28609
v -10.75312 -0.7974344 14.28609
v -13.74688 2.202566 14.28609
v -10.75312 2.202566 14.28609
v -13.74688 2.202566 14.1754
v -10.75312 2.202566 14.1754
v -13.74688 -0.7974344 14.1754
v -10.75312 -0.7974344 14.1754
v -13.74688 2.202566 14.28609
v -10.75312 2.202566 14.28609
v -13.74688 2.202566 14.1754
v -10.75312 2.202566 14.1754
v -13.74688 -0.7974344 14.1754
v -13.74688 -0.7974344 14.28609
v -10.75312 -0.7974344 14.28609
v -10.75312 -0.7974344 14.1754
v -10.75312 -0.7974344 14.28609
v -10.75312 2.202566 14.28609
v -10.75312 2.202566 14.1754
v -10.75312 -0.7974344 14.1754
v -13.74688 -0.7974344 14.1754
v -13.74688 2.202566 14.1754
v -13.74688 2.202566 14.28609
v -13.74688 -0.7974344 14.28609

vn 0 0 1
vn 0 0 1
vn 0 0 1
vn 0 0 1
vn 0 1 0
vn 0 1 0
vn 0 0 -1
vn 0 0 -1
vn 0 1 0
vn 0 1 0
vn 0 0 -1
vn 0 0 -1
vn 0 -1 0
vn 0 -1 0
vn 0 -1 0
vn 0 -1 0
vn 1 0 0
vn 1 0 0
vn 1 0 0
vn 1 0 0
vn -1 0 0
vn -1 0 0
vn -1 0 0
vn -1 0 0

vt 0 0
vt 1 0
vt 0 1
vt 1 1
vt 0 1
vt 1 1
vt 0 1
vt 1 1
vt 0 0
vt 1 0
vt 0 0
vt 1 0
vt 0 0
vt 0 1
vt 1 1
vt 1 0
vt 0 0
vt 0 1
vt 1 1
vt 1 0
vt 0 0
vt 0 1
vt 1 1
vt 1 0

usemtl Lit
usemap Lit
f 1732/1732/1732 1730/1730/1730 1733/1733/1733
f 1733/1733/1733 1730/1730/1730 1731/1731/1731
f 1734/1734/1734 1738/1738/1738 1735/1735/1735
f 1735/1735/1735 1738/1738/1738 1739/1739/1739
f 1736/1736/1736 1740/1740/1740 1737/1737/1737
f 1737/1737/1737 1740/1740/1740 1741/1741/1741
f 1743/1743/1743 1742/1742/1742 1744/1744/1744
f 1744/1744/1744 1742/1742/1742 1745/1745/1745
f 1747/1747/1747 1746/1746/1746 1748/1748/1748
f 1748/1748/1748 1746/1746/1746 1749/1749/1749
f 1751/1751/1751 1750/1750/1750 1752/1752/1752
f 1752/1752/1752 1750/1750/1750 1753/1753/1753
mtllib ./Map2.mtl
g SmallObjs_Colliders_Fence (2)_Box_Box
v -7.646882 -0.7974344 14.28609
v -4.653118 -0.7974344 14.28609
v -7.646882 2.202566 14.28609
v -4.653118 2.202566 14.28609
v -7.646882 2.202566 14.1754
v -4.653118 2.202566 14.1754
v -7.646882 -0.7974344 14.1754
v -4.653118 -0.7974344 14.1754
v -7.646882 2.202566 14.28609
v -4.653118 2.202566 14.28609
v -7.646882 2.202566 14.1754
v -4.653118 2.202566 14.1754
v -7.646882 -0.7974344 14.1754
v -7.646882 -0.7974344 14.28609
v -4.653118 -0.7974344 14.28609
v -4.653118 -0.7974344 14.1754
v -4.653118 -0.7974344 14.28609
v -4.653118 2.202566 14.28609
v -4.653118 2.202566 14.1754
v -4.653118 -0.7974344 14.1754
v -7.646882 -0.7974344 14.1754
v -7.646882 2.202566 14.1754
v -7.646882 2.202566 14.28609
v -7.646882 -0.7974344 14.28609

vn 0 0 1
vn 0 0 1
vn 0 0 1
vn 0 0 1
vn 0 1 0
vn 0 1 0
vn 0 0 -1
vn 0 0 -1
vn 0 1 0
vn 0 1 0
vn 0 0 -1
vn 0 0 -1
vn 0 -1 0
vn 0 -1 0
vn 0 -1 0
vn 0 -1 0
vn 1 0 0
vn 1 0 0
vn 1 0 0
vn 1 0 0
vn -1 0 0
vn -1 0 0
vn -1 0 0
vn -1 0 0

vt 0 0
vt 1 0
vt 0 1
vt 1 1
vt 0 1
vt 1 1
vt 0 1
vt 1 1
vt 0 0
vt 1 0
vt 0 0
vt 1 0
vt 0 0
vt 0 1
vt 1 1
vt 1 0
vt 0 0
vt 0 1
vt 1 1
vt 1 0
vt 0 0
vt 0 1
vt 1 1
vt 1 0

usemtl Lit
usemap Lit
f 1756/1756/1756 1754/1754/1754 1757/1757/1757
f 1757/1757/1757 1754/1754/1754 1755/1755/1755
f 1758/1758/1758 1762/1762/1762 1759/1759/1759
f 1759/1759/1759 1762/1762/1762 1763/1763/1763
f 1760/1760/1760 1764/1764/1764 1761/1761/1761
f 1761/1761/1761 1764/1764/1764 1765/1765/1765
f 1767/1767/1767 1766/1766/1766 1768/1768/1768
f 1768/1768/1768 1766/1766/1766 1769/1769/1769
f 1771/1771/1771 1770/1770/1770 1772/1772/1772
f 1772/1772/1772 1770/1770/1770 1773/1773/1773
f 1775/1775/1775 1774/1774/1774 1776/1776/1776
f 1776/1776/1776 1774/1774/1774 1777/1777/1777
mtllib ./Map2.mtl
g Lights_Torchlight (2)_Box
v -9.63979 -0.6498069 6.270646
v -9.125389 -0.6498069 6.270646
v -9.63979 2.350193 6.270646
v -9.125389 2.350193 6.270646
v -9.63979 2.350193 5.630169
v -9.125389 2.350193 5.630169
v -9.63979 -0.6498069 5.630169
v -9.125389 -0.6498069 5.630169
v -9.63979 2.350193 6.270646
v -9.125389 2.350193 6.270646
v -9.63979 2.350193 5.630169
v -9.125389 2.350193 5.630169
v -9.63979 -0.6498069 5.630169
v -9.63979 -0.6498069 6.270646
v -9.125389 -0.6498069 6.270646
v -9.125389 -0.6498069 5.630169
v -9.125389 -0.6498069 6.270646
v -9.125389 2.350193 6.270646
v -9.125389 2.350193 5.630169
v -9.125389 -0.6498069 5.630169
v -9.63979 -0.6498069 5.630169
v -9.63979 2.350193 5.630169
v -9.63979 2.350193 6.270646
v -9.63979 -0.6498069 6.270646

vn 0 0 1
vn 0 0 1
vn 0 0 1
vn 0 0 1
vn 0 1 0
vn 0 1 0
vn 0 0 -1
vn 0 0 -1
vn 0 1 0
vn 0 1 0
vn 0 0 -1
vn 0 0 -1
vn 0 -1 0
vn 0 -1 0
vn 0 -1 0
vn 0 -1 0
vn 1 0 0
vn 1 0 0
vn 1 0 0
vn 1 0 0
vn -1 0 0
vn -1 0 0
vn -1 0 0
vn -1 0 0

vt 0 0
vt 1 0
vt 0 1
vt 1 1
vt 0 1
vt 1 1
vt 0 1
vt 1 1
vt 0 0
vt 1 0
vt 0 0
vt 1 0
vt 0 0
vt 0 1
vt 1 1
vt 1 0
vt 0 0
vt 0 1
vt 1 1
vt 1 0
vt 0 0
vt 0 1
vt 1 1
vt 1 0

usemtl Lit
usemap Lit
f 1780/1780/1780 1778/1778/1778 1781/1781/1781
f 1781/1781/1781 1778/1778/1778 1779/1779/1779
f 1782/1782/1782 1786/1786/1786 1783/1783/1783
f 1783/1783/1783 1786/1786/1786 1787/1787/1787
f 1784/1784/1784 1788/1788/1788 1785/1785/1785
f 1785/1785/1785 1788/1788/1788 1789/1789/1789
f 1791/1791/1791 1790/1790/1790 1792/1792/1792
f 1792/1792/1792 1790/1790/1790 1793/1793/1793
f 1795/1795/1795 1794/1794/1794 1796/1796/1796
f 1796/1796/1796 1794/1794/1794 1797/1797/1797
f 1799/1799/1799 1798/1798/1798 1800/1800/1800
f 1800/1800/1800 1798/1798/1798 1801/1801/1801
mtllib ./Map2.mtl
g Lights_Torchlight_Box
v -3.499789 -0.6498069 -0.1193543
v -2.985388 -0.6498069 -0.1193543
v -3.499789 2.350193 -0.1193543
v -2.985388 2.350193 -0.1193543
v -3.499789 2.350193 -0.7598306
v -2.985388 2.350193 -0.7598306
v -3.499789 -0.6498069 -0.7598306
v -2.985388 -0.6498069 -0.7598306
v -3.499789 2.350193 -0.1193543
v -2.985388 2.350193 -0.1193543
v -3.499789 2.350193 -0.7598306
v -2.985388 2.350193 -0.7598306
v -3.499789 -0.6498069 -0.7598306
v -3.499789 -0.6498069 -0.1193543
v -2.985388 -0.6498069 -0.1193543
v -2.985388 -0.6498069 -0.7598306
v -2.985388 -0.6498069 -0.1193543
v -2.985388 2.350193 -0.1193543
v -2.985388 2.350193 -0.7598306
v -2.985388 -0.6498069 -0.7598306
v -3.499789 -0.6498069 -0.7598306
v -3.499789 2.350193 -0.7598306
v -3.499789 2.350193 -0.1193543
v -3.499789 -0.6498069 -0.1193543

vn 0 0 1
vn 0 0 1
vn 0 0 1
vn 0 0 1
vn 0 1 0
vn 0 1 0
vn 0 0 -1
vn 0 0 -1
vn 0 1 0
vn 0 1 0
vn 0 0 -1
vn 0 0 -1
vn 0 -1 0
vn 0 -1 0
vn 0 -1 0
vn 0 -1 0
vn 1 0 0
vn 1 0 0
vn 1 0 0
vn 1 0 0
vn -1 0 0
vn -1 0 0
vn -1 0 0
vn -1 0 0

vt 0 0
vt 1 0
vt 0 1
vt 1 1
vt 0 1
vt 1 1
vt 0 1
vt 1 1
vt 0 0
vt 1 0
vt 0 0
vt 1 0
vt 0 0
vt 0 1
vt 1 1
vt 1 0
vt 0 0
vt 0 1
vt 1 1
vt 1 0
vt 0 0
vt 0 1
vt 1 1
vt 1 0

usemtl Lit
usemap Lit
f 1804/1804/1804 1802/1802/1802 1805/1805/1805
f 1805/1805/1805 1802/1802/1802 1803/1803/1803
f 1806/1806/1806 1810/1810/1810 1807/1807/1807
f 1807/1807/1807 1810/1810/1810 1811/1811/1811
f 1808/1808/1808 1812/1812/1812 1809/1809/1809
f 1809/1809/1809 1812/1812/1812 1813/1813/1813
f 1815/1815/1815 1814/1814/1814 1816/1816/1816
f 1816/1816/1816 1814/1814/1814 1817/1817/1817
f 1819/1819/1819 1818/1818/1818 1820/1820/1820
f 1820/1820/1820 1818/1818/1818 1821/1821/1821
f 1823/1823/1823 1822/1822/1822 1824/1824/1824
f 1824/1824/1824 1822/1822/1822 1825/1825/1825
mtllib ./Map2.mtl
g SmallObjs_Fence (29)_Box
v -13.44734 -0.7974344 1.912925
v -13.44734 -0.7974344 4.90669
v -13.44734 2.202566 1.912925
v -13.44734 2.202566 4.90669
v -13.33666 2.202566 1.912925
v -13.33666 2.202566 4.90669
v -13.33666 -0.7974344 1.912925
v -13.33666 -0.7974344 4.90669
v -13.44734 2.202566 1.912925
v -13.44734 2.202566 4.90669
v -13.33666 2.202566 1.912925
v -13.33666 2.202566 4.90669
v -13.33666 -0.7974344 1.912925
v -13.44734 -0.7974344 1.912925
v -13.44734 -0.7974344 4.90669
v -13.33666 -0.7974344 4.90669
v -13.44734 -0.7974344 4.90669
v -13.44734 2.202566 4.90669
v -13.33666 2.202566 4.90669
v -13.33666 -0.7974344 4.90669
v -13.33666 -0.7974344 1.912925
v -13.33666 2.202566 1.912925
v -13.44734 2.202566 1.912925
v -13.44734 -0.7974344 1.912925

vn -1 0 -1.192093E-07
vn -1 0 -1.192093E-07
vn -1 0 -1.192093E-07
vn -1 0 -1.192093E-07
vn 0 1 0
vn 0 1 0
vn 1 0 1.192093E-07
vn 1 0 1.192093E-07
vn 0 1 0
vn 0 1 0
vn 1 0 1.192093E-07
vn 1 0 1.192093E-07
vn 0 -1 0
vn 0 -1 0
vn 0 -1 0
vn 0 -1 0
vn -1.192093E-07 0 1
vn -1.192093E-07 0 1
vn -1.192093E-07 0 1
vn -1.192093E-07 0 1
vn 1.192093E-07 0 -1
vn 1.192093E-07 0 -1
vn 1.192093E-07 0 -1
vn 1.192093E-07 0 -1

vt 0 0
vt 1 0
vt 0 1
vt 1 1
vt 0 1
vt 1 1
vt 0 1
vt 1 1
vt 0 0
vt 1 0
vt 0 0
vt 1 0
vt 0 0
vt 0 1
vt 1 1
vt 1 0
vt 0 0
vt 0 1
vt 1 1
vt 1 0
vt 0 0
vt 0 1
vt 1 1
vt 1 0

usemtl Lit
usemap Lit
f 1828/1828/1828 1826/1826/1826 1829/1829/1829
f 1829/1829/1829 1826/1826/1826 1827/1827/1827
f 1830/1830/1830 1834/1834/1834 1831/1831/1831
f 1831/1831/1831 1834/1834/1834 1835/1835/1835
f 1832/1832/1832 1836/1836/1836 1833/1833/1833
f 1833/1833/1833 1836/1836/1836 1837/1837/1837
f 1839/1839/1839 1838/1838/1838 1840/1840/1840
f 1840/1840/1840 1838/1838/1838 1841/1841/1841
f 1843/1843/1843 1842/1842/1842 1844/1844/1844
f 1844/1844/1844 1842/1842/1842 1845/1845/1845
f 1847/1847/1847 1846/1846/1846 1848/1848/1848
f 1848/1848/1848 1846/1846/1846 1849/1849/1849
mtllib ./Map2.mtl
g SmallObjs_Colliders_Fence (3)_Box_Box
v -10.74688 -0.7974344 14.28609
v -7.753118 -0.7974344 14.28609
v -10.74688 2.202566 14.28609
v -7.753118 2.202566 14.28609
v -10.74688 2.202566 14.1754
v -7.753118 2.202566 14.1754
v -10.74688 -0.7974344 14.1754
v -7.753118 -0.7974344 14.1754
v -10.74688 2.202566 14.28609
v -7.753118 2.202566 14.28609
v -10.74688 2.202566 14.1754
v -7.753118 2.202566 14.1754
v -10.74688 -0.7974344 14.1754
v -10.74688 -0.7974344 14.28609
v -7.753118 -0.7974344 14.28609
v -7.753118 -0.7974344 14.1754
v -7.753118 -0.7974344 14.28609
v -7.753118 2.202566 14.28609
v -7.753118 2.202566 14.1754
v -7.753118 -0.7974344 14.1754
v -10.74688 -0.7974344 14.1754
v -10.74688 2.202566 14.1754
v -10.74688 2.202566 14.28609
v -10.74688 -0.7974344 14.28609

vn 0 0 1
vn 0 0 1
vn 0 0 1
vn 0 0 1
vn 0 1 0
vn 0 1 0
vn 0 0 -1
vn 0 0 -1
vn 0 1 0
vn 0 1 0
vn 0 0 -1
vn 0 0 -1
vn 0 -1 0
vn 0 -1 0
vn 0 -1 0
vn 0 -1 0
vn 1 0 0
vn 1 0 0
vn 1 0 0
vn 1 0 0
vn -1 0 0
vn -1 0 0
vn -1 0 0
vn -1 0 0

vt 0 0
vt 1 0
vt 0 1
vt 1 1
vt 0 1
vt 1 1
vt 0 1
vt 1 1
vt 0 0
vt 1 0
vt 0 0
vt 1 0
vt 0 0
vt 0 1
vt 1 1
vt 1 0
vt 0 0
vt 0 1
vt 1 1
vt 1 0
vt 0 0
vt 0 1
vt 1 1
vt 1 0

usemtl Lit
usemap Lit
f 1852/1852/1852 1850/1850/1850 1853/1853/1853
f 1853/1853/1853 1850/1850/1850 1851/1851/1851
f 1854/1854/1854 1858/1858/1858 1855/1855/1855
f 1855/1855/1855 1858/1858/1858 1859/1859/1859
f 1856/1856/1856 1860/1860/1860 1857/1857/1857
f 1857/1857/1857 1860/1860/1860 1861/1861/1861
f 1863/1863/1863 1862/1862/1862 1864/1864/1864
f 1864/1864/1864 1862/1862/1862 1865/1865/1865
f 1867/1867/1867 1866/1866/1866 1868/1868/1868
f 1868/1868/1868 1866/1866/1866 1869/1869/1869
f 1871/1871/1871 1870/1870/1870 1872/1872/1872
f 1872/1872/1872 1870/1870/1870 1873/1873/1873
mtllib ./Map2.mtl
g SmallObjs_Colliders_Fence (23)_Box_Box
v 13.59972 -0.7974344 8.074215
v 13.59972 -0.7974344 11.06798
v 13.59972 2.202566 8.074215
v 13.59972 2.202566 11.06798
v 13.7104 2.202566 8.074215
v 13.7104 2.202566 11.06798
v 13.7104 -0.7974344 8.074215
v 13.7104 -0.7974344 11.06798
v 13.59972 2.202566 8.074215
v 13.59972 2.202566 11.06798
v 13.7104 2.202566 8.074215
v 13.7104 2.202566 11.06798
v 13.7104 -0.7974344 8.074215
v 13.59972 -0.7974344 8.074215
v 13.59972 -0.7974344 11.06798
v 13.7104 -0.7974344 11.06798
v 13.59972 -0.7974344 11.06798
v 13.59972 2.202566 11.06798
v 13.7104 2.202566 11.06798
v 13.7104 -0.7974344 11.06798
v 13.7104 -0.7974344 8.074215
v 13.7104 2.202566 8.074215
v 13.59972 2.202566 8.074215
v 13.59972 -0.7974344 8.074215

vn -1 0 -1.192093E-07
vn -1 0 -1.192093E-07
vn -1 0 -1.192093E-07
vn -1 0 -1.192093E-07
vn 0 1 0
vn 0 1 0
vn 1 0 1.192093E-07
vn 1 0 1.192093E-07
vn 0 1 0
vn 0 1 0
vn 1 0 1.192093E-07
vn 1 0 1.192093E-07
vn 0 -1 0
vn 0 -1 0
vn 0 -1 0
vn 0 -1 0
vn -1.192093E-07 0 1
vn -1.192093E-07 0 1
vn -1.192093E-07 0 1
vn -1.192093E-07 0 1
vn 1.192093E-07 0 -1
vn 1.192093E-07 0 -1
vn 1.192093E-07 0 -1
vn 1.192093E-07 0 -1

vt 0 0
vt 1 0
vt 0 1
vt 1 1
vt 0 1
vt 1 1
vt 0 1
vt 1 1
vt 0 0
vt 1 0
vt 0 0
vt 1 0
vt 0 0
vt 0 1
vt 1 1
vt 1 0
vt 0 0
vt 0 1
vt 1 1
vt 1 0
vt 0 0
vt 0 1
vt 1 1
vt 1 0

usemtl Lit
usemap Lit
f 1876/1876/1876 1874/1874/1874 1877/1877/1877
f 1877/1877/1877 1874/1874/1874 1875/1875/1875
f 1878/1878/1878 1882/1882/1882 1879/1879/1879
f 1879/1879/1879 1882/1882/1882 1883/1883/1883
f 1880/1880/1880 1884/1884/1884 1881/1881/1881
f 1881/1881/1881 1884/1884/1884 1885/1885/1885
f 1887/1887/1887 1886/1886/1886 1888/1888/1888
f 1888/1888/1888 1886/1886/1886 1889/1889/1889
f 1891/1891/1891 1890/1890/1890 1892/1892/1892
f 1892/1892/1892 1890/1890/1890 1893/1893/1893
f 1895/1895/1895 1894/1894/1894 1896/1896/1896
f 1896/1896/1896 1894/1894/1894 1897/1897/1897
mtllib ./Map2.mtl
g SmallObjs_Fence (18)_Box
v 13.47675 -0.7974344 -7.315281
v 13.47675 -0.7974344 -4.321516
v 13.47675 2.202566 -7.315281
v 13.47675 2.202566 -4.321516
v 13.58743 2.202566 -7.315281
v 13.58743 2.202566 -4.321516
v 13.58743 -0.7974344 -7.315281
v 13.58743 -0.7974344 -4.321516
v 13.47675 2.202566 -7.315281
v 13.47675 2.202566 -4.321516
v 13.58743 2.202566 -7.315281
v 13.58743 2.202566 -4.321516
v 13.58743 -0.7974344 -7.315281
v 13.47675 -0.7974344 -7.315281
v 13.47675 -0.7974344 -4.321516
v 13.58743 -0.7974344 -4.321516
v 13.47675 -0.7974344 -4.321516
v 13.47675 2.202566 -4.321516
v 13.58743 2.202566 -4.321516
v 13.58743 -0.7974344 -4.321516
v 13.58743 -0.7974344 -7.315281
v 13.58743 2.202566 -7.315281
v 13.47675 2.202566 -7.315281
v 13.47675 -0.7974344 -7.315281

vn -1 0 -1.192093E-07
vn -1 0 -1.192093E-07
vn -1 0 -1.192093E-07
vn -1 0 -1.192093E-07
vn 0 1 0
vn 0 1 0
vn 1 0 1.192093E-07
vn 1 0 1.192093E-07
vn 0 1 0
vn 0 1 0
vn 1 0 1.192093E-07
vn 1 0 1.192093E-07
vn 0 -1 0
vn 0 -1 0
vn 0 -1 0
vn 0 -1 0
vn -1.192093E-07 0 1
vn -1.192093E-07 0 1
vn -1.192093E-07 0 1
vn -1.192093E-07 0 1
vn 1.192093E-07 0 -1
vn 1.192093E-07 0 -1
vn 1.192093E-07 0 -1
vn 1.192093E-07 0 -1

vt 0 0
vt 1 0
vt 0 1
vt 1 1
vt 0 1
vt 1 1
vt 0 1
vt 1 1
vt 0 0
vt 1 0
vt 0 0
vt 1 0
vt 0 0
vt 0 1
vt 1 1
vt 1 0
vt 0 0
vt 0 1
vt 1 1
vt 1 0
vt 0 0
vt 0 1
vt 1 1
vt 1 0

usemtl Lit
usemap Lit
f 1900/1900/1900 1898/1898/1898 1901/1901/1901
f 1901/1901/1901 1898/1898/1898 1899/1899/1899
f 1902/1902/1902 1906/1906/1906 1903/1903/1903
f 1903/1903/1903 1906/1906/1906 1907/1907/1907
f 1904/1904/1904 1908/1908/1908 1905/1905/1905
f 1905/1905/1905 1908/1908/1908 1909/1909/1909
f 1911/1911/1911 1910/1910/1910 1912/1912/1912
f 1912/1912/1912 1910/1910/1910 1913/1913/1913
f 1915/1915/1915 1914/1914/1914 1916/1916/1916
f 1916/1916/1916 1914/1914/1914 1917/1917/1917
f 1919/1919/1919 1918/1918/1918 1920/1920/1920
f 1920/1920/1920 1918/1918/1918 1921/1921/1921
mtllib ./Map2.mtl
g SmallObjs_Colliders_Fence (16)_Box_Box
v 10.77212 -0.7974344 -13.52391
v 13.76588 -0.7974344 -13.52391
v 10.77212 2.202566 -13.52391
v 13.76588 2.202566 -13.52391
v 10.77212 2.202566 -13.6346
v 13.76588 2.202566 -13.6346
v 10.77212 -0.7974344 -13.6346
v 13.76588 -0.7974344 -13.6346
v 10.77212 2.202566 -13.52391
v 13.76588 2.202566 -13.52391
v 10.77212 2.202566 -13.6346
v 13.76588 2.202566 -13.6346
v 10.77212 -0.7974344 -13.6346
v 10.77212 -0.7974344 -13.52391
v 13.76588 -0.7974344 -13.52391
v 13.76588 -0.7974344 -13.6346
v 13.76588 -0.7974344 -13.52391
v 13.76588 2.202566 -13.52391
v 13.76588 2.202566 -13.6346
v 13.76588 -0.7974344 -13.6346
v 10.77212 -0.7974344 -13.6346
v 10.77212 2.202566 -13.6346
v 10.77212 2.202566 -13.52391
v 10.77212 -0.7974344 -13.52391

vn 0 0 1
vn 0 0 1
vn 0 0 1
vn 0 0 1
vn 0 1 0
vn 0 1 0
vn 0 0 -1
vn 0 0 -1
vn 0 1 0
vn 0 1 0
vn 0 0 -1
vn 0 0 -1
vn 0 -1 0
vn 0 -1 0
vn 0 -1 0
vn 0 -1 0
vn 1 0 0
vn 1 0 0
vn 1 0 0
vn 1 0 0
vn -1 0 0
vn -1 0 0
vn -1 0 0
vn -1 0 0

vt 0 0
vt 1 0
vt 0 1
vt 1 1
vt 0 1
vt 1 1
vt 0 1
vt 1 1
vt 0 0
vt 1 0
vt 0 0
vt 1 0
vt 0 0
vt 0 1
vt 1 1
vt 1 0
vt 0 0
vt 0 1
vt 1 1
vt 1 0
vt 0 0
vt 0 1
vt 1 1
vt 1 0

usemtl Lit
usemap Lit
f 1924/1924/1924 1922/1922/1922 1925/1925/1925
f 1925/1925/1925 1922/1922/1922 1923/1923/1923
f 1926/1926/1926 1930/1930/1930 1927/1927/1927
f 1927/1927/1927 1930/1930/1930 1931/1931/1931
f 1928/1928/1928 1932/1932/1932 1929/1929/1929
f 1929/1929/1929 1932/1932/1932 1933/1933/1933
f 1935/1935/1935 1934/1934/1934 1936/1936/1936
f 1936/1936/1936 1934/1934/1934 1937/1937/1937
f 1939/1939/1939 1938/1938/1938 1940/1940/1940
f 1940/1940/1940 1938/1938/1938 1941/1941/1941
f 1943/1943/1943 1942/1942/1942 1944/1944/1944
f 1944/1944/1944 1942/1942/1942 1945/1945/1945
mtllib ./Map2.mtl
g SmallObjs_Colliders_Fence (32)_Box_Box
v -13.37393 -0.7974344 11.10162
v -13.37393 -0.7974344 14.09538
v -13.37393 2.202566 11.10162
v -13.37393 2.202566 14.09538
v -13.26325 2.202566 11.10162
v -13.26325 2.202566 14.09538
v -13.26325 -0.7974344 11.10162
v -13.26325 -0.7974344 14.09538
v -13.37393 2.202566 11.10162
v -13.37393 2.202566 14.09538
v -13.26325 2.202566 11.10162
v -13.26325 2.202566 14.09538
v -13.26325 -0.7974344 11.10162
v -13.37393 -0.7974344 11.10162
v -13.37393 -0.7974344 14.09538
v -13.26325 -0.7974344 14.09538
v -13.37393 -0.7974344 14.09538
v -13.37393 2.202566 14.09538
v -13.26325 2.202566 14.09538
v -13.26325 -0.7974344 14.09538
v -13.26325 -0.7974344 11.10162
v -13.26325 2.202566 11.10162
v -13.37393 2.202566 11.10162
v -13.37393 -0.7974344 11.10162

vn -1 0 -1.192093E-07
vn -1 0 -1.192093E-07
vn -1 0 -1.192093E-07
vn -1 0 -1.192093E-07
vn 0 1 0
vn 0 1 0
vn 1 0 1.192093E-07
vn 1 0 1.192093E-07
vn 0 1 0
vn 0 1 0
vn 1 0 1.192093E-07
vn 1 0 1.192093E-07
vn 0 -1 0
vn 0 -1 0
vn 0 -1 0
vn 0 -1 0
vn -1.192093E-07 0 1
vn -1.192093E-07 0 1
vn -1.192093E-07 0 1
vn -1.192093E-07 0 1
vn 1.192093E-07 0 -1
vn 1.192093E-07 0 -1
vn 1.192093E-07 0 -1
vn 1.192093E-07 0 -1

vt 0 0
vt 1 0
vt 0 1
vt 1 1
vt 0 1
vt 1 1
vt 0 1
vt 1 1
vt 0 0
vt 1 0
vt 0 0
vt 1 0
vt 0 0
vt 0 1
vt 1 1
vt 1 0
vt 0 0
vt 0 1
vt 1 1
vt 1 0
vt 0 0
vt 0 1
vt 1 1
vt 1 0

usemtl Lit
usemap Lit
f 1948/1948/1948 1946/1946/1946 1949/1949/1949
f 1949/1949/1949 1946/1946/1946 1947/1947/1947
f 1950/1950/1950 1954/1954/1954 1951/1951/1951
f 1951/1951/1951 1954/1954/1954 1955/1955/1955
f 1952/1952/1952 1956/1956/1956 1953/1953/1953
f 1953/1953/1953 1956/1956/1956 1957/1957/1957
f 1959/1959/1959 1958/1958/1958 1960/1960/1960
f 1960/1960/1960 1958/1958/1958 1961/1961/1961
f 1963/1963/1963 1962/1962/1962 1964/1964/1964
f 1964/1964/1964 1962/1962/1962 1965/1965/1965
f 1967/1967/1967 1966/1966/1966 1968/1968/1968
f 1968/1968/1968 1966/1966/1966 1969/1969/1969
mtllib ./Map2.mtl
g SmallObjs_Fence (21)_Box
v 13.5505 -0.7974344 1.914427
v 13.5505 -0.7974344 4.908192
v 13.5505 2.202566 1.914427
v 13.5505 2.202566 4.908192
v 13.66118 2.202566 1.914427
v 13.66118 2.202566 4.908192
v 13.66118 -0.7974344 1.914427
v 13.66118 -0.7974344 4.908192
v 13.5505 2.202566 1.914427
v 13.5505 2.202566 4.908192
v 13.66118 2.202566 1.914427
v 13.66118 2.202566 4.908192
v 13.66118 -0.7974344 1.914427
v 13.5505 -0.7974344 1.914427
v 13.5505 -0.7974344 4.908192
v 13.66118 -0.7974344 4.908192
v 13.5505 -0.7974344 4.908192
v 13.5505 2.202566 4.908192
v 13.66118 2.202566 4.908192
v 13.66118 -0.7974344 4.908192
v 13.66118 -0.7974344 1.914427
v 13.66118 2.202566 1.914427
v 13.5505 2.202566 1.914427
v 13.5505 -0.7974344 1.914427

vn -1 0 -1.192093E-07
vn -1 0 -1.192093E-07
vn -1 0 -1.192093E-07
vn -1 0 -1.192093E-07
vn 0 1 0
vn 0 1 0
vn 1 0 1.192093E-07
vn 1 0 1.192093E-07
vn 0 1 0
vn 0 1 0
vn 1 0 1.192093E-07
vn 1 0 1.192093E-07
vn 0 -1 0
vn 0 -1 0
vn 0 -1 0
vn 0 -1 0
vn -1.192093E-07 0 1
vn -1.192093E-07 0 1
vn -1.192093E-07 0 1
vn -1.192093E-07 0 1
vn 1.192093E-07 0 -1
vn 1.192093E-07 0 -1
vn 1.192093E-07 0 -1
vn 1.192093E-07 0 -1

vt 0 0
vt 1 0
vt 0 1
vt 1 1
vt 0 1
vt 1 1
vt 0 1
vt 1 1
vt 0 0
vt 1 0
vt 0 0
vt 1 0
vt 0 0
vt 0 1
vt 1 1
vt 1 0
vt 0 0
vt 0 1
vt 1 1
vt 1 0
vt 0 0
vt 0 1
vt 1 1
vt 1 0

usemtl Lit
usemap Lit
f 1972/1972/1972 1970/1970/1970 1973/1973/1973
f 1973/1973/1973 1970/1970/1970 1971/1971/1971
f 1974/1974/1974 1978/1978/1978 1975/1975/1975
f 1975/1975/1975 1978/1978/1978 1979/1979/1979
f 1976/1976/1976 1980/1980/1980 1977/1977/1977
f 1977/1977/1977 1980/1980/1980 1981/1981/1981
f 1983/1983/1983 1982/1982/1982 1984/1984/1984
f 1984/1984/1984 1982/1982/1982 1985/1985/1985
f 1987/1987/1987 1986/1986/1986 1988/1988/1988
f 1988/1988/1988 1986/1986/1986 1989/1989/1989
f 1991/1991/1991 1990/1990/1990 1992/1992/1992
f 1992/1992/1992 1990/1990/1990 1993/1993/1993
mtllib ./Map2.mtl
g SmallObjs_Colliders_Fence (11)_Box_Box
v -10.74688 -0.7974344 -13.52391
v -7.753118 -0.7974344 -13.52391
v -10.74688 2.202566 -13.52391
v -7.753118 2.202566 -13.52391
v -10.74688 2.202566 -13.6346
v -7.753118 2.202566 -13.6346
v -10.74688 -0.7974344 -13.6346
v -7.753118 -0.7974344 -13.6346
v -10.74688 2.202566 -13.52391
v -7.753118 2.202566 -13.52391
v -10.74688 2.202566 -13.6346
v -7.753118 2.202566 -13.6346
v -10.74688 -0.7974344 -13.6346
v -10.74688 -0.7974344 -13.52391
v -7.753118 -0.7974344 -13.52391
v -7.753118 -0.7974344 -13.6346
v -7.753118 -0.7974344 -13.52391
v -7.753118 2.202566 -13.52391
v -7.753118 2.202566 -13.6346
v -7.753118 -0.7974344 -13.6346
v -10.74688 -0.7974344 -13.6346
v -10.74688 2.202566 -13.6346
v -10.74688 2.202566 -13.52391
v -10.74688 -0.7974344 -13.52391

vn 0 0 1
vn 0 0 1
vn 0 0 1
vn 0 0 1
vn 0 1 0
vn 0 1 0
vn 0 0 -1
vn 0 0 -1
vn 0 1 0
vn 0 1 0
vn 0 0 -1
vn 0 0 -1
vn 0 -1 0
vn 0 -1 0
vn 0 -1 0
vn 0 -1 0
vn 1 0 0
vn 1 0 0
vn 1 0 0
vn 1 0 0
vn -1 0 0
vn -1 0 0
vn -1 0 0
vn -1 0 0

vt 0 0
vt 1 0
vt 0 1
vt 1 1
vt 0 1
vt 1 1
vt 0 1
vt 1 1
vt 0 0
vt 1 0
vt 0 0
vt 1 0
vt 0 0
vt 0 1
vt 1 1
vt 1 0
vt 0 0
vt 0 1
vt 1 1
vt 1 0
vt 0 0
vt 0 1
vt 1 1
vt 1 0

usemtl Lit
usemap Lit
f 1996/1996/1996 1994/1994/1994 1997/1997/1997
f 1997/1997/1997 1994/1994/1994 1995/1995/1995
f 1998/1998/1998 2002/2002/2002 1999/1999/1999
f 1999/1999/1999 2002/2002/2002 2003/2003/2003
f 2000/2000/2000 2004/2004/2004 2001/2001/2001
f 2001/2001/2001 2004/2004/2004 2005/2005/2005
f 2007/2007/2007 2006/2006/2006 2008/2008/2008
f 2008/2008/2008 2006/2006/2006 2009/2009/2009
f 2011/2011/2011 2010/2010/2010 2012/2012/2012
f 2012/2012/2012 2010/2010/2010 2013/2013/2013
f 2015/2015/2015 2014/2014/2014 2016/2016/2016
f 2016/2016/2016 2014/2014/2014 2017/2017/2017
mtllib ./Map2.mtl
g SmallObjs_Colliders_Fence (13)_Box_Box
v 1.583118 -0.7974344 -13.52391
v 4.576882 -0.7974344 -13.52391
v 1.583118 2.202566 -13.52391
v 4.576882 2.202566 -13.52391
v 1.583118 2.202566 -13.6346
v 4.576882 2.202566 -13.6346
v 1.583118 -0.7974344 -13.6346
v 4.576882 -0.7974344 -13.6346
v 1.583118 2.202566 -13.52391
v 4.576882 2.202566 -13.52391
v 1.583118 2.202566 -13.6346
v 4.576882 2.202566 -13.6346
v 1.583118 -0.7974344 -13.6346
v 1.583118 -0.7974344 -13.52391
v 4.576882 -0.7974344 -13.52391
v 4.576882 -0.7974344 -13.6346
v 4.576882 -0.7974344 -13.52391
v 4.576882 2.202566 -13.52391
v 4.576882 2.202566 -13.6346
v 4.576882 -0.7974344 -13.6346
v 1.583118 -0.7974344 -13.6346
v 1.583118 2.202566 -13.6346
v 1.583118 2.202566 -13.52391
v 1.583118 -0.7974344 -13.52391

vn 0 0 1
vn 0 0 1
vn 0 0 1
vn 0 0 1
vn 0 1 0
vn 0 1 0
vn 0 0 -1
vn 0 0 -1
vn 0 1 0
vn 0 1 0
vn 0 0 -1
vn 0 0 -1
vn 0 -1 0
vn 0 -1 0
vn 0 -1 0
vn 0 -1 0
vn 1 0 0
vn 1 0 0
vn 1 0 0
vn 1 0 0
vn -1 0 0
vn -1 0 0
vn -1 0 0
vn -1 0 0

vt 0 0
vt 1 0
vt 0 1
vt 1 1
vt 0 1
vt 1 1
vt 0 1
vt 1 1
vt 0 0
vt 1 0
vt 0 0
vt 1 0
vt 0 0
vt 0 1
vt 1 1
vt 1 0
vt 0 0
vt 0 1
vt 1 1
vt 1 0
vt 0 0
vt 0 1
vt 1 1
vt 1 0

usemtl Lit
usemap Lit
f 2020/2020/2020 2018/2018/2018 2021/2021/2021
f 2021/2021/2021 2018/2018/2018 2019/2019/2019
f 2022/2022/2022 2026/2026/2026 2023/2023/2023
f 2023/2023/2023 2026/2026/2026 2027/2027/2027
f 2024/2024/2024 2028/2028/2028 2025/2025/2025
f 2025/2025/2025 2028/2028/2028 2029/2029/2029
f 2031/2031/2031 2030/2030/2030 2032/2032/2032
f 2032/2032/2032 2030/2030/2030 2033/2033/2033
f 2035/2035/2035 2034/2034/2034 2036/2036/2036
f 2036/2036/2036 2034/2034/2034 2037/2037/2037
f 2039/2039/2039 2038/2038/2038 2040/2040/2040
f 2040/2040/2040 2038/2038/2038 2041/2041/2041
mtllib ./Map2.mtl
g SmallObjs_Fence (6)_Box
v 4.653118 -0.7974344 14.28609
v 7.646882 -0.7974344 14.28609
v 4.653118 2.202566 14.28609
v 7.646882 2.202566 14.28609
v 4.653118 2.202566 14.1754
v 7.646882 2.202566 14.1754
v 4.653118 -0.7974344 14.1754
v 7.646882 -0.7974344 14.1754
v 4.653118 2.202566 14.28609
v 7.646882 2.202566 14.28609
v 4.653118 2.202566 14.1754
v 7.646882 2.202566 14.1754
v 4.653118 -0.7974344 14.1754
v 4.653118 -0.7974344 14.28609
v 7.646882 -0.7974344 14.28609
v 7.646882 -0.7974344 14.1754
v 7.646882 -0.7974344 14.28609
v 7.646882 2.202566 14.28609
v 7.646882 2.202566 14.1754
v 7.646882 -0.7974344 14.1754
v 4.653118 -0.7974344 14.1754
v 4.653118 2.202566 14.1754
v 4.653118 2.202566 14.28609
v 4.653118 -0.7974344 14.28609

vn 0 0 1
vn 0 0 1
vn 0 0 1
vn 0 0 1
vn 0 1 0
vn 0 1 0
vn 0 0 -1
vn 0 0 -1
vn 0 1 0
vn 0 1 0
vn 0 0 -1
vn 0 0 -1
vn 0 -1 0
vn 0 -1 0
vn 0 -1 0
vn 0 -1 0
vn 1 0 0
vn 1 0 0
vn 1 0 0
vn 1 0 0
vn -1 0 0
vn -1 0 0
vn -1 0 0
vn -1 0 0

vt 0 0
vt 1 0
vt 0 1
vt 1 1
vt 0 1
vt 1 1
vt 0 1
vt 1 1
vt 0 0
vt 1 0
vt 0 0
vt 1 0
vt 0 0
vt 0 1
vt 1 1
vt 1 0
vt 0 0
vt 0 1
vt 1 1
vt 1 0
vt 0 0
vt 0 1
vt 1 1
vt 1 0

usemtl Lit
usemap Lit
f 2044/2044/2044 2042/2042/2042 2045/2045/2045
f 2045/2045/2045 2042/2042/2042 2043/2043/2043
f 2046/2046/2046 2050/2050/2050 2047/2047/2047
f 2047/2047/2047 2050/2050/2050 2051/2051/2051
f 2048/2048/2048 2052/2052/2052 2049/2049/2049
f 2049/2049/2049 2052/2052/2052 2053/2053/2053
f 2055/2055/2055 2054/2054/2054 2056/2056/2056
f 2056/2056/2056 2054/2054/2054 2057/2057/2057
f 2059/2059/2059 2058/2058/2058 2060/2060/2060
f 2060/2060/2060 2058/2058/2058 2061/2061/2061
f 2063/2063/2063 2062/2062/2062 2064/2064/2064
f 2064/2064/2064 2062/2062/2062 2065/2065/2065
mtllib ./Map2.mtl
g SmallObjs_Fence (1)_Box
v -4.516882 -0.7974344 14.28609
v -1.523118 -0.7974344 14.28609
v -4.516882 2.202566 14.28609
v -1.523118 2.202566 14.28609
v -4.516882 2.202566 14.1754
v -1.523118 2.202566 14.1754
v -4.516882 -0.7974344 14.1754
v -1.523118 -0.7974344 14.1754
v -4.516882 2.202566 14.28609
v -1.523118 2.202566 14.28609
v -4.516882 2.202566 14.1754
v -1.523118 2.202566 14.1754
v -4.516882 -0.7974344 14.1754
v -4.516882 -0.7974344 14.28609
v -1.523118 -0.7974344 14.28609
v -1.523118 -0.7974344 14.1754
v -1.523118 -0.7974344 14.28609
v -1.523118 2.202566 14.28609
v -1.523118 2.202566 14.1754
v -1.523118 -0.7974344 14.1754
v -4.516882 -0.7974344 14.1754
v -4.516882 2.202566 14.1754
v -4.516882 2.202566 14.28609
v -4.516882 -0.7974344 14.28609

vn 0 0 1
vn 0 0 1
vn 0 0 1
vn 0 0 1
vn 0 1 0
vn 0 1 0
vn 0 0 -1
vn 0 0 -1
vn 0 1 0
vn 0 1 0
vn 0 0 -1
vn 0 0 -1
vn 0 -1 0
vn 0 -1 0
vn 0 -1 0
vn 0 -1 0
vn 1 0 0
vn 1 0 0
vn 1 0 0
vn 1 0 0
vn -1 0 0
vn -1 0 0
vn -1 0 0
vn -1 0 0

vt 0 0
vt 1 0
vt 0 1
vt 1 1
vt 0 1
vt 1 1
vt 0 1
vt 1 1
vt 0 0
vt 1 0
vt 0 0
vt 1 0
vt 0 0
vt 0 1
vt 1 1
vt 1 0
vt 0 0
vt 0 1
vt 1 1
vt 1 0
vt 0 0
vt 0 1
vt 1 1
vt 1 0

usemtl Lit
usemap Lit
f 2068/2068/2068 2066/2066/2066 2069/2069/2069
f 2069/2069/2069 2066/2066/2066 2067/2067/2067
f 2070/2070/2070 2074/2074/2074 2071/2071/2071
f 2071/2071/2071 2074/2074/2074 2075/2075/2075
f 2072/2072/2072 2076/2076/2076 2073/2073/2073
f 2073/2073/2073 2076/2076/2076 2077/2077/2077
f 2079/2079/2079 2078/2078/2078 2080/2080/2080
f 2080/2080/2080 2078/2078/2078 2081/2081/2081
f 2083/2083/2083 2082/2082/2082 2084/2084/2084
f 2084/2084/2084 2082/2082/2082 2085/2085/2085
f 2087/2087/2087 2086/2086/2086 2088/2088/2088
f 2088/2088/2088 2086/2086/2086 2089/2089/2089
mtllib ./Map2.mtl
g SmallObjs_Fence (7)_Box
v 7.743118 -0.7974344 14.28609
v 10.73688 -0.7974344 14.28609
v 7.743118 2.202566 14.28609
v 10.73688 2.202566 14.28609
v 7.743118 2.202566 14.1754
v 10.73688 2.202566 14.1754
v 7.743118 -0.7974344 14.1754
v 10.73688 -0.7974344 14.1754
v 7.743118 2.202566 14.28609
v 10.73688 2.202566 14.28609
v 7.743118 2.202566 14.1754
v 10.73688 2.202566 14.1754
v 7.743118 -0.7974344 14.1754
v 7.743118 -0.7974344 14.28609
v 10.73688 -0.7974344 14.28609
v 10.73688 -0.7974344 14.1754
v 10.73688 -0.7974344 14.28609
v 10.73688 2.202566 14.28609
v 10.73688 2.202566 14.1754
v 10.73688 -0.7974344 14.1754
v 7.743118 -0.7974344 14.1754
v 7.743118 2.202566 14.1754
v 7.743118 2.202566 14.28609
v 7.743118 -0.7974344 14.28609

vn 0 0 1
vn 0 0 1
vn 0 0 1
vn 0 0 1
vn 0 1 0
vn 0 1 0
vn 0 0 -1
vn 0 0 -1
vn 0 1 0
vn 0 1 0
vn 0 0 -1
vn 0 0 -1
vn 0 -1 0
vn 0 -1 0
vn 0 -1 0
vn 0 -1 0
vn 1 0 0
vn 1 0 0
vn 1 0 0
vn 1 0 0
vn -1 0 0
vn -1 0 0
vn -1 0 0
vn -1 0 0

vt 0 0
vt 1 0
vt 0 1
vt 1 1
vt 0 1
vt 1 1
vt 0 1
vt 1 1
vt 0 0
vt 1 0
vt 0 0
vt 1 0
vt 0 0
vt 0 1
vt 1 1
vt 1 0
vt 0 0
vt 0 1
vt 1 1
vt 1 0
vt 0 0
vt 0 1
vt 1 1
vt 1 0

usemtl Lit
usemap Lit
f 2092/2092/2092 2090/2090/2090 2093/2093/2093
f 2093/2093/2093 2090/2090/2090 2091/2091/2091
f 2094/2094/2094 2098/2098/2098 2095/2095/2095
f 2095/2095/2095 2098/2098/2098 2099/2099/2099
f 2096/2096/2096 2100/2100/2100 2097/2097/2097
f 2097/2097/2097 2100/2100/2100 2101/2101/2101
f 2103/2103/2103 2102/2102/2102 2104/2104/2104
f 2104/2104/2104 2102/2102/2102 2105/2105/2105
f 2107/2107/2107 2106/2106/2106 2108/2108/2108
f 2108/2108/2108 2106/2106/2106 2109/2109/2109
f 2111/2111/2111 2110/2110/2110 2112/2112/2112
f 2112/2112/2112 2110/2110/2110 2113/2113/2113
