mtllib ./Map_1.mtl
g Cube (5)
v 3.033585 -3 24.36818
v 4.518854 -3 22.54706
v 3.033585 3 24.36818
v 4.518854 3 22.54706
v 2.181146 3 23.67295
v 3.666414 3 21.85182
v 2.181146 -3 23.67295
v 3.666414 -3 21.85182
v 3.033585 3 24.36818
v 4.518854 3 22.54706
v 2.181146 3 23.67295
v 3.666414 3 21.85182
v 2.181146 -3 23.67295
v 3.033585 -3 24.36818
v 4.518854 -3 22.54706
v 3.666414 -3 21.85182
v 4.518854 -3 22.54706
v 4.518854 3 22.54706
v 3.666414 3 21.85182
v 3.666414 -3 21.85182
v 2.181146 -3 23.67295
v 2.181146 3 23.67295
v 3.033585 3 24.36818
v 3.033585 -3 24.36818

vn 0.7749447 0 0.6320292
vn 0.7749447 0 0.6320292
vn 0.7749447 0 0.6320292
vn 0.7749447 0 0.6320292
vn 0 1 0
vn 0 1 0
vn -0.7749447 0 -0.6320292
vn -0.7749447 0 -0.6320292
vn 0 1 0
vn 0 1 0
vn -0.7749447 0 -0.6320292
vn -0.7749447 0 -0.6320292
vn 0 -1 0
vn 0 -1 0
vn 0 -1 0
vn 0 -1 0
vn 0.6320292 0 -0.7749447
vn 0.6320292 0 -0.7749447
vn 0.6320292 0 -0.7749447
vn 0.6320292 0 -0.7749447
vn -0.6320292 0 0.7749447
vn -0.6320292 0 0.7749447
vn -0.6320292 0 0.7749447
vn -0.6320292 0 0.7749447

vt 0 0
vt 1 0
vt 0 1
vt 1 1
vt 0 1
vt 1 1
vt 0 1
vt 1 1
vt 0 0
vt 1 0
vt 0 0
vt 1 0
vt 0 0
vt 0 1
vt 1 1
vt 1 0
vt 0 0
vt 0 1
vt 1 1
vt 1 0
vt 0 0
vt 0 1
vt 1 1
vt 1 0

usemtl Lit
usemap Lit
f 3/3/3 1/1/1 4/4/4
f 4/4/4 1/1/1 2/2/2
f 5/5/5 9/9/9 6/6/6
f 6/6/6 9/9/9 10/10/10
f 7/7/7 11/11/11 8/8/8
f 8/8/8 11/11/11 12/12/12
f 14/14/14 13/13/13 15/15/15
f 15/15/15 13/13/13 16/16/16
f 18/18/18 17/17/17 19/19/19
f 19/19/19 17/17/17 20/20/20
f 22/22/22 21/21/21 23/23/23
f 23/23/23 21/21/21 24/24/24
mtllib ./Map_1.mtl
g Cube (41)
v -30 -3 -55.6
v -15 -3 -55.6
v -30 3 -55.6
v -15 3 -55.6
v -30 3 -60.6
v -15 3 -60.6
v -30 -3 -60.6
v -15 -3 -60.6
v -30 3 -55.6
v -15 3 -55.6
v -30 3 -60.6
v -15 3 -60.6
v -30 -3 -60.6
v -30 -3 -55.6
v -15 -3 -55.6
v -15 -3 -60.6
v -15 -3 -55.6
v -15 3 -55.6
v -15 3 -60.6
v -15 -3 -60.6
v -30 -3 -60.6
v -30 3 -60.6
v -30 3 -55.6
v -30 -3 -55.6

vn 0 0 1
vn 0 0 1
vn 0 0 1
vn 0 0 1
vn 0 1 0
vn 0 1 0
vn 0 0 -1
vn 0 0 -1
vn 0 1 0
vn 0 1 0
vn 0 0 -1
vn 0 0 -1
vn 0 -1 0
vn 0 -1 0
vn 0 -1 0
vn 0 -1 0
vn 1 0 0
vn 1 0 0
vn 1 0 0
vn 1 0 0
vn -1 0 0
vn -1 0 0
vn -1 0 0
vn -1 0 0

vt 0 0
vt 1 0
vt 0 1
vt 1 1
vt 0 1
vt 1 1
vt 0 1
vt 1 1
vt 0 0
vt 1 0
vt 0 0
vt 1 0
vt 0 0
vt 0 1
vt 1 1
vt 1 0
vt 0 0
vt 0 1
vt 1 1
vt 1 0
vt 0 0
vt 0 1
vt 1 1
vt 1 0

usemtl Lit
usemap Lit
f 27/27/27 25/25/25 28/28/28
f 28/28/28 25/25/25 26/26/26
f 29/29/29 33/33/33 30/30/30
f 30/30/30 33/33/33 34/34/34
f 31/31/31 35/35/35 32/32/32
f 32/32/32 35/35/35 36/36/36
f 38/38/38 37/37/37 39/39/39
f 39/39/39 37/37/37 40/40/40
f 42/42/42 41/41/41 43/43/43
f 43/43/43 41/41/41 44/44/44
f 46/46/46 45/45/45 47/47/47
f 47/47/47 45/45/45 48/48/48
mtllib ./Map_1.mtl
g Cube (7)
v 9.051379 -3 22.44254
v 10.82106 -3 20.27269
v 9.051379 3 22.44254
v 10.82106 3 20.27269
v 8.19894 3 21.74731
v 9.968621 3 19.57746
v 8.19894 -3 21.74731
v 9.968621 -3 19.57746
v 9.051379 3 22.44254
v 10.82106 3 20.27269
v 8.19894 3 21.74731
v 9.968621 3 19.57746
v 8.19894 -3 21.74731
v 9.051379 -3 22.44254
v 10.82106 -3 20.27269
v 9.968621 -3 19.57746
v 10.82106 -3 20.27269
v 10.82106 3 20.27269
v 9.968621 3 19.57746
v 9.968621 -3 19.57746
v 8.19894 -3 21.74731
v 8.19894 3 21.74731
v 9.051379 3 22.44254
v 9.051379 -3 22.44254

vn 0.7749447 0 0.6320292
vn 0.7749447 0 0.6320292
vn 0.7749447 0 0.6320292
vn 0.7749447 0 0.6320292
vn 0 1 0
vn 0 1 0
vn -0.7749447 0 -0.6320292
vn -0.7749447 0 -0.6320292
vn 0 1 0
vn 0 1 0
vn -0.7749447 0 -0.6320292
vn -0.7749447 0 -0.6320292
vn 0 -1 0
vn 0 -1 0
vn 0 -1 0
vn 0 -1 0
vn 0.6320292 0 -0.7749447
vn 0.6320292 0 -0.7749447
vn 0.6320292 0 -0.7749447
vn 0.6320292 0 -0.7749447
vn -0.6320292 0 0.7749447
vn -0.6320292 0 0.7749447
vn -0.6320292 0 0.7749447
vn -0.6320292 0 0.7749447

vt 0 0
vt 1 0
vt 0 1
vt 1 1
vt 0 1
vt 1 1
vt 0 1
vt 1 1
vt 0 0
vt 1 0
vt 0 0
vt 1 0
vt 0 0
vt 0 1
vt 1 1
vt 1 0
vt 0 0
vt 0 1
vt 1 1
vt 1 0
vt 0 0
vt 0 1
vt 1 1
vt 1 0

usemtl Lit
usemap Lit
f 51/51/51 49/49/49 52/52/52
f 52/52/52 49/49/49 50/50/50
f 53/53/53 57/57/57 54/54/54
f 54/54/54 57/57/57 58/58/58
f 55/55/55 59/59/59 56/56/56
f 56/56/56 59/59/59 60/60/60
f 62/62/62 61/61/61 63/63/63
f 63/63/63 61/61/61 64/64/64
f 66/66/66 65/65/65 67/67/67
f 67/67/67 65/65/65 68/68/68
f 70/70/70 69/69/69 71/71/71
f 71/71/71 69/69/69 72/72/72
mtllib ./Map_1.mtl
g Cube (56)
v -24.01 -3 20.13
v -21.01 -3 20.13
v -24.01 3 20.13
v -21.01 3 20.13
v -24.01 3 18.63
v -21.01 3 18.63
v -24.01 -3 18.63
v -21.01 -3 18.63
v -24.01 3 20.13
v -21.01 3 20.13
v -24.01 3 18.63
v -21.01 3 18.63
v -24.01 -3 18.63
v -24.01 -3 20.13
v -21.01 -3 20.13
v -21.01 -3 18.63
v -21.01 -3 20.13
v -21.01 3 20.13
v -21.01 3 18.63
v -21.01 -3 18.63
v -24.01 -3 18.63
v -24.01 3 18.63
v -24.01 3 20.13
v -24.01 -3 20.13

vn 0 0 1
vn 0 0 1
vn 0 0 1
vn 0 0 1
vn 0 1 0
vn 0 1 0
vn 0 0 -1
vn 0 0 -1
vn 0 1 0
vn 0 1 0
vn 0 0 -1
vn 0 0 -1
vn 0 -1 0
vn 0 -1 0
vn 0 -1 0
vn 0 -1 0
vn 1 0 0
vn 1 0 0
vn 1 0 0
vn 1 0 0
vn -1 0 0
vn -1 0 0
vn -1 0 0
vn -1 0 0

vt 0 0
vt 1 0
vt 0 1
vt 1 1
vt 0 1
vt 1 1
vt 0 1
vt 1 1
vt 0 0
vt 1 0
vt 0 0
vt 1 0
vt 0 0
vt 0 1
vt 1 1
vt 1 0
vt 0 0
vt 0 1
vt 1 1
vt 1 0
vt 0 0
vt 0 1
vt 1 1
vt 1 0

usemtl Lit
usemap Lit
f 75/75/75 73/73/73 76/76/76
f 76/76/76 73/73/73 74/74/74
f 77/77/77 81/81/81 78/78/78
f 78/78/78 81/81/81 82/82/82
f 79/79/79 83/83/83 80/80/80
f 80/80/80 83/83/83 84/84/84
f 86/86/86 85/85/85 87/87/87
f 87/87/87 85/85/85 88/88/88
f 90/90/90 89/89/89 91/91/91
f 91/91/91 89/89/89 92/92/92
f 94/94/94 93/93/93 95/95/95
f 95/95/95 93/93/93 96/96/96
mtllib ./Map_1.mtl
g Cube (77)
v -25.77394 -3 18.50327
v -23.9278 -3 20.18903
v -25.77394 3 18.50327
v -23.9278 3 20.18903
v -25.0322 3 17.69097
v -23.18606 3 19.37673
v -25.0322 -3 17.69097
v -23.18606 -3 19.37673
v -25.77394 3 18.50327
v -23.9278 3 20.18903
v -25.0322 3 17.69097
v -23.18606 3 19.37673
v -25.0322 -3 17.69097
v -25.77394 -3 18.50327
v -23.9278 -3 20.18903
v -23.18606 -3 19.37673
v -23.9278 -3 20.18903
v -23.9278 3 20.18903
v -23.18606 3 19.37673
v -23.18606 -3 19.37673
v -25.0322 -3 17.69097
v -25.0322 3 17.69097
v -25.77394 3 18.50327
v -25.77394 -3 18.50327

vn -0.6743022 0 0.7384555
vn -0.6743022 0 0.7384555
vn -0.6743022 0 0.7384555
vn -0.6743022 0 0.7384555
vn 0 1 0
vn 0 1 0
vn 0.6743022 0 -0.7384555
vn 0.6743022 0 -0.7384555
vn 0 1 0
vn 0 1 0
vn 0.6743022 0 -0.7384555
vn 0.6743022 0 -0.7384555
vn 0 -1 0
vn 0 -1 0
vn 0 -1 0
vn 0 -1 0
vn 0.7384555 0 0.6743022
vn 0.7384555 0 0.6743022
vn 0.7384555 0 0.6743022
vn 0.7384555 0 0.6743022
vn -0.7384555 0 -0.6743022
vn -0.7384555 0 -0.6743022
vn -0.7384555 0 -0.6743022
vn -0.7384555 0 -0.6743022

vt 0 0
vt 1 0
vt 0 1
vt 1 1
vt 0 1
vt 1 1
vt 0 1
vt 1 1
vt 0 0
vt 1 0
vt 0 0
vt 1 0
vt 0 0
vt 0 1
vt 1 1
vt 1 0
vt 0 0
vt 0 1
vt 1 1
vt 1 0
vt 0 0
vt 0 1
vt 1 1
vt 1 0

usemtl Lit
usemap Lit
f 99/99/99 97/97/97 100/100/100
f 100/100/100 97/97/97 98/98/98
f 101/101/101 105/105/105 102/102/102
f 102/102/102 105/105/105 106/106/106
f 103/103/103 107/107/107 104/104/104
f 104/104/104 107/107/107 108/108/108
f 110/110/110 109/109/109 111/111/111
f 111/111/111 109/109/109 112/112/112
f 114/114/114 113/113/113 115/115/115
f 115/115/115 113/113/113 116/116/116
f 118/118/118 117/117/117 119/119/119
f 119/119/119 117/117/117 120/120/120
mtllib ./Map_1.mtl
g Cube (12)
v 25.9 -3 23.22
v 27.9 -3 23.22
v 25.9 3 23.22
v 27.9 3 23.22
v 25.9 3 21.72
v 27.9 3 21.72
v 25.9 -3 21.72
v 27.9 -3 21.72
v 25.9 3 23.22
v 27.9 3 23.22
v 25.9 3 21.72
v 27.9 3 21.72
v 25.9 -3 21.72
v 25.9 -3 23.22
v 27.9 -3 23.22
v 27.9 -3 21.72
v 27.9 -3 23.22
v 27.9 3 23.22
v 27.9 3 21.72
v 27.9 -3 21.72
v 25.9 -3 21.72
v 25.9 3 21.72
v 25.9 3 23.22
v 25.9 -3 23.22

vn 0 0 1
vn 0 0 1
vn 0 0 1
vn 0 0 1
vn 0 1 0
vn 0 1 0
vn 0 0 -1
vn 0 0 -1
vn 0 1 0
vn 0 1 0
vn 0 0 -1
vn 0 0 -1
vn 0 -1 0
vn 0 -1 0
vn 0 -1 0
vn 0 -1 0
vn 1 0 0
vn 1 0 0
vn 1 0 0
vn 1 0 0
vn -1 0 0
vn -1 0 0
vn -1 0 0
vn -1 0 0

vt 0 0
vt 1 0
vt 0 1
vt 1 1
vt 0 1
vt 1 1
vt 0 1
vt 1 1
vt 0 0
vt 1 0
vt 0 0
vt 1 0
vt 0 0
vt 0 1
vt 1 1
vt 1 0
vt 0 0
vt 0 1
vt 1 1
vt 1 0
vt 0 0
vt 0 1
vt 1 1
vt 1 0

usemtl Lit
usemap Lit
f 123/123/123 121/121/121 124/124/124
f 124/124/124 121/121/121 122/122/122
f 125/125/125 129/129/129 126/126/126
f 126/126/126 129/129/129 130/130/130
f 127/127/127 131/131/131 128/128/128
f 128/128/128 131/131/131 132/132/132
f 134/134/134 133/133/133 135/135/135
f 135/135/135 133/133/133 136/136/136
f 138/138/138 137/137/137 139/139/139
f 139/139/139 137/137/137 140/140/140
f 142/142/142 141/141/141 143/143/143
f 143/143/143 141/141/141 144/144/144
mtllib ./Map_1.mtl
g Cube (39)
v -15.27 -3 -46.81
v -0.27 -3 -46.81
v -15.27 3 -46.81
v -0.27 3 -46.81
v -15.27 3 -51.81
v -0.27 3 -51.81
v -15.27 -3 -51.81
v -0.27 -3 -51.81
v -15.27 3 -46.81
v -0.27 3 -46.81
v -15.27 3 -51.81
v -0.27 3 -51.81
v -15.27 -3 -51.81
v -15.27 -3 -46.81
v -0.27 -3 -46.81
v -0.27 -3 -51.81
v -0.27 -3 -46.81
v -0.27 3 -46.81
v -0.27 3 -51.81
v -0.27 -3 -51.81
v -15.27 -3 -51.81
v -15.27 3 -51.81
v -15.27 3 -46.81
v -15.27 -3 -46.81

vn 0 0 1
vn 0 0 1
vn 0 0 1
vn 0 0 1
vn 0 1 0
vn 0 1 0
vn 0 0 -1
vn 0 0 -1
vn 0 1 0
vn 0 1 0
vn 0 0 -1
vn 0 0 -1
vn 0 -1 0
vn 0 -1 0
vn 0 -1 0
vn 0 -1 0
vn 1 0 0
vn 1 0 0
vn 1 0 0
vn 1 0 0
vn -1 0 0
vn -1 0 0
vn -1 0 0
vn -1 0 0

vt 0 0
vt 1 0
vt 0 1
vt 1 1
vt 0 1
vt 1 1
vt 0 1
vt 1 1
vt 0 0
vt 1 0
vt 0 0
vt 1 0
vt 0 0
vt 0 1
vt 1 1
vt 1 0
vt 0 0
vt 0 1
vt 1 1
vt 1 0
vt 0 0
vt 0 1
vt 1 1
vt 1 0

usemtl Lit
usemap Lit
f 147/147/147 145/145/145 148/148/148
f 148/148/148 145/145/145 146/146/146
f 149/149/149 153/153/153 150/150/150
f 150/150/150 153/153/153 154/154/154
f 151/151/151 155/155/155 152/152/152
f 152/152/152 155/155/155 156/156/156
f 158/158/158 157/157/157 159/159/159
f 159/159/159 157/157/157 160/160/160
f 162/162/162 161/161/161 163/163/163
f 163/163/163 161/161/161 164/164/164
f 166/166/166 165/165/165 167/167/167
f 167/167/167 165/165/165 168/168/168
mtllib ./Map_1.mtl
g Cube (69)
v -86.11043 -3 6.233005
v -77.26202 -3 17.08223
v -86.11043 3 6.233005
v -77.26202 3 17.08223
v -85.25799 3 5.537773
v -76.40958 3 16.387
v -85.25799 -3 5.537773
v -76.40958 -3 16.387
v -86.11043 3 6.233005
v -77.26202 3 17.08223
v -85.25799 3 5.537773
v -76.40958 3 16.387
v -85.25799 -3 5.537773
v -86.11043 -3 6.233005
v -77.26202 -3 17.08223
v -76.40958 -3 16.387
v -77.26202 -3 17.08223
v -77.26202 3 17.08223
v -76.40958 3 16.387
v -76.40958 -3 16.387
v -85.25799 -3 5.537773
v -85.25799 3 5.537773
v -86.11043 3 6.233005
v -86.11043 -3 6.233005

vn -0.7749445 0 0.6320293
vn -0.7749445 0 0.6320293
vn -0.7749445 0 0.6320293
vn -0.7749445 0 0.6320293
vn 0 1 0
vn 0 1 0
vn 0.7749445 0 -0.6320293
vn 0.7749445 0 -0.6320293
vn 0 1 0
vn 0 1 0
vn 0.7749445 0 -0.6320293
vn 0.7749445 0 -0.6320293
vn 0 -1 0
vn 0 -1 0
vn 0 -1 0
vn 0 -1 0
vn 0.6320293 0 0.7749445
vn 0.6320293 0 0.7749445
vn 0.6320293 0 0.7749445
vn 0.6320293 0 0.7749445
vn -0.6320293 0 -0.7749445
vn -0.6320293 0 -0.7749445
vn -0.6320293 0 -0.7749445
vn -0.6320293 0 -0.7749445

vt 0 0
vt 1 0
vt 0 1
vt 1 1
vt 0 1
vt 1 1
vt 0 1
vt 1 1
vt 0 0
vt 1 0
vt 0 0
vt 1 0
vt 0 0
vt 0 1
vt 1 1
vt 1 0
vt 0 0
vt 0 1
vt 1 1
vt 1 0
vt 0 0
vt 0 1
vt 1 1
vt 1 0

usemtl Lit
usemap Lit
f 171/171/171 169/169/169 172/172/172
f 172/172/172 169/169/169 170/170/170
f 173/173/173 177/177/177 174/174/174
f 174/174/174 177/177/177 178/178/178
f 175/175/175 179/179/179 176/176/176
f 176/176/176 179/179/179 180/180/180
f 182/182/182 181/181/181 183/183/183
f 183/183/183 181/181/181 184/184/184
f 186/186/186 185/185/185 187/187/187
f 187/187/187 185/185/185 188/188/188
f 190/190/190 189/189/189 191/191/191
f 191/191/191 189/189/189 192/192/192
mtllib ./Map_1.mtl
g Cube (47)
v -89.29 -3 -58.15
v -79.29 -3 -58.15
v -89.29 3 -58.15
v -79.29 3 -58.15
v -89.29 3 -63.15
v -79.29 3 -63.15
v -89.29 -3 -63.15
v -79.29 -3 -63.15
v -89.29 3 -58.15
v -79.29 3 -58.15
v -89.29 3 -63.15
v -79.29 3 -63.15
v -89.29 -3 -63.15
v -89.29 -3 -58.15
v -79.29 -3 -58.15
v -79.29 -3 -63.15
v -79.29 -3 -58.15
v -79.29 3 -58.15
v -79.29 3 -63.15
v -79.29 -3 -63.15
v -89.29 -3 -63.15
v -89.29 3 -63.15
v -89.29 3 -58.15
v -89.29 -3 -58.15

vn 0 0 1
vn 0 0 1
vn 0 0 1
vn 0 0 1
vn 0 1 0
vn 0 1 0
vn 0 0 -1
vn 0 0 -1
vn 0 1 0
vn 0 1 0
vn 0 0 -1
vn 0 0 -1
vn 0 -1 0
vn 0 -1 0
vn 0 -1 0
vn 0 -1 0
vn 1 0 0
vn 1 0 0
vn 1 0 0
vn 1 0 0
vn -1 0 0
vn -1 0 0
vn -1 0 0
vn -1 0 0

vt 0 0
vt 1 0
vt 0 1
vt 1 1
vt 0 1
vt 1 1
vt 0 1
vt 1 1
vt 0 0
vt 1 0
vt 0 0
vt 1 0
vt 0 0
vt 0 1
vt 1 1
vt 1 0
vt 0 0
vt 0 1
vt 1 1
vt 1 0
vt 0 0
vt 0 1
vt 1 1
vt 1 0

usemtl Lit
usemap Lit
f 195/195/195 193/193/193 196/196/196
f 196/196/196 193/193/193 194/194/194
f 197/197/197 201/201/201 198/198/198
f 198/198/198 201/201/201 202/202/202
f 199/199/199 203/203/203 200/200/200
f 200/200/200 203/203/203 204/204/204
f 206/206/206 205/205/205 207/207/207
f 207/207/207 205/205/205 208/208/208
f 210/210/210 209/209/209 211/211/211
f 211/211/211 209/209/209 212/212/212
f 214/214/214 213/213/213 215/215/215
f 215/215/215 213/213/213 216/216/216
mtllib ./Map_1.mtl
g Cube (27)
v 44.12 -3 -18.55
v 49.12 -3 -18.55
v 44.12 3 -18.55
v 49.12 3 -18.55
v 44.12 3 -23.55
v 49.12 3 -23.55
v 44.12 -3 -23.55
v 49.12 -3 -23.55
v 44.12 3 -18.55
v 49.12 3 -18.55
v 44.12 3 -23.55
v 49.12 3 -23.55
v 44.12 -3 -23.55
v 44.12 -3 -18.55
v 49.12 -3 -18.55
v 49.12 -3 -23.55
v 49.12 -3 -18.55
v 49.12 3 -18.55
v 49.12 3 -23.55
v 49.12 -3 -23.55
v 44.12 -3 -23.55
v 44.12 3 -23.55
v 44.12 3 -18.55
v 44.12 -3 -18.55

vn 0 0 1
vn 0 0 1
vn 0 0 1
vn 0 0 1
vn 0 1 0
vn 0 1 0
vn 0 0 -1
vn 0 0 -1
vn 0 1 0
vn 0 1 0
vn 0 0 -1
vn 0 0 -1
vn 0 -1 0
vn 0 -1 0
vn 0 -1 0
vn 0 -1 0
vn 1 0 0
vn 1 0 0
vn 1 0 0
vn 1 0 0
vn -1 0 0
vn -1 0 0
vn -1 0 0
vn -1 0 0

vt 0 0
vt 1 0
vt 0 1
vt 1 1
vt 0 1
vt 1 1
vt 0 1
vt 1 1
vt 0 0
vt 1 0
vt 0 0
vt 1 0
vt 0 0
vt 0 1
vt 1 1
vt 1 0
vt 0 0
vt 0 1
vt 1 1
vt 1 0
vt 0 0
vt 0 1
vt 1 1
vt 1 0

usemtl Lit
usemap Lit
f 219/219/219 217/217/217 220/220/220
f 220/220/220 217/217/217 218/218/218
f 221/221/221 225/225/225 222/222/222
f 222/222/222 225/225/225 226/226/226
f 223/223/223 227/227/227 224/224/224
f 224/224/224 227/227/227 228/228/228
f 230/230/230 229/229/229 231/231/231
f 231/231/231 229/229/229 232/232/232
f 234/234/234 233/233/233 235/235/235
f 235/235/235 233/233/233 236/236/236
f 238/238/238 237/237/237 239/239/239
f 239/239/239 237/237/237 240/240/240
mtllib ./Map_1.mtl
g Cube (61)
v -69.06 -3 19.11
v -63.06 -3 19.11
v -69.06 3 19.11
v -63.06 3 19.11
v -69.06 3 17.61
v -63.06 3 17.61
v -69.06 -3 17.61
v -63.06 -3 17.61
v -69.06 3 19.11
v -63.06 3 19.11
v -69.06 3 17.61
v -63.06 3 17.61
v -69.06 -3 17.61
v -69.06 -3 19.11
v -63.06 -3 19.11
v -63.06 -3 17.61
v -63.06 -3 19.11
v -63.06 3 19.11
v -63.06 3 17.61
v -63.06 -3 17.61
v -69.06 -3 17.61
v -69.06 3 17.61
v -69.06 3 19.11
v -69.06 -3 19.11

vn 0 0 1
vn 0 0 1
vn 0 0 1
vn 0 0 1
vn 0 1 0
vn 0 1 0
vn 0 0 -1
vn 0 0 -1
vn 0 1 0
vn 0 1 0
vn 0 0 -1
vn 0 0 -1
vn 0 -1 0
vn 0 -1 0
vn 0 -1 0
vn 0 -1 0
vn 1 0 0
vn 1 0 0
vn 1 0 0
vn 1 0 0
vn -1 0 0
vn -1 0 0
vn -1 0 0
vn -1 0 0

vt 0 0
vt 1 0
vt 0 1
vt 1 1
vt 0 1
vt 1 1
vt 0 1
vt 1 1
vt 0 0
vt 1 0
vt 0 0
vt 1 0
vt 0 0
vt 0 1
vt 1 1
vt 1 0
vt 0 0
vt 0 1
vt 1 1
vt 1 0
vt 0 0
vt 0 1
vt 1 1
vt 1 0

usemtl Lit
usemap Lit
f 243/243/243 241/241/241 244/244/244
f 244/244/244 241/241/241 242/242/242
f 245/245/245 249/249/249 246/246/246
f 246/246/246 249/249/249 250/250/250
f 247/247/247 251/251/251 248/248/248
f 248/248/248 251/251/251 252/252/252
f 254/254/254 253/253/253 255/255/255
f 255/255/255 253/253/253 256/256/256
f 258/258/258 257/257/257 259/259/259
f 259/259/259 257/257/257 260/260/260
f 262/262/262 261/261/261 263/263/263
f 263/263/263 261/261/261 264/264/264
mtllib ./Map_1.mtl
g Cube (32)
v 32.18 -3 -30.47
v 37.18 -3 -30.47
v 32.18 3 -30.47
v 37.18 3 -30.47
v 32.18 3 -35.47
v 37.18 3 -35.47
v 32.18 -3 -35.47
v 37.18 -3 -35.47
v 32.18 3 -30.47
v 37.18 3 -30.47
v 32.18 3 -35.47
v 37.18 3 -35.47
v 32.18 -3 -35.47
v 32.18 -3 -30.47
v 37.18 -3 -30.47
v 37.18 -3 -35.47
v 37.18 -3 -30.47
v 37.18 3 -30.47
v 37.18 3 -35.47
v 37.18 -3 -35.47
v 32.18 -3 -35.47
v 32.18 3 -35.47
v 32.18 3 -30.47
v 32.18 -3 -30.47

vn 0 0 1
vn 0 0 1
vn 0 0 1
vn 0 0 1
vn 0 1 0
vn 0 1 0
vn 0 0 -1
vn 0 0 -1
vn 0 1 0
vn 0 1 0
vn 0 0 -1
vn 0 0 -1
vn 0 -1 0
vn 0 -1 0
vn 0 -1 0
vn 0 -1 0
vn 1 0 0
vn 1 0 0
vn 1 0 0
vn 1 0 0
vn -1 0 0
vn -1 0 0
vn -1 0 0
vn -1 0 0

vt 0 0
vt 1 0
vt 0 1
vt 1 1
vt 0 1
vt 1 1
vt 0 1
vt 1 1
vt 0 0
vt 1 0
vt 0 0
vt 1 0
vt 0 0
vt 0 1
vt 1 1
vt 1 0
vt 0 0
vt 0 1
vt 1 1
vt 1 0
vt 0 0
vt 0 1
vt 1 1
vt 1 0

usemtl Lit
usemap Lit
f 267/267/267 265/265/265 268/268/268
f 268/268/268 265/265/265 266/266/266
f 269/269/269 273/273/273 270/270/270
f 270/270/270 273/273/273 274/274/274
f 271/271/271 275/275/275 272/272/272
f 272/272/272 275/275/275 276/276/276
f 278/278/278 277/277/277 279/279/279
f 279/279/279 277/277/277 280/280/280
f 282/282/282 281/281/281 283/283/283
f 283/283/283 281/281/281 284/284/284
f 286/286/286 285/285/285 287/287/287
f 287/287/287 285/285/285 288/288/288
mtllib ./Map_1.mtl
g Cube (19)
v 44.07 -3 3.59
v 49.07 -3 3.59
v 44.07 3 3.59
v 49.07 3 3.59
v 44.07 3 -18.41
v 49.07 3 -18.41
v 44.07 -3 -18.41
v 49.07 -3 -18.41
v 44.07 3 3.59
v 49.07 3 3.59
v 44.07 3 -18.41
v 49.07 3 -18.41
v 44.07 -3 -18.41
v 44.07 -3 3.59
v 49.07 -3 3.59
v 49.07 -3 -18.41
v 49.07 -3 3.59
v 49.07 3 3.59
v 49.07 3 -18.41
v 49.07 -3 -18.41
v 44.07 -3 -18.41
v 44.07 3 -18.41
v 44.07 3 3.59
v 44.07 -3 3.59

vn 0 0 1
vn 0 0 1
vn 0 0 1
vn 0 0 1
vn 0 1 0
vn 0 1 0
vn 0 0 -1
vn 0 0 -1
vn 0 1 0
vn 0 1 0
vn 0 0 -1
vn 0 0 -1
vn 0 -1 0
vn 0 -1 0
vn 0 -1 0
vn 0 -1 0
vn 1 0 0
vn 1 0 0
vn 1 0 0
vn 1 0 0
vn -1 0 0
vn -1 0 0
vn -1 0 0
vn -1 0 0

vt 0 0
vt 1 0
vt 0 1
vt 1 1
vt 0 1
vt 1 1
vt 0 1
vt 1 1
vt 0 0
vt 1 0
vt 0 0
vt 1 0
vt 0 0
vt 0 1
vt 1 1
vt 1 0
vt 0 0
vt 0 1
vt 1 1
vt 1 0
vt 0 0
vt 0 1
vt 1 1
vt 1 0

usemtl Lit
usemap Lit
f 291/291/291 289/289/289 292/292/292
f 292/292/292 289/289/289 290/290/290
f 293/293/293 297/297/297 294/294/294
f 294/294/294 297/297/297 298/298/298
f 295/295/295 299/299/299 296/296/296
f 296/296/296 299/299/299 300/300/300
f 302/302/302 301/301/301 303/303/303
f 303/303/303 301/301/301 304/304/304
f 306/306/306 305/305/305 307/307/307
f 307/307/307 305/305/305 308/308/308
f 310/310/310 309/309/309 311/311/311
f 311/311/311 309/309/309 312/312/312
mtllib ./Map_1.mtl
g Cube (2)
v 6.785 -3 22.39
v 9.055 -3 22.39
v 6.785 3 22.39
v 9.055 3 22.39
v 6.785 3 20.89
v 9.055 3 20.89
v 6.785 -3 20.89
v 9.055 -3 20.89
v 6.785 3 22.39
v 9.055 3 22.39
v 6.785 3 20.89
v 9.055 3 20.89
v 6.785 -3 20.89
v 6.785 -3 22.39
v 9.055 -3 22.39
v 9.055 -3 20.89
v 9.055 -3 22.39
v 9.055 3 22.39
v 9.055 3 20.89
v 9.055 -3 20.89
v 6.785 -3 20.89
v 6.785 3 20.89
v 6.785 3 22.39
v 6.785 -3 22.39

vn 0 0 1
vn 0 0 1
vn 0 0 1
vn 0 0 1
vn 0 1 0
vn 0 1 0
vn 0 0 -1
vn 0 0 -1
vn 0 1 0
vn 0 1 0
vn 0 0 -1
vn 0 0 -1
vn 0 -1 0
vn 0 -1 0
vn 0 -1 0
vn 0 -1 0
vn 1 0 0
vn 1 0 0
vn 1 0 0
vn 1 0 0
vn -1 0 0
vn -1 0 0
vn -1 0 0
vn -1 0 0

vt 0 0
vt 1 0
vt 0 1
vt 1 1
vt 0 1
vt 1 1
vt 0 1
vt 1 1
vt 0 0
vt 1 0
vt 0 0
vt 1 0
vt 0 0
vt 0 1
vt 1 1
vt 1 0
vt 0 0
vt 0 1
vt 1 1
vt 1 0
vt 0 0
vt 0 1
vt 1 1
vt 1 0

usemtl Lit
usemap Lit
f 315/315/315 313/313/313 316/316/316
f 316/316/316 313/313/313 314/314/314
f 317/317/317 321/321/321 318/318/318
f 318/318/318 321/321/321 322/322/322
f 319/319/319 323/323/323 320/320/320
f 320/320/320 323/323/323 324/324/324
f 326/326/326 325/325/325 327/327/327
f 327/327/327 325/325/325 328/328/328
f 330/330/330 329/329/329 331/331/331
f 331/331/331 329/329/329 332/332/332
f 334/334/334 333/333/333 335/335/335
f 335/335/335 333/333/333 336/336/336
mtllib ./Map_1.mtl
g Cube (9)
v -2.916414 -3 25.31818
v -1.431146 -3 23.49706
v -2.916414 3 25.31818
v -1.431146 3 23.49706
v -3.768854 3 24.62294
v -2.283585 3 22.80182
v -3.768854 -3 24.62294
v -2.283585 -3 22.80182
v -2.916414 3 25.31818
v -1.431146 3 23.49706
v -3.768854 3 24.62294
v -2.283585 3 22.80182
v -3.768854 -3 24.62294
v -2.916414 -3 25.31818
v -1.431146 -3 23.49706
v -2.283585 -3 22.80182
v -1.431146 -3 23.49706
v -1.431146 3 23.49706
v -2.283585 3 22.80182
v -2.283585 -3 22.80182
v -3.768854 -3 24.62294
v -3.768854 3 24.62294
v -2.916414 3 25.31818
v -2.916414 -3 25.31818

vn 0.7749447 0 0.6320292
vn 0.7749447 0 0.6320292
vn 0.7749447 0 0.6320292
vn 0.7749447 0 0.6320292
vn 0 1 0
vn 0 1 0
vn -0.7749447 0 -0.6320292
vn -0.7749447 0 -0.6320292
vn 0 1 0
vn 0 1 0
vn -0.7749447 0 -0.6320292
vn -0.7749447 0 -0.6320292
vn 0 -1 0
vn 0 -1 0
vn 0 -1 0
vn 0 -1 0
vn 0.6320292 0 -0.7749447
vn 0.6320292 0 -0.7749447
vn 0.6320292 0 -0.7749447
vn 0.6320292 0 -0.7749447
vn -0.6320292 0 0.7749447
vn -0.6320292 0 0.7749447
vn -0.6320292 0 0.7749447
vn -0.6320292 0 0.7749447

vt 0 0
vt 1 0
vt 0 1
vt 1 1
vt 0 1
vt 1 1
vt 0 1
vt 1 1
vt 0 0
vt 1 0
vt 0 0
vt 1 0
vt 0 0
vt 0 1
vt 1 1
vt 1 0
vt 0 0
vt 0 1
vt 1 1
vt 1 0
vt 0 0
vt 0 1
vt 1 1
vt 1 0

usemtl Lit
usemap Lit
f 339/339/339 337/337/337 340/340/340
f 340/340/340 337/337/337 338/338/338
f 341/341/341 345/345/345 342/342/342
f 342/342/342 345/345/345 346/346/346
f 343/343/343 347/347/347 344/344/344
f 344/344/344 347/347/347 348/348/348
f 350/350/350 349/349/349 351/351/351
f 351/351/351 349/349/349 352/352/352
f 354/354/354 353/353/353 355/355/355
f 355/355/355 353/353/353 356/356/356
f 358/358/358 357/357/357 359/359/359
f 359/359/359 357/357/357 360/360/360
mtllib ./Map_1.mtl
g Cube (16)
v 36.08419 -3 26.17256
v 37.34825 -3 24.62267
v 36.08419 3 26.17256
v 37.34825 3 24.62267
v 35.23175 3 25.47733
v 36.49581 3 23.92744
v 35.23175 -3 25.47733
v 36.49581 -3 23.92744
v 36.08419 3 26.17256
v 37.34825 3 24.62267
v 35.23175 3 25.47733
v 36.49581 3 23.92744
v 35.23175 -3 25.47733
v 36.08419 -3 26.17256
v 37.34825 -3 24.62267
v 36.49581 -3 23.92744
v 37.34825 -3 24.62267
v 37.34825 3 24.62267
v 36.49581 3 23.92744
v 36.49581 -3 23.92744
v 35.23175 -3 25.47733
v 35.23175 3 25.47733
v 36.08419 3 26.17256
v 36.08419 -3 26.17256

vn 0.7749447 0 0.6320292
vn 0.7749447 0 0.6320292
vn 0.7749447 0 0.6320292
vn 0.7749447 0 0.6320292
vn 0 1 0
vn 0 1 0
vn -0.7749447 0 -0.6320292
vn -0.7749447 0 -0.6320292
vn 0 1 0
vn 0 1 0
vn -0.7749447 0 -0.6320292
vn -0.7749447 0 -0.6320292
vn 0 -1 0
vn 0 -1 0
vn 0 -1 0
vn 0 -1 0
vn 0.6320292 0 -0.7749447
vn 0.6320292 0 -0.7749447
vn 0.6320292 0 -0.7749447
vn 0.6320292 0 -0.7749447
vn -0.6320292 0 0.7749447
vn -0.6320292 0 0.7749447
vn -0.6320292 0 0.7749447
vn -0.6320292 0 0.7749447

vt 0 0
vt 1 0
vt 0 1
vt 1 1
vt 0 1
vt 1 1
vt 0 1
vt 1 1
vt 0 0
vt 1 0
vt 0 0
vt 1 0
vt 0 0
vt 0 1
vt 1 1
vt 1 0
vt 0 0
vt 0 1
vt 1 1
vt 1 0
vt 0 0
vt 0 1
vt 1 1
vt 1 0

usemtl Lit
usemap Lit
f 363/363/363 361/361/361 364/364/364
f 364/364/364 361/361/361 362/362/362
f 365/365/365 369/369/369 366/366/366
f 366/366/366 369/369/369 370/370/370
f 367/367/367 371/371/371 368/368/368
f 368/368/368 371/371/371 372/372/372
f 374/374/374 373/373/373 375/375/375
f 375/375/375 373/373/373 376/376/376
f 378/378/378 377/377/377 379/379/379
f 379/379/379 377/377/377 380/380/380
f 382/382/382 381/381/381 383/383/383
f 383/383/383 381/381/381 384/384/384
mtllib ./Map_1.mtl
g Cube (54)
v -10.94 -3 23.29
v -7.94 -3 23.29
v -10.94 3 23.29
v -7.94 3 23.29
v -10.94 3 21.79
v -7.94 3 21.79
v -10.94 -3 21.79
v -7.94 -3 21.79
v -10.94 3 23.29
v -7.94 3 23.29
v -10.94 3 21.79
v -7.94 3 21.79
v -10.94 -3 21.79
v -10.94 -3 23.29
v -7.94 -3 23.29
v -7.94 -3 21.79
v -7.94 -3 23.29
v -7.94 3 23.29
v -7.94 3 21.79
v -7.94 -3 21.79
v -10.94 -3 21.79
v -10.94 3 21.79
v -10.94 3 23.29
v -10.94 -3 23.29

vn 0 0 1
vn 0 0 1
vn 0 0 1
vn 0 0 1
vn 0 1 0
vn 0 1 0
vn 0 0 -1
vn 0 0 -1
vn 0 1 0
vn 0 1 0
vn 0 0 -1
vn 0 0 -1
vn 0 -1 0
vn 0 -1 0
vn 0 -1 0
vn 0 -1 0
vn 1 0 0
vn 1 0 0
vn 1 0 0
vn 1 0 0
vn -1 0 0
vn -1 0 0
vn -1 0 0
vn -1 0 0

vt 0 0
vt 1 0
vt 0 1
vt 1 1
vt 0 1
vt 1 1
vt 0 1
vt 1 1
vt 0 0
vt 1 0
vt 0 0
vt 1 0
vt 0 0
vt 0 1
vt 1 1
vt 1 0
vt 0 0
vt 0 1
vt 1 1
vt 1 0
vt 0 0
vt 0 1
vt 1 1
vt 1 0

usemtl Lit
usemap Lit
f 387/387/387 385/385/385 388/388/388
f 388/388/388 385/385/385 386/386/386
f 389/389/389 393/393/393 390/390/390
f 390/390/390 393/393/393 394/394/394
f 391/391/391 395/395/395 392/392/392
f 392/392/392 395/395/395 396/396/396
f 398/398/398 397/397/397 399/399/399
f 399/399/399 397/397/397 400/400/400
f 402/402/402 401/401/401 403/403/403
f 403/403/403 401/401/401 404/404/404
f 406/406/406 405/405/405 407/407/407
f 407/407/407 405/405/405 408/408/408
mtllib ./Map_1.mtl
g Cube (25)
v 41.48 -3 -5.82
v 46.48 -3 -5.82
v 41.48 3 -5.82
v 46.48 3 -5.82
v 41.48 3 -10.82
v 46.48 3 -10.82
v 41.48 -3 -10.82
v 46.48 -3 -10.82
v 41.48 3 -5.82
v 46.48 3 -5.82
v 41.48 3 -10.82
v 46.48 3 -10.82
v 41.48 -3 -10.82
v 41.48 -3 -5.82
v 46.48 -3 -5.82
v 46.48 -3 -10.82
v 46.48 -3 -5.82
v 46.48 3 -5.82
v 46.48 3 -10.82
v 46.48 -3 -10.82
v 41.48 -3 -10.82
v 41.48 3 -10.82
v 41.48 3 -5.82
v 41.48 -3 -5.82

vn 0 0 1
vn 0 0 1
vn 0 0 1
vn 0 0 1
vn 0 1 0
vn 0 1 0
vn 0 0 -1
vn 0 0 -1
vn 0 1 0
vn 0 1 0
vn 0 0 -1
vn 0 0 -1
vn 0 -1 0
vn 0 -1 0
vn 0 -1 0
vn 0 -1 0
vn 1 0 0
vn 1 0 0
vn 1 0 0
vn 1 0 0
vn -1 0 0
vn -1 0 0
vn -1 0 0
vn -1 0 0

vt 0 0
vt 1 0
vt 0 1
vt 1 1
vt 0 1
vt 1 1
vt 0 1
vt 1 1
vt 0 0
vt 1 0
vt 0 0
vt 1 0
vt 0 0
vt 0 1
vt 1 1
vt 1 0
vt 0 0
vt 0 1
vt 1 1
vt 1 0
vt 0 0
vt 0 1
vt 1 1
vt 1 0

usemtl Lit
usemap Lit
f 411/411/411 409/409/409 412/412/412
f 412/412/412 409/409/409 410/410/410
f 413/413/413 417/417/417 414/414/414
f 414/414/414 417/417/417 418/418/418
f 415/415/415 419/419/419 416/416/416
f 416/416/416 419/419/419 420/420/420
f 422/422/422 421/421/421 423/423/423
f 423/423/423 421/421/421 424/424/424
f 426/426/426 425/425/425 427/427/427
f 427/427/427 425/425/425 428/428/428
f 430/430/430 429/429/429 431/431/431
f 431/431/431 429/429/429 432/432/432
mtllib ./Map_1.mtl
g Cube (1)
v 10.175 -3 21.31
v 15.985 -3 21.31
v 10.175 3 21.31
v 15.985 3 21.31
v 10.175 3 19.71
v 15.985 3 19.71
v 10.175 -3 19.71
v 15.985 -3 19.71
v 10.175 3 21.31
v 15.985 3 21.31
v 10.175 3 19.71
v 15.985 3 19.71
v 10.175 -3 19.71
v 10.175 -3 21.31
v 15.985 -3 21.31
v 15.985 -3 19.71
v 15.985 -3 21.31
v 15.985 3 21.31
v 15.985 3 19.71
v 15.985 -3 19.71
v 10.175 -3 19.71
v 10.175 3 19.71
v 10.175 3 21.31
v 10.175 -3 21.31

vn 0 0 1
vn 0 0 1
vn 0 0 1
vn 0 0 1
vn 0 1 0
vn 0 1 0
vn 0 0 -1
vn 0 0 -1
vn 0 1 0
vn 0 1 0
vn 0 0 -1
vn 0 0 -1
vn 0 -1 0
vn 0 -1 0
vn 0 -1 0
vn 0 -1 0
vn 1 0 0
vn 1 0 0
vn 1 0 0
vn 1 0 0
vn -1 0 0
vn -1 0 0
vn -1 0 0
vn -1 0 0

vt 0 0
vt 1 0
vt 0 1
vt 1 1
vt 0 1
vt 1 1
vt 0 1
vt 1 1
vt 0 0
vt 1 0
vt 0 0
vt 1 0
vt 0 0
vt 0 1
vt 1 1
vt 1 0
vt 0 0
vt 0 1
vt 1 1
vt 1 0
vt 0 0
vt 0 1
vt 1 1
vt 1 0

usemtl Lit
usemap Lit
f 435/435/435 433/433/433 436/436/436
f 436/436/436 433/433/433 434/434/434
f 437/437/437 441/441/441 438/438/438
f 438/438/438 441/441/441 442/442/442
f 439/439/439 443/443/443 440/440/440
f 440/440/440 443/443/443 444/444/444
f 446/446/446 445/445/445 447/447/447
f 447/447/447 445/445/445 448/448/448
f 450/450/450 449/449/449 451/451/451
f 451/451/451 449/449/449 452/452/452
f 454/454/454 453/453/453 455/455/455
f 455/455/455 453/453/453 456/456/456
mtllib ./Map_1.mtl
g Cube (65)
v -103.4 -3 -3.75
v -98.4 -3 -3.75
v -103.4 3 -3.75
v -98.4 3 -3.75
v -103.4 3 -5.25
v -98.4 3 -5.25
v -103.4 -3 -5.25
v -98.4 -3 -5.25
v -103.4 3 -3.75
v -98.4 3 -3.75
v -103.4 3 -5.25
v -98.4 3 -5.25
v -103.4 -3 -5.25
v -103.4 -3 -3.75
v -98.4 -3 -3.75
v -98.4 -3 -5.25
v -98.4 -3 -3.75
v -98.4 3 -3.75
v -98.4 3 -5.25
v -98.4 -3 -5.25
v -103.4 -3 -5.25
v -103.4 3 -5.25
v -103.4 3 -3.75
v -103.4 -3 -3.75

vn 0 0 1
vn 0 0 1
vn 0 0 1
vn 0 0 1
vn 0 1 0
vn 0 1 0
vn 0 0 -1
vn 0 0 -1
vn 0 1 0
vn 0 1 0
vn 0 0 -1
vn 0 0 -1
vn 0 -1 0
vn 0 -1 0
vn 0 -1 0
vn 0 -1 0
vn 1 0 0
vn 1 0 0
vn 1 0 0
vn 1 0 0
vn -1 0 0
vn -1 0 0
vn -1 0 0
vn -1 0 0

vt 0 0
vt 1 0
vt 0 1
vt 1 1
vt 0 1
vt 1 1
vt 0 1
vt 1 1
vt 0 0
vt 1 0
vt 0 0
vt 1 0
vt 0 0
vt 0 1
vt 1 1
vt 1 0
vt 0 0
vt 0 1
vt 1 1
vt 1 0
vt 0 0
vt 0 1
vt 1 1
vt 1 0

usemtl Lit
usemap Lit
f 459/459/459 457/457/457 460/460/460
f 460/460/460 457/457/457 458/458/458
f 461/461/461 465/465/465 462/462/462
f 462/462/462 465/465/465 466/466/466
f 463/463/463 467/467/467 464/464/464
f 464/464/464 467/467/467 468/468/468
f 470/470/470 469/469/469 471/471/471
f 471/471/471 469/469/469 472/472/472
f 474/474/474 473/473/473 475/475/475
f 475/475/475 473/473/473 476/476/476
f 478/478/478 477/477/477 479/479/479
f 479/479/479 477/477/477 480/480/480
mtllib ./Map_1.mtl
g Cube (26)
v 42.52 -3 -13.2
v 44.52 -3 -13.2
v 42.52 3 -13.2
v 44.52 3 -13.2
v 42.52 3 -15.2
v 44.52 3 -15.2
v 42.52 -3 -15.2
v 44.52 -3 -15.2
v 42.52 3 -13.2
v 44.52 3 -13.2
v 42.52 3 -15.2
v 44.52 3 -15.2
v 42.52 -3 -15.2
v 42.52 -3 -13.2
v 44.52 -3 -13.2
v 44.52 -3 -15.2
v 44.52 -3 -13.2
v 44.52 3 -13.2
v 44.52 3 -15.2
v 44.52 -3 -15.2
v 42.52 -3 -15.2
v 42.52 3 -15.2
v 42.52 3 -13.2
v 42.52 -3 -13.2

vn 0 0 1
vn 0 0 1
vn 0 0 1
vn 0 0 1
vn 0 1 0
vn 0 1 0
vn 0 0 -1
vn 0 0 -1
vn 0 1 0
vn 0 1 0
vn 0 0 -1
vn 0 0 -1
vn 0 -1 0
vn 0 -1 0
vn 0 -1 0
vn 0 -1 0
vn 1 0 0
vn 1 0 0
vn 1 0 0
vn 1 0 0
vn -1 0 0
vn -1 0 0
vn -1 0 0
vn -1 0 0

vt 0 0
vt 1 0
vt 0 1
vt 1 1
vt 0 1
vt 1 1
vt 0 1
vt 1 1
vt 0 0
vt 1 0
vt 0 0
vt 1 0
vt 0 0
vt 0 1
vt 1 1
vt 1 0
vt 0 0
vt 0 1
vt 1 1
vt 1 0
vt 0 0
vt 0 1
vt 1 1
vt 1 0

usemtl Lit
usemap Lit
f 483/483/483 481/481/481 484/484/484
f 484/484/484 481/481/481 482/482/482
f 485/485/485 489/489/489 486/486/486
f 486/486/486 489/489/489 490/490/490
f 487/487/487 491/491/491 488/488/488
f 488/488/488 491/491/491 492/492/492
f 494/494/494 493/493/493 495/495/495
f 495/495/495 493/493/493 496/496/496
f 498/498/498 497/497/497 499/499/499
f 499/499/499 497/497/497 500/500/500
f 502/502/502 501/501/501 503/503/503
f 503/503/503 501/501/501 504/504/504
mtllib ./Map_1.mtl
g Cube (50)
v -109.39 -3 -45.07
v -99.39 -3 -45.07
v -109.39 3 -45.07
v -99.39 3 -45.07
v -109.39 3 -50.07
v -99.39 3 -50.07
v -109.39 -3 -50.07
v -99.39 -3 -50.07
v -109.39 3 -45.07
v -99.39 3 -45.07
v -109.39 3 -50.07
v -99.39 3 -50.07
v -109.39 -3 -50.07
v -109.39 -3 -45.07
v -99.39 -3 -45.07
v -99.39 -3 -50.07
v -99.39 -3 -45.07
v -99.39 3 -45.07
v -99.39 3 -50.07
v -99.39 -3 -50.07
v -109.39 -3 -50.07
v -109.39 3 -50.07
v -109.39 3 -45.07
v -109.39 -3 -45.07

vn 0 0 1
vn 0 0 1
vn 0 0 1
vn 0 0 1
vn 0 1 0
vn 0 1 0
vn 0 0 -1
vn 0 0 -1
vn 0 1 0
vn 0 1 0
vn 0 0 -1
vn 0 0 -1
vn 0 -1 0
vn 0 -1 0
vn 0 -1 0
vn 0 -1 0
vn 1 0 0
vn 1 0 0
vn 1 0 0
vn 1 0 0
vn -1 0 0
vn -1 0 0
vn -1 0 0
vn -1 0 0

vt 0 0
vt 1 0
vt 0 1
vt 1 1
vt 0 1
vt 1 1
vt 0 1
vt 1 1
vt 0 0
vt 1 0
vt 0 0
vt 1 0
vt 0 0
vt 0 1
vt 1 1
vt 1 0
vt 0 0
vt 0 1
vt 1 1
vt 1 0
vt 0 0
vt 0 1
vt 1 1
vt 1 0

usemtl Lit
usemap Lit
f 507/507/507 505/505/505 508/508/508
f 508/508/508 505/505/505 506/506/506
f 509/509/509 513/513/513 510/510/510
f 510/510/510 513/513/513 514/514/514
f 511/511/511 515/515/515 512/512/512
f 512/512/512 515/515/515 516/516/516
f 518/518/518 517/517/517 519/519/519
f 519/519/519 517/517/517 520/520/520
f 522/522/522 521/521/521 523/523/523
f 523/523/523 521/521/521 524/524/524
f 526/526/526 525/525/525 527/527/527
f 527/527/527 525/525/525 528/528/528
mtllib ./Map_1.mtl
g Cube (55)
v -20.1 -3 21.24
v -13.1 -3 21.24
v -20.1 3 21.24
v -13.1 3 21.24
v -20.1 3 19.74
v -13.1 3 19.74
v -20.1 -3 19.74
v -13.1 -3 19.74
v -20.1 3 21.24
v -13.1 3 21.24
v -20.1 3 19.74
v -13.1 3 19.74
v -20.1 -3 19.74
v -20.1 -3 21.24
v -13.1 -3 21.24
v -13.1 -3 19.74
v -13.1 -3 21.24
v -13.1 3 21.24
v -13.1 3 19.74
v -13.1 -3 19.74
v -20.1 -3 19.74
v -20.1 3 19.74
v -20.1 3 21.24
v -20.1 -3 21.24

vn 0 0 1
vn 0 0 1
vn 0 0 1
vn 0 0 1
vn 0 1 0
vn 0 1 0
vn 0 0 -1
vn 0 0 -1
vn 0 1 0
vn 0 1 0
vn 0 0 -1
vn 0 0 -1
vn 0 -1 0
vn 0 -1 0
vn 0 -1 0
vn 0 -1 0
vn 1 0 0
vn 1 0 0
vn 1 0 0
vn 1 0 0
vn -1 0 0
vn -1 0 0
vn -1 0 0
vn -1 0 0

vt 0 0
vt 1 0
vt 0 1
vt 1 1
vt 0 1
vt 1 1
vt 0 1
vt 1 1
vt 0 0
vt 1 0
vt 0 0
vt 1 0
vt 0 0
vt 0 1
vt 1 1
vt 1 0
vt 0 0
vt 0 1
vt 1 1
vt 1 0
vt 0 0
vt 0 1
vt 1 1
vt 1 0

usemtl Lit
usemap Lit
f 531/531/531 529/529/529 532/532/532
f 532/532/532 529/529/529 530/530/530
f 533/533/533 537/537/537 534/534/534
f 534/534/534 537/537/537 538/538/538
f 535/535/535 539/539/539 536/536/536
f 536/536/536 539/539/539 540/540/540
f 542/542/542 541/541/541 543/543/543
f 543/543/543 541/541/541 544/544/544
f 546/546/546 545/545/545 547/547/547
f 547/547/547 545/545/545 548/548/548
f 550/550/550 549/549/549 551/551/551
f 551/551/551 549/549/549 552/552/552
mtllib ./Map_1.mtl
g Cube (40)
v -22.4 -3 -52.1
v -7.4 -3 -52.1
v -22.4 3 -52.1
v -7.4 3 -52.1
v -22.4 3 -57.1
v -7.4 3 -57.1
v -22.4 -3 -57.1
v -7.4 -3 -57.1
v -22.4 3 -52.1
v -7.4 3 -52.1
v -22.4 3 -57.1
v -7.4 3 -57.1
v -22.4 -3 -57.1
v -22.4 -3 -52.1
v -7.4 -3 -52.1
v -7.4 -3 -57.1
v -7.4 -3 -52.1
v -7.4 3 -52.1
v -7.4 3 -57.1
v -7.4 -3 -57.1
v -22.4 -3 -57.1
v -22.4 3 -57.1
v -22.4 3 -52.1
v -22.4 -3 -52.1

vn 0 0 1
vn 0 0 1
vn 0 0 1
vn 0 0 1
vn 0 1 0
vn 0 1 0
vn 0 0 -1
vn 0 0 -1
vn 0 1 0
vn 0 1 0
vn 0 0 -1
vn 0 0 -1
vn 0 -1 0
vn 0 -1 0
vn 0 -1 0
vn 0 -1 0
vn 1 0 0
vn 1 0 0
vn 1 0 0
vn 1 0 0
vn -1 0 0
vn -1 0 0
vn -1 0 0
vn -1 0 0

vt 0 0
vt 1 0
vt 0 1
vt 1 1
vt 0 1
vt 1 1
vt 0 1
vt 1 1
vt 0 0
vt 1 0
vt 0 0
vt 1 0
vt 0 0
vt 0 1
vt 1 1
vt 1 0
vt 0 0
vt 0 1
vt 1 1
vt 1 0
vt 0 0
vt 0 1
vt 1 1
vt 1 0

usemtl Lit
usemap Lit
f 555/555/555 553/553/553 556/556/556
f 556/556/556 553/553/553 554/554/554
f 557/557/557 561/561/561 558/558/558
f 558/558/558 561/561/561 562/562/562
f 559/559/559 563/563/563 560/560/560
f 560/560/560 563/563/563 564/564/564
f 566/566/566 565/565/565 567/567/567
f 567/567/567 565/565/565 568/568/568
f 570/570/570 569/569/569 571/571/571
f 571/571/571 569/569/569 572/572/572
f 574/574/574 573/573/573 575/575/575
f 575/575/575 573/573/573 576/576/576
mtllib ./Map_1.mtl
g Cube (18)
v 42.69 -3 25.13
v 47.69 -3 25.13
v 42.69 3 25.13
v 47.69 3 25.13
v 42.69 3 3.13
v 47.69 3 3.13
v 42.69 -3 3.13
v 47.69 -3 3.13
v 42.69 3 25.13
v 47.69 3 25.13
v 42.69 3 3.13
v 47.69 3 3.13
v 42.69 -3 3.13
v 42.69 -3 25.13
v 47.69 -3 25.13
v 47.69 -3 3.13
v 47.69 -3 25.13
v 47.69 3 25.13
v 47.69 3 3.13
v 47.69 -3 3.13
v 42.69 -3 3.13
v 42.69 3 3.13
v 42.69 3 25.13
v 42.69 -3 25.13

vn 0 0 1
vn 0 0 1
vn 0 0 1
vn 0 0 1
vn 0 1 0
vn 0 1 0
vn 0 0 -1
vn 0 0 -1
vn 0 1 0
vn 0 1 0
vn 0 0 -1
vn 0 0 -1
vn 0 -1 0
vn 0 -1 0
vn 0 -1 0
vn 0 -1 0
vn 1 0 0
vn 1 0 0
vn 1 0 0
vn 1 0 0
vn -1 0 0
vn -1 0 0
vn -1 0 0
vn -1 0 0

vt 0 0
vt 1 0
vt 0 1
vt 1 1
vt 0 1
vt 1 1
vt 0 1
vt 1 1
vt 0 0
vt 1 0
vt 0 0
vt 1 0
vt 0 0
vt 0 1
vt 1 1
vt 1 0
vt 0 0
vt 0 1
vt 1 1
vt 1 0
vt 0 0
vt 0 1
vt 1 1
vt 1 0

usemtl Lit
usemap Lit
f 579/579/579 577/577/577 580/580/580
f 580/580/580 577/577/577 578/578/578
f 581/581/581 585/585/585 582/582/582
f 582/582/582 585/585/585 586/586/586
f 583/583/583 587/587/587 584/584/584
f 584/584/584 587/587/587 588/588/588
f 590/590/590 589/589/589 591/591/591
f 591/591/591 589/589/589 592/592/592
f 594/594/594 593/593/593 595/595/595
f 595/595/595 593/593/593 596/596/596
f 598/598/598 597/597/597 599/599/599
f 599/599/599 597/597/597 600/600/600
mtllib ./Map_1.mtl
g Cube (28)
v 44.12 -3 -18.26
v 49.12 -3 -18.26
v 44.12 3 -18.26
v 49.12 3 -18.26
v 44.12 3 -23.26
v 49.12 3 -23.26
v 44.12 -3 -23.26
v 49.12 -3 -23.26
v 44.12 3 -18.26
v 49.12 3 -18.26
v 44.12 3 -23.26
v 49.12 3 -23.26
v 44.12 -3 -23.26
v 44.12 -3 -18.26
v 49.12 -3 -18.26
v 49.12 -3 -23.26
v 49.12 -3 -18.26
v 49.12 3 -18.26
v 49.12 3 -23.26
v 49.12 -3 -23.26
v 44.12 -3 -23.26
v 44.12 3 -23.26
v 44.12 3 -18.26
v 44.12 -3 -18.26

vn 0 0 1
vn 0 0 1
vn 0 0 1
vn 0 0 1
vn 0 1 0
vn 0 1 0
vn 0 0 -1
vn 0 0 -1
vn 0 1 0
vn 0 1 0
vn 0 0 -1
vn 0 0 -1
vn 0 -1 0
vn 0 -1 0
vn 0 -1 0
vn 0 -1 0
vn 1 0 0
vn 1 0 0
vn 1 0 0
vn 1 0 0
vn -1 0 0
vn -1 0 0
vn -1 0 0
vn -1 0 0

vt 0 0
vt 1 0
vt 0 1
vt 1 1
vt 0 1
vt 1 1
vt 0 1
vt 1 1
vt 0 0
vt 1 0
vt 0 0
vt 1 0
vt 0 0
vt 0 1
vt 1 1
vt 1 0
vt 0 0
vt 0 1
vt 1 1
vt 1 0
vt 0 0
vt 0 1
vt 1 1
vt 1 0

usemtl Lit
usemap Lit
f 603/603/603 601/601/601 604/604/604
f 604/604/604 601/601/601 602/602/602
f 605/605/605 609/609/609 606/606/606
f 606/606/606 609/609/609 610/610/610
f 607/607/607 611/611/611 608/608/608
f 608/608/608 611/611/611 612/612/612
f 614/614/614 613/613/613 615/615/615
f 615/615/615 613/613/613 616/616/616
f 618/618/618 617/617/617 619/619/619
f 619/619/619 617/617/617 620/620/620
f 622/622/622 621/621/621 623/623/623
f 623/623/623 621/621/621 624/624/624
mtllib ./Map_1.mtl
g Cube (8)
v -5.95 -3 25.28
v -2.95 -3 25.28
v -5.95 3 25.28
v -2.95 3 25.28
v -5.95 3 23.78
v -2.95 3 23.78
v -5.95 -3 23.78
v -2.95 -3 23.78
v -5.95 3 25.28
v -2.95 3 25.28
v -5.95 3 23.78
v -2.95 3 23.78
v -5.95 -3 23.78
v -5.95 -3 25.28
v -2.95 -3 25.28
v -2.95 -3 23.78
v -2.95 -3 25.28
v -2.95 3 25.28
v -2.95 3 23.78
v -2.95 -3 23.78
v -5.95 -3 23.78
v -5.95 3 23.78
v -5.95 3 25.28
v -5.95 -3 25.28

vn 0 0 1
vn 0 0 1
vn 0 0 1
vn 0 0 1
vn 0 1 0
vn 0 1 0
vn 0 0 -1
vn 0 0 -1
vn 0 1 0
vn 0 1 0
vn 0 0 -1
vn 0 0 -1
vn 0 -1 0
vn 0 -1 0
vn 0 -1 0
vn 0 -1 0
vn 1 0 0
vn 1 0 0
vn 1 0 0
vn 1 0 0
vn -1 0 0
vn -1 0 0
vn -1 0 0
vn -1 0 0

vt 0 0
vt 1 0
vt 0 1
vt 1 1
vt 0 1
vt 1 1
vt 0 1
vt 1 1
vt 0 0
vt 1 0
vt 0 0
vt 1 0
vt 0 0
vt 0 1
vt 1 1
vt 1 0
vt 0 0
vt 0 1
vt 1 1
vt 1 0
vt 0 0
vt 0 1
vt 1 1
vt 1 0

usemtl Lit
usemap Lit
f 627/627/627 625/625/625 628/628/628
f 628/628/628 625/625/625 626/626/626
f 629/629/629 633/633/633 630/630/630
f 630/630/630 633/633/633 634/634/634
f 631/631/631 635/635/635 632/632/632
f 632/632/632 635/635/635 636/636/636
f 638/638/638 637/637/637 639/639/639
f 639/639/639 637/637/637 640/640/640
f 642/642/642 641/641/641 643/643/643
f 643/643/643 641/641/641 644/644/644
f 646/646/646 645/645/645 647/647/647
f 647/647/647 645/645/645 648/648/648
mtllib ./Map_1.mtl
g Cube (29)
v 40.53 -3 -21.63
v 45.53 -3 -21.63
v 40.53 3 -21.63
v 45.53 3 -21.63
v 40.53 3 -26.63
v 45.53 3 -26.63
v 40.53 -3 -26.63
v 45.53 -3 -26.63
v 40.53 3 -21.63
v 45.53 3 -21.63
v 40.53 3 -26.63
v 45.53 3 -26.63
v 40.53 -3 -26.63
v 40.53 -3 -21.63
v 45.53 -3 -21.63
v 45.53 -3 -26.63
v 45.53 -3 -21.63
v 45.53 3 -21.63
v 45.53 3 -26.63
v 45.53 -3 -26.63
v 40.53 -3 -26.63
v 40.53 3 -26.63
v 40.53 3 -21.63
v 40.53 -3 -21.63

vn 0 0 1
vn 0 0 1
vn 0 0 1
vn 0 0 1
vn 0 1 0
vn 0 1 0
vn 0 0 -1
vn 0 0 -1
vn 0 1 0
vn 0 1 0
vn 0 0 -1
vn 0 0 -1
vn 0 -1 0
vn 0 -1 0
vn 0 -1 0
vn 0 -1 0
vn 1 0 0
vn 1 0 0
vn 1 0 0
vn 1 0 0
vn -1 0 0
vn -1 0 0
vn -1 0 0
vn -1 0 0

vt 0 0
vt 1 0
vt 0 1
vt 1 1
vt 0 1
vt 1 1
vt 0 1
vt 1 1
vt 0 0
vt 1 0
vt 0 0
vt 1 0
vt 0 0
vt 0 1
vt 1 1
vt 1 0
vt 0 0
vt 0 1
vt 1 1
vt 1 0
vt 0 0
vt 0 1
vt 1 1
vt 1 0

usemtl Lit
usemap Lit
f 651/651/651 649/649/649 652/652/652
f 652/652/652 649/649/649 650/650/650
f 653/653/653 657/657/657 654/654/654
f 654/654/654 657/657/657 658/658/658
f 655/655/655 659/659/659 656/656/656
f 656/656/656 659/659/659 660/660/660
f 662/662/662 661/661/661 663/663/663
f 663/663/663 661/661/661 664/664/664
f 666/666/666 665/665/665 667/667/667
f 667/667/667 665/665/665 668/668/668
f 670/670/670 669/669/669 671/671/671
f 671/671/671 669/669/669 672/672/672
mtllib ./Map_1.mtl
g Cube (23)
v 40.41 -3 16.62
v 45.41 -3 16.62
v 40.41 3 16.62
v 45.41 3 16.62
v 40.41 3 9.62
v 45.41 3 9.62
v 40.41 -3 9.62
v 45.41 -3 9.62
v 40.41 3 16.62
v 45.41 3 16.62
v 40.41 3 9.62
v 45.41 3 9.62
v 40.41 -3 9.62
v 40.41 -3 16.62
v 45.41 -3 16.62
v 45.41 -3 9.62
v 45.41 -3 16.62
v 45.41 3 16.62
v 45.41 3 9.62
v 45.41 -3 9.62
v 40.41 -3 9.62
v 40.41 3 9.62
v 40.41 3 16.62
v 40.41 -3 16.62

vn 0 0 1
vn 0 0 1
vn 0 0 1
vn 0 0 1
vn 0 1 0
vn 0 1 0
vn 0 0 -1
vn 0 0 -1
vn 0 1 0
vn 0 1 0
vn 0 0 -1
vn 0 0 -1
vn 0 -1 0
vn 0 -1 0
vn 0 -1 0
vn 0 -1 0
vn 1 0 0
vn 1 0 0
vn 1 0 0
vn 1 0 0
vn -1 0 0
vn -1 0 0
vn -1 0 0
vn -1 0 0

vt 0 0
vt 1 0
vt 0 1
vt 1 1
vt 0 1
vt 1 1
vt 0 1
vt 1 1
vt 0 0
vt 1 0
vt 0 0
vt 1 0
vt 0 0
vt 0 1
vt 1 1
vt 1 0
vt 0 0
vt 0 1
vt 1 1
vt 1 0
vt 0 0
vt 0 1
vt 1 1
vt 1 0

usemtl Lit
usemap Lit
f 675/675/675 673/673/673 676/676/676
f 676/676/676 673/673/673 674/674/674
f 677/677/677 681/681/681 678/678/678
f 678/678/678 681/681/681 682/682/682
f 679/679/679 683/683/683 680/680/680
f 680/680/680 683/683/683 684/684/684
f 686/686/686 685/685/685 687/687/687
f 687/687/687 685/685/685 688/688/688
f 690/690/690 689/689/689 691/691/691
f 691/691/691 689/689/689 692/692/692
f 694/694/694 693/693/693 695/695/695
f 695/695/695 693/693/693 696/696/696
mtllib ./Map_1.mtl
g Cube (37)
v 2.43 -3 -41.82
v 17.43 -3 -41.82
v 2.43 3 -41.82
v 17.43 3 -41.82
v 2.43 3 -46.82
v 17.43 3 -46.82
v 2.43 -3 -46.82
v 17.43 -3 -46.82
v 2.43 3 -41.82
v 17.43 3 -41.82
v 2.43 3 -46.82
v 17.43 3 -46.82
v 2.43 -3 -46.82
v 2.43 -3 -41.82
v 17.43 -3 -41.82
v 17.43 -3 -46.82
v 17.43 -3 -41.82
v 17.43 3 -41.82
v 17.43 3 -46.82
v 17.43 -3 -46.82
v 2.43 -3 -46.82
v 2.43 3 -46.82
v 2.43 3 -41.82
v 2.43 -3 -41.82

vn 0 0 1
vn 0 0 1
vn 0 0 1
vn 0 0 1
vn 0 1 0
vn 0 1 0
vn 0 0 -1
vn 0 0 -1
vn 0 1 0
vn 0 1 0
vn 0 0 -1
vn 0 0 -1
vn 0 -1 0
vn 0 -1 0
vn 0 -1 0
vn 0 -1 0
vn 1 0 0
vn 1 0 0
vn 1 0 0
vn 1 0 0
vn -1 0 0
vn -1 0 0
vn -1 0 0
vn -1 0 0

vt 0 0
vt 1 0
vt 0 1
vt 1 1
vt 0 1
vt 1 1
vt 0 1
vt 1 1
vt 0 0
vt 1 0
vt 0 0
vt 1 0
vt 0 0
vt 0 1
vt 1 1
vt 1 0
vt 0 0
vt 0 1
vt 1 1
vt 1 0
vt 0 0
vt 0 1
vt 1 1
vt 1 0

usemtl Lit
usemap Lit
f 699/699/699 697/697/697 700/700/700
f 700/700/700 697/697/697 698/698/698
f 701/701/701 705/705/705 702/702/702
f 702/702/702 705/705/705 706/706/706
f 703/703/703 707/707/707 704/704/704
f 704/704/704 707/707/707 708/708/708
f 710/710/710 709/709/709 711/711/711
f 711/711/711 709/709/709 712/712/712
f 714/714/714 713/713/713 715/715/715
f 715/715/715 713/713/713 716/716/716
f 718/718/718 717/717/717 719/719/719
f 719/719/719 717/717/717 720/720/720
mtllib ./Map_1.mtl
g Cube (20)
v 40.23 -3 11.23
v 45.23 -3 11.23
v 40.23 3 11.23
v 45.23 3 11.23
v 40.23 3 1.23
v 45.23 3 1.23
v 40.23 -3 1.23
v 45.23 -3 1.23
v 40.23 3 11.23
v 45.23 3 11.23
v 40.23 3 1.23
v 45.23 3 1.23
v 40.23 -3 1.23
v 40.23 -3 11.23
v 45.23 -3 11.23
v 45.23 -3 1.23
v 45.23 -3 11.23
v 45.23 3 11.23
v 45.23 3 1.23
v 45.23 -3 1.23
v 40.23 -3 1.23
v 40.23 3 1.23
v 40.23 3 11.23
v 40.23 -3 11.23

vn 0 0 1
vn 0 0 1
vn 0 0 1
vn 0 0 1
vn 0 1 0
vn 0 1 0
vn 0 0 -1
vn 0 0 -1
vn 0 1 0
vn 0 1 0
vn 0 0 -1
vn 0 0 -1
vn 0 -1 0
vn 0 -1 0
vn 0 -1 0
vn 0 -1 0
vn 1 0 0
vn 1 0 0
vn 1 0 0
vn 1 0 0
vn -1 0 0
vn -1 0 0
vn -1 0 0
vn -1 0 0

vt 0 0
vt 1 0
vt 0 1
vt 1 1
vt 0 1
vt 1 1
vt 0 1
vt 1 1
vt 0 0
vt 1 0
vt 0 0
vt 1 0
vt 0 0
vt 0 1
vt 1 1
vt 1 0
vt 0 0
vt 0 1
vt 1 1
vt 1 0
vt 0 0
vt 0 1
vt 1 1
vt 1 0

usemtl Lit
usemap Lit
f 723/723/723 721/721/721 724/724/724
f 724/724/724 721/721/721 722/722/722
f 725/725/725 729/729/729 726/726/726
f 726/726/726 729/729/729 730/730/730
f 727/727/727 731/731/731 728/728/728
f 728/728/728 731/731/731 732/732/732
f 734/734/734 733/733/733 735/735/735
f 735/735/735 733/733/733 736/736/736
f 738/738/738 737/737/737 739/739/739
f 739/739/739 737/737/737 740/740/740
f 742/742/742 741/741/741 743/743/743
f 743/743/743 741/741/741 744/744/744
mtllib ./Map_1.mtl
g Cube (13)
v 29.07972 -3 22.86773
v 31.60784 -3 25.9675
v 29.07972 3 22.86773
v 31.60784 3 25.9675
v 29.93216 3 22.17249
v 32.46028 3 25.27227
v 29.93216 -3 22.17249
v 32.46028 -3 25.27227
v 29.07972 3 22.86773
v 31.60784 3 25.9675
v 29.93216 3 22.17249
v 32.46028 3 25.27227
v 29.93216 -3 22.17249
v 29.07972 -3 22.86773
v 31.60784 -3 25.9675
v 32.46028 -3 25.27227
v 31.60784 -3 25.9675
v 31.60784 3 25.9675
v 32.46028 3 25.27227
v 32.46028 -3 25.27227
v 29.93216 -3 22.17249
v 29.93216 3 22.17249
v 29.07972 3 22.86773
v 29.07972 -3 22.86773

vn -0.7749445 0 0.6320293
vn -0.7749445 0 0.6320293
vn -0.7749445 0 0.6320293
vn -0.7749445 0 0.6320293
vn 0 1 0
vn 0 1 0
vn 0.7749445 0 -0.6320293
vn 0.7749445 0 -0.6320293
vn 0 1 0
vn 0 1 0
vn 0.7749445 0 -0.6320293
vn 0.7749445 0 -0.6320293
vn 0 -1 0
vn 0 -1 0
vn 0 -1 0
vn 0 -1 0
vn 0.6320293 0 0.7749445
vn 0.6320293 0 0.7749445
vn 0.6320293 0 0.7749445
vn 0.6320293 0 0.7749445
vn -0.6320293 0 -0.7749445
vn -0.6320293 0 -0.7749445
vn -0.6320293 0 -0.7749445
vn -0.6320293 0 -0.7749445

vt 0 0
vt 1 0
vt 0 1
vt 1 1
vt 0 1
vt 1 1
vt 0 1
vt 1 1
vt 0 0
vt 1 0
vt 0 0
vt 1 0
vt 0 0
vt 0 1
vt 1 1
vt 1 0
vt 0 0
vt 0 1
vt 1 1
vt 1 0
vt 0 0
vt 0 1
vt 1 1
vt 1 0

usemtl Lit
usemap Lit
f 747/747/747 745/745/745 748/748/748
f 748/748/748 745/745/745 746/746/746
f 749/749/749 753/753/753 750/750/750
f 750/750/750 753/753/753 754/754/754
f 751/751/751 755/755/755 752/752/752
f 752/752/752 755/755/755 756/756/756
f 758/758/758 757/757/757 759/759/759
f 759/759/759 757/757/757 760/760/760
f 762/762/762 761/761/761 763/763/763
f 763/763/763 761/761/761 764/764/764
f 766/766/766 765/765/765 767/767/767
f 767/767/767 765/765/765 768/768/768
mtllib ./Map_1.mtl
g Cube (43)
v -51.6 -3 -61.6
v -36.6 -3 -61.6
v -51.6 3 -61.6
v -36.6 3 -61.6
v -51.6 3 -66.6
v -36.6 3 -66.6
v -51.6 -3 -66.6
v -36.6 -3 -66.6
v -51.6 3 -61.6
v -36.6 3 -61.6
v -51.6 3 -66.6
v -36.6 3 -66.6
v -51.6 -3 -66.6
v -51.6 -3 -61.6
v -36.6 -3 -61.6
v -36.6 -3 -66.6
v -36.6 -3 -61.6
v -36.6 3 -61.6
v -36.6 3 -66.6
v -36.6 -3 -66.6
v -51.6 -3 -66.6
v -51.6 3 -66.6
v -51.6 3 -61.6
v -51.6 -3 -61.6

vn 0 0 1
vn 0 0 1
vn 0 0 1
vn 0 0 1
vn 0 1 0
vn 0 1 0
vn 0 0 -1
vn 0 0 -1
vn 0 1 0
vn 0 1 0
vn 0 0 -1
vn 0 0 -1
vn 0 -1 0
vn 0 -1 0
vn 0 -1 0
vn 0 -1 0
vn 1 0 0
vn 1 0 0
vn 1 0 0
vn 1 0 0
vn -1 0 0
vn -1 0 0
vn -1 0 0
vn -1 0 0

vt 0 0
vt 1 0
vt 0 1
vt 1 1
vt 0 1
vt 1 1
vt 0 1
vt 1 1
vt 0 0
vt 1 0
vt 0 0
vt 1 0
vt 0 0
vt 0 1
vt 1 1
vt 1 0
vt 0 0
vt 0 1
vt 1 1
vt 1 0
vt 0 0
vt 0 1
vt 1 1
vt 1 0

usemtl Lit
usemap Lit
f 771/771/771 769/769/769 772/772/772
f 772/772/772 769/769/769 770/770/770
f 773/773/773 777/777/777 774/774/774
f 774/774/774 777/777/777 778/778/778
f 775/775/775 779/779/779 776/776/776
f 776/776/776 779/779/779 780/780/780
f 782/782/782 781/781/781 783/783/783
f 783/783/783 781/781/781 784/784/784
f 786/786/786 785/785/785 787/787/787
f 787/787/787 785/785/785 788/788/788
f 790/790/790 789/789/789 791/791/791
f 791/791/791 789/789/789 792/792/792
mtllib ./Map_1.mtl
g Cube (44)
v -66.39 -3 -63.81
v -51.39 -3 -63.81
v -66.39 3 -63.81
v -51.39 3 -63.81
v -66.39 3 -68.81
v -51.39 3 -68.81
v -66.39 -3 -68.81
v -51.39 -3 -68.81
v -66.39 3 -63.81
v -51.39 3 -63.81
v -66.39 3 -68.81
v -51.39 3 -68.81
v -66.39 -3 -68.81
v -66.39 -3 -63.81
v -51.39 -3 -63.81
v -51.39 -3 -68.81
v -51.39 -3 -63.81
v -51.39 3 -63.81
v -51.39 3 -68.81
v -51.39 -3 -68.81
v -66.39 -3 -68.81
v -66.39 3 -68.81
v -66.39 3 -63.81
v -66.39 -3 -63.81

vn 0 0 1
vn 0 0 1
vn 0 0 1
vn 0 0 1
vn 0 1 0
vn 0 1 0
vn 0 0 -1
vn 0 0 -1
vn 0 1 0
vn 0 1 0
vn 0 0 -1
vn 0 0 -1
vn 0 -1 0
vn 0 -1 0
vn 0 -1 0
vn 0 -1 0
vn 1 0 0
vn 1 0 0
vn 1 0 0
vn 1 0 0
vn -1 0 0
vn -1 0 0
vn -1 0 0
vn -1 0 0

vt 0 0
vt 1 0
vt 0 1
vt 1 1
vt 0 1
vt 1 1
vt 0 1
vt 1 1
vt 0 0
vt 1 0
vt 0 0
vt 1 0
vt 0 0
vt 0 1
vt 1 1
vt 1 0
vt 0 0
vt 0 1
vt 1 1
vt 1 0
vt 0 0
vt 0 1
vt 1 1
vt 1 0

usemtl Lit
usemap Lit
f 795/795/795 793/793/793 796/796/796
f 796/796/796 793/793/793 794/794/794
f 797/797/797 801/801/801 798/798/798
f 798/798/798 801/801/801 802/802/802
f 799/799/799 803/803/803 800/800/800
f 800/800/800 803/803/803 804/804/804
f 806/806/806 805/805/805 807/807/807
f 807/807/807 805/805/805 808/808/808
f 810/810/810 809/809/809 811/811/811
f 811/811/811 809/809/809 812/812/812
f 814/814/814 813/813/813 815/815/815
f 815/815/815 813/813/813 816/816/816
mtllib ./Map_1.mtl
g Cube (3)
v 3.615 -3 23.26
v 6.165 -3 23.26
v 3.615 3 23.26
v 6.165 3 23.26
v 3.615 3 21.76
v 6.165 3 21.76
v 3.615 -3 21.76
v 6.165 -3 21.76
v 3.615 3 23.26
v 6.165 3 23.26
v 3.615 3 21.76
v 6.165 3 21.76
v 3.615 -3 21.76
v 3.615 -3 23.26
v 6.165 -3 23.26
v 6.165 -3 21.76
v 6.165 -3 23.26
v 6.165 3 23.26
v 6.165 3 21.76
v 6.165 -3 21.76
v 3.615 -3 21.76
v 3.615 3 21.76
v 3.615 3 23.26
v 3.615 -3 23.26

vn 0 0 1
vn 0 0 1
vn 0 0 1
vn 0 0 1
vn 0 1 0
vn 0 1 0
vn 0 0 -1
vn 0 0 -1
vn 0 1 0
vn 0 1 0
vn 0 0 -1
vn 0 0 -1
vn 0 -1 0
vn 0 -1 0
vn 0 -1 0
vn 0 -1 0
vn 1 0 0
vn 1 0 0
vn 1 0 0
vn 1 0 0
vn -1 0 0
vn -1 0 0
vn -1 0 0
vn -1 0 0

vt 0 0
vt 1 0
vt 0 1
vt 1 1
vt 0 1
vt 1 1
vt 0 1
vt 1 1
vt 0 0
vt 1 0
vt 0 0
vt 1 0
vt 0 0
vt 0 1
vt 1 1
vt 1 0
vt 0 0
vt 0 1
vt 1 1
vt 1 0
vt 0 0
vt 0 1
vt 1 1
vt 1 0

usemtl Lit
usemap Lit
f 819/819/819 817/817/817 820/820/820
f 820/820/820 817/817/817 818/818/818
f 821/821/821 825/825/825 822/822/822
f 822/822/822 825/825/825 826/826/826
f 823/823/823 827/827/827 824/824/824
f 824/824/824 827/827/827 828/828/828
f 830/830/830 829/829/829 831/831/831
f 831/831/831 829/829/829 832/832/832
f 834/834/834 833/833/833 835/835/835
f 835/835/835 833/833/833 836/836/836
f 838/838/838 837/837/837 839/839/839
f 839/839/839 837/837/837 840/840/840
mtllib ./Map_1.mtl
g Cube (21)
v 38.08 -3 9.15
v 43.08 -3 9.15
v 38.08 3 9.15
v 43.08 3 9.15
v 38.08 3 2.15
v 43.08 3 2.15
v 38.08 -3 2.15
v 43.08 -3 2.15
v 38.08 3 9.15
v 43.08 3 9.15
v 38.08 3 2.15
v 43.08 3 2.15
v 38.08 -3 2.15
v 38.08 -3 9.15
v 43.08 -3 9.15
v 43.08 -3 2.15
v 43.08 -3 9.15
v 43.08 3 9.15
v 43.08 3 2.15
v 43.08 -3 2.15
v 38.08 -3 2.15
v 38.08 3 2.15
v 38.08 3 9.15
v 38.08 -3 9.15

vn 0 0 1
vn 0 0 1
vn 0 0 1
vn 0 0 1
vn 0 1 0
vn 0 1 0
vn 0 0 -1
vn 0 0 -1
vn 0 1 0
vn 0 1 0
vn 0 0 -1
vn 0 0 -1
vn 0 -1 0
vn 0 -1 0
vn 0 -1 0
vn 0 -1 0
vn 1 0 0
vn 1 0 0
vn 1 0 0
vn 1 0 0
vn -1 0 0
vn -1 0 0
vn -1 0 0
vn -1 0 0

vt 0 0
vt 1 0
vt 0 1
vt 1 1
vt 0 1
vt 1 1
vt 0 1
vt 1 1
vt 0 0
vt 1 0
vt 0 0
vt 1 0
vt 0 0
vt 0 1
vt 1 1
vt 1 0
vt 0 0
vt 0 1
vt 1 1
vt 1 0
vt 0 0
vt 0 1
vt 1 1
vt 1 0

usemtl Lit
usemap Lit
f 843/843/843 841/841/841 844/844/844
f 844/844/844 841/841/841 842/842/842
f 845/845/845 849/849/849 846/846/846
f 846/846/846 849/849/849 850/850/850
f 847/847/847 851/851/851 848/848/848
f 848/848/848 851/851/851 852/852/852
f 854/854/854 853/853/853 855/855/855
f 855/855/855 853/853/853 856/856/856
f 858/858/858 857/857/857 859/859/859
f 859/859/859 857/857/857 860/860/860
f 862/862/862 861/861/861 863/863/863
f 863/863/863 861/861/861 864/864/864
mtllib ./Map_1.mtl
g Cube (78)
v -29.91394 -3 17.47327
v -28.0678 -3 19.15903
v -29.91394 3 17.47327
v -28.0678 3 19.15903
v -29.1722 3 16.66097
v -27.32607 3 18.34673
v -29.1722 -3 16.66097
v -27.32607 -3 18.34673
v -29.91394 3 17.47327
v -28.0678 3 19.15903
v -29.1722 3 16.66097
v -27.32607 3 18.34673
v -29.1722 -3 16.66097
v -29.91394 -3 17.47327
v -28.0678 -3 19.15903
v -27.32607 -3 18.34673
v -28.0678 -3 19.15903
v -28.0678 3 19.15903
v -27.32607 3 18.34673
v -27.32607 -3 18.34673
v -29.1722 -3 16.66097
v -29.1722 3 16.66097
v -29.91394 3 17.47327
v -29.91394 -3 17.47327

vn -0.6743022 0 0.7384555
vn -0.6743022 0 0.7384555
vn -0.6743022 0 0.7384555
vn -0.6743022 0 0.7384555
vn 0 1 0
vn 0 1 0
vn 0.6743022 0 -0.7384555
vn 0.6743022 0 -0.7384555
vn 0 1 0
vn 0 1 0
vn 0.6743022 0 -0.7384555
vn 0.6743022 0 -0.7384555
vn 0 -1 0
vn 0 -1 0
vn 0 -1 0
vn 0 -1 0
vn 0.7384555 0 0.6743022
vn 0.7384555 0 0.6743022
vn 0.7384555 0 0.6743022
vn 0.7384555 0 0.6743022
vn -0.7384555 0 -0.6743022
vn -0.7384555 0 -0.6743022
vn -0.7384555 0 -0.6743022
vn -0.7384555 0 -0.6743022

vt 0 0
vt 1 0
vt 0 1
vt 1 1
vt 0 1
vt 1 1
vt 0 1
vt 1 1
vt 0 0
vt 1 0
vt 0 0
vt 1 0
vt 0 0
vt 0 1
vt 1 1
vt 1 0
vt 0 0
vt 0 1
vt 1 1
vt 1 0
vt 0 0
vt 0 1
vt 1 1
vt 1 0

usemtl Lit
usemap Lit
f 867/867/867 865/865/865 868/868/868
f 868/868/868 865/865/865 866/866/866
f 869/869/869 873/873/873 870/870/870
f 870/870/870 873/873/873 874/874/874
f 871/871/871 875/875/875 872/872/872
f 872/872/872 875/875/875 876/876/876
f 878/878/878 877/877/877 879/879/879
f 879/879/879 877/877/877 880/880/880
f 882/882/882 881/881/881 883/883/883
f 883/883/883 881/881/881 884/884/884
f 886/886/886 885/885/885 887/887/887
f 887/887/887 885/885/885 888/888/888
mtllib ./Map_1.mtl
g Cube (52)
v -116.74 -3 -5.15
v -106.74 -3 -5.15
v -116.74 3 -5.15
v -106.74 3 -5.15
v -116.74 3 -27.15
v -106.74 3 -27.15
v -116.74 -3 -27.15
v -106.74 -3 -27.15
v -116.74 3 -5.15
v -106.74 3 -5.15
v -116.74 3 -27.15
v -106.74 3 -27.15
v -116.74 -3 -27.15
v -116.74 -3 -5.15
v -106.74 -3 -5.15
v -106.74 -3 -27.15
v -106.74 -3 -5.15
v -106.74 3 -5.15
v -106.74 3 -27.15
v -106.74 -3 -27.15
v -116.74 -3 -27.15
v -116.74 3 -27.15
v -116.74 3 -5.15
v -116.74 -3 -5.15

vn 0 0 1
vn 0 0 1
vn 0 0 1
vn 0 0 1
vn 0 1 0
vn 0 1 0
vn 0 0 -1
vn 0 0 -1
vn 0 1 0
vn 0 1 0
vn 0 0 -1
vn 0 0 -1
vn 0 -1 0
vn 0 -1 0
vn 0 -1 0
vn 0 -1 0
vn 1 0 0
vn 1 0 0
vn 1 0 0
vn 1 0 0
vn -1 0 0
vn -1 0 0
vn -1 0 0
vn -1 0 0

vt 0 0
vt 1 0
vt 0 1
vt 1 1
vt 0 1
vt 1 1
vt 0 1
vt 1 1
vt 0 0
vt 1 0
vt 0 0
vt 1 0
vt 0 0
vt 0 1
vt 1 1
vt 1 0
vt 0 0
vt 0 1
vt 1 1
vt 1 0
vt 0 0
vt 0 1
vt 1 1
vt 1 0

usemtl Lit
usemap Lit
f 891/891/891 889/889/889 892/892/892
f 892/892/892 889/889/889 890/890/890
f 893/893/893 897/897/897 894/894/894
f 894/894/894 897/897/897 898/898/898
f 895/895/895 899/899/899 896/896/896
f 896/896/896 899/899/899 900/900/900
f 902/902/902 901/901/901 903/903/903
f 903/903/903 901/901/901 904/904/904
f 906/906/906 905/905/905 907/907/907
f 907/907/907 905/905/905 908/908/908
f 910/910/910 909/909/909 911/911/911
f 911/911/911 909/909/909 912/912/912
mtllib ./Map_1.mtl
g Cube (83)
v -70.15 -3 14.66
v -59.65 -3 14.66
v -70.15 3 14.66
v -59.65 3 14.66
v -70.15 3 10.66
v -59.65 3 10.66
v -70.15 -3 10.66
v -59.65 -3 10.66
v -70.15 3 14.66
v -59.65 3 14.66
v -70.15 3 10.66
v -59.65 3 10.66
v -70.15 -3 10.66
v -70.15 -3 14.66
v -59.65 -3 14.66
v -59.65 -3 10.66
v -59.65 -3 14.66
v -59.65 3 14.66
v -59.65 3 10.66
v -59.65 -3 10.66
v -70.15 -3 10.66
v -70.15 3 10.66
v -70.15 3 14.66
v -70.15 -3 14.66

vn 0 0 1
vn 0 0 1
vn 0 0 1
vn 0 0 1
vn 0 1 0
vn 0 1 0
vn 0 0 -1
vn 0 0 -1
vn 0 1 0
vn 0 1 0
vn 0 0 -1
vn 0 0 -1
vn 0 -1 0
vn 0 -1 0
vn 0 -1 0
vn 0 -1 0
vn 1 0 0
vn 1 0 0
vn 1 0 0
vn 1 0 0
vn -1 0 0
vn -1 0 0
vn -1 0 0
vn -1 0 0

vt 0 0
vt 1 0
vt 0 1
vt 1 1
vt 0 1
vt 1 1
vt 0 1
vt 1 1
vt 0 0
vt 1 0
vt 0 0
vt 1 0
vt 0 0
vt 0 1
vt 1 1
vt 1 0
vt 0 0
vt 0 1
vt 1 1
vt 1 0
vt 0 0
vt 0 1
vt 1 1
vt 1 0

usemtl Lit
usemap Lit
f 915/915/915 913/913/913 916/916/916
f 916/916/916 913/913/913 914/914/914
f 917/917/917 921/921/921 918/918/918
f 918/918/918 921/921/921 922/922/922
f 919/919/919 923/923/923 920/920/920
f 920/920/920 923/923/923 924/924/924
f 926/926/926 925/925/925 927/927/927
f 927/927/927 925/925/925 928/928/928
f 930/930/930 929/929/929 931/931/931
f 931/931/931 929/929/929 932/932/932
f 934/934/934 933/933/933 935/935/935
f 935/935/935 933/933/933 936/936/936
mtllib ./Map_1.mtl
g Cube (51)
v -116.74 -3 -24.45
v -106.74 -3 -24.45
v -116.74 3 -24.45
v -106.74 3 -24.45
v -116.74 3 -46.45
v -106.74 3 -46.45
v -116.74 -3 -46.45
v -106.74 -3 -46.45
v -116.74 3 -24.45
v -106.74 3 -24.45
v -116.74 3 -46.45
v -106.74 3 -46.45
v -116.74 -3 -46.45
v -116.74 -3 -24.45
v -106.74 -3 -24.45
v -106.74 -3 -46.45
v -106.74 -3 -24.45
v -106.74 3 -24.45
v -106.74 3 -46.45
v -106.74 -3 -46.45
v -116.74 -3 -46.45
v -116.74 3 -46.45
v -116.74 3 -24.45
v -116.74 -3 -24.45

vn 0 0 1
vn 0 0 1
vn 0 0 1
vn 0 0 1
vn 0 1 0
vn 0 1 0
vn 0 0 -1
vn 0 0 -1
vn 0 1 0
vn 0 1 0
vn 0 0 -1
vn 0 0 -1
vn 0 -1 0
vn 0 -1 0
vn 0 -1 0
vn 0 -1 0
vn 1 0 0
vn 1 0 0
vn 1 0 0
vn 1 0 0
vn -1 0 0
vn -1 0 0
vn -1 0 0
vn -1 0 0

vt 0 0
vt 1 0
vt 0 1
vt 1 1
vt 0 1
vt 1 1
vt 0 1
vt 1 1
vt 0 0
vt 1 0
vt 0 0
vt 1 0
vt 0 0
vt 0 1
vt 1 1
vt 1 0
vt 0 0
vt 0 1
vt 1 1
vt 1 0
vt 0 0
vt 0 1
vt 1 1
vt 1 0

usemtl Lit
usemap Lit
f 939/939/939 937/937/937 940/940/940
f 940/940/940 937/937/937 938/938/938
f 941/941/941 945/945/945 942/942/942
f 942/942/942 945/945/945 946/946/946
f 943/943/943 947/947/947 944/944/944
f 944/944/944 947/947/947 948/948/948
f 950/950/950 949/949/949 951/951/951
f 951/951/951 949/949/949 952/952/952
f 954/954/954 953/953/953 955/955/955
f 955/955/955 953/953/953 956/956/956
f 958/958/958 957/957/957 959/959/959
f 959/959/959 957/957/957 960/960/960
mtllib ./Map_1.mtl
g Cube (17)
v 36.78 -3 25.24
v 44.78 -3 25.24
v 36.78 3 25.24
v 44.78 3 25.24
v 36.78 3 23.74
v 44.78 3 23.74
v 36.78 -3 23.74
v 44.78 -3 23.74
v 36.78 3 25.24
v 44.78 3 25.24
v 36.78 3 23.74
v 44.78 3 23.74
v 36.78 -3 23.74
v 36.78 -3 25.24
v 44.78 -3 25.24
v 44.78 -3 23.74
v 44.78 -3 25.24
v 44.78 3 25.24
v 44.78 3 23.74
v 44.78 -3 23.74
v 36.78 -3 23.74
v 36.78 3 23.74
v 36.78 3 25.24
v 36.78 -3 25.24

vn 0 0 1
vn 0 0 1
vn 0 0 1
vn 0 0 1
vn 0 1 0
vn 0 1 0
vn 0 0 -1
vn 0 0 -1
vn 0 1 0
vn 0 1 0
vn 0 0 -1
vn 0 0 -1
vn 0 -1 0
vn 0 -1 0
vn 0 -1 0
vn 0 -1 0
vn 1 0 0
vn 1 0 0
vn 1 0 0
vn 1 0 0
vn -1 0 0
vn -1 0 0
vn -1 0 0
vn -1 0 0

vt 0 0
vt 1 0
vt 0 1
vt 1 1
vt 0 1
vt 1 1
vt 0 1
vt 1 1
vt 0 0
vt 1 0
vt 0 0
vt 1 0
vt 0 0
vt 0 1
vt 1 1
vt 1 0
vt 0 0
vt 0 1
vt 1 1
vt 1 0
vt 0 0
vt 0 1
vt 1 1
vt 1 0

usemtl Lit
usemap Lit
f 963/963/963 961/961/961 964/964/964
f 964/964/964 961/961/961 962/962/962
f 965/965/965 969/969/969 966/966/966
f 966/966/966 969/969/969 970/970/970
f 967/967/967 971/971/971 968/968/968
f 968/968/968 971/971/971 972/972/972
f 974/974/974 973/973/973 975/975/975
f 975/975/975 973/973/973 976/976/976
f 978/978/978 977/977/977 979/979/979
f 979/979/979 977/977/977 980/980/980
f 982/982/982 981/981/981 983/983/983
f 983/983/983 981/981/981 984/984/984
mtllib ./Map_1.mtl
g Cube (48)
v -93.4 -3 -53.4
v -83.4 -3 -53.4
v -93.4 3 -53.4
v -83.4 3 -53.4
v -93.4 3 -58.4
v -83.4 3 -58.4
v -93.4 -3 -58.4
v -83.4 -3 -58.4
v -93.4 3 -53.4
v -83.4 3 -53.4
v -93.4 3 -58.4
v -83.4 3 -58.4
v -93.4 -3 -58.4
v -93.4 -3 -53.4
v -83.4 -3 -53.4
v -83.4 -3 -58.4
v -83.4 -3 -53.4
v -83.4 3 -53.4
v -83.4 3 -58.4
v -83.4 -3 -58.4
v -93.4 -3 -58.4
v -93.4 3 -58.4
v -93.4 3 -53.4
v -93.4 -3 -53.4

vn 0 0 1
vn 0 0 1
vn 0 0 1
vn 0 0 1
vn 0 1 0
vn 0 1 0
vn 0 0 -1
vn 0 0 -1
vn 0 1 0
vn 0 1 0
vn 0 0 -1
vn 0 0 -1
vn 0 -1 0
vn 0 -1 0
vn 0 -1 0
vn 0 -1 0
vn 1 0 0
vn 1 0 0
vn 1 0 0
vn 1 0 0
vn -1 0 0
vn -1 0 0
vn -1 0 0
vn -1 0 0

vt 0 0
vt 1 0
vt 0 1
vt 1 1
vt 0 1
vt 1 1
vt 0 1
vt 1 1
vt 0 0
vt 1 0
vt 0 0
vt 1 0
vt 0 0
vt 0 1
vt 1 1
vt 1 0
vt 0 0
vt 0 1
vt 1 1
vt 1 0
vt 0 0
vt 0 1
vt 1 1
vt 1 0

usemtl Lit
usemap Lit
f 987/987/987 985/985/985 988/988/988
f 988/988/988 985/985/985 986/986/986
f 989/989/989 993/993/993 990/990/990
f 990/990/990 993/993/993 994/994/994
f 991/991/991 995/995/995 992/992/992
f 992/992/992 995/995/995 996/996/996
f 998/998/998 997/997/997 999/999/999
f 999/999/999 997/997/997 1000/1000/1000
f 1002/1002/1002 1001/1001/1001 1003/1003/1003
f 1003/1003/1003 1001/1001/1001 1004/1004/1004
f 1006/1006/1006 1005/1005/1005 1007/1007/1007
f 1007/1007/1007 1005/1005/1005 1008/1008/1008
mtllib ./Map_1.mtl
g Cube (46)
v -83.05 -3 -61.32
v -73.05 -3 -61.32
v -83.05 3 -61.32
v -73.05 3 -61.32
v -83.05 3 -66.32
v -73.05 3 -66.32
v -83.05 -3 -66.32
v -73.05 -3 -66.32
v -83.05 3 -61.32
v -73.05 3 -61.32
v -83.05 3 -66.32
v -73.05 3 -66.32
v -83.05 -3 -66.32
v -83.05 -3 -61.32
v -73.05 -3 -61.32
v -73.05 -3 -66.32
v -73.05 -3 -61.32
v -73.05 3 -61.32
v -73.05 3 -66.32
v -73.05 -3 -66.32
v -83.05 -3 -66.32
v -83.05 3 -66.32
v -83.05 3 -61.32
v -83.05 -3 -61.32

vn 0 0 1
vn 0 0 1
vn 0 0 1
vn 0 0 1
vn 0 1 0
vn 0 1 0
vn 0 0 -1
vn 0 0 -1
vn 0 1 0
vn 0 1 0
vn 0 0 -1
vn 0 0 -1
vn 0 -1 0
vn 0 -1 0
vn 0 -1 0
vn 0 -1 0
vn 1 0 0
vn 1 0 0
vn 1 0 0
vn 1 0 0
vn -1 0 0
vn -1 0 0
vn -1 0 0
vn -1 0 0

vt 0 0
vt 1 0
vt 0 1
vt 1 1
vt 0 1
vt 1 1
vt 0 1
vt 1 1
vt 0 0
vt 1 0
vt 0 0
vt 1 0
vt 0 0
vt 0 1
vt 1 1
vt 1 0
vt 0 0
vt 0 1
vt 1 1
vt 1 0
vt 0 0
vt 0 1
vt 1 1
vt 1 0

usemtl Lit
usemap Lit
f 1011/1011/1011 1009/1009/1009 1012/1012/1012
f 1012/1012/1012 1009/1009/1009 1010/1010/1010
f 1013/1013/1013 1017/1017/1017 1014/1014/1014
f 1014/1014/1014 1017/1017/1017 1018/1018/1018
f 1015/1015/1015 1019/1019/1019 1016/1016/1016
f 1016/1016/1016 1019/1019/1019 1020/1020/1020
f 1022/1022/1022 1021/1021/1021 1023/1023/1023
f 1023/1023/1023 1021/1021/1021 1024/1024/1024
f 1026/1026/1026 1025/1025/1025 1027/1027/1027
f 1027/1027/1027 1025/1025/1025 1028/1028/1028
f 1030/1030/1030 1029/1029/1029 1031/1031/1031
f 1031/1031/1031 1029/1029/1029 1032/1032/1032
mtllib ./Map_1.mtl
g Cube (14)
v 28.98 -3 23.48
v 29.98 -3 23.48
v 28.98 3 23.48
v 29.98 3 23.48
v 28.98 3 21.98
v 29.98 3 21.98
v 28.98 -3 21.98
v 29.98 -3 21.98
v 28.98 3 23.48
v 29.98 3 23.48
v 28.98 3 21.98
v 29.98 3 21.98
v 28.98 -3 21.98
v 28.98 -3 23.48
v 29.98 -3 23.48
v 29.98 -3 21.98
v 29.98 -3 23.48
v 29.98 3 23.48
v 29.98 3 21.98
v 29.98 -3 21.98
v 28.98 -3 21.98
v 28.98 3 21.98
v 28.98 3 23.48
v 28.98 -3 23.48

vn 0 0 1
vn 0 0 1
vn 0 0 1
vn 0 0 1
vn 0 1 0
vn 0 1 0
vn 0 0 -1
vn 0 0 -1
vn 0 1 0
vn 0 1 0
vn 0 0 -1
vn 0 0 -1
vn 0 -1 0
vn 0 -1 0
vn 0 -1 0
vn 0 -1 0
vn 1 0 0
vn 1 0 0
vn 1 0 0
vn 1 0 0
vn -1 0 0
vn -1 0 0
vn -1 0 0
vn -1 0 0

vt 0 0
vt 1 0
vt 0 1
vt 1 1
vt 0 1
vt 1 1
vt 0 1
vt 1 1
vt 0 0
vt 1 0
vt 0 0
vt 1 0
vt 0 0
vt 0 1
vt 1 1
vt 1 0
vt 0 0
vt 0 1
vt 1 1
vt 1 0
vt 0 0
vt 0 1
vt 1 1
vt 1 0

usemtl Lit
usemap Lit
f 1035/1035/1035 1033/1033/1033 1036/1036/1036
f 1036/1036/1036 1033/1033/1033 1034/1034/1034
f 1037/1037/1037 1041/1041/1041 1038/1038/1038
f 1038/1038/1038 1041/1041/1041 1042/1042/1042
f 1039/1039/1039 1043/1043/1043 1040/1040/1040
f 1040/1040/1040 1043/1043/1043 1044/1044/1044
f 1046/1046/1046 1045/1045/1045 1047/1047/1047
f 1047/1047/1047 1045/1045/1045 1048/1048/1048
f 1050/1050/1050 1049/1049/1049 1051/1051/1051
f 1051/1051/1051 1049/1049/1049 1052/1052/1052
f 1054/1054/1054 1053/1053/1053 1055/1055/1055
f 1055/1055/1055 1053/1053/1053 1056/1056/1056
mtllib ./Map_1.mtl
g Cube (59)
v -51.81 -3 17.32
v -38.81 -3 17.32
v -51.81 3 17.32
v -38.81 3 17.32
v -51.81 3 15.82
v -38.81 3 15.82
v -51.81 -3 15.82
v -38.81 -3 15.82
v -51.81 3 17.32
v -38.81 3 17.32
v -51.81 3 15.82
v -38.81 3 15.82
v -51.81 -3 15.82
v -51.81 -3 17.32
v -38.81 -3 17.32
v -38.81 -3 15.82
v -38.81 -3 17.32
v -38.81 3 17.32
v -38.81 3 15.82
v -38.81 -3 15.82
v -51.81 -3 15.82
v -51.81 3 15.82
v -51.81 3 17.32
v -51.81 -3 17.32

vn 0 0 1
vn 0 0 1
vn 0 0 1
vn 0 0 1
vn 0 1 0
vn 0 1 0
vn 0 0 -1
vn 0 0 -1
vn 0 1 0
vn 0 1 0
vn 0 0 -1
vn 0 0 -1
vn 0 -1 0
vn 0 -1 0
vn 0 -1 0
vn 0 -1 0
vn 1 0 0
vn 1 0 0
vn 1 0 0
vn 1 0 0
vn -1 0 0
vn -1 0 0
vn -1 0 0
vn -1 0 0

vt 0 0
vt 1 0
vt 0 1
vt 1 1
vt 0 1
vt 1 1
vt 0 1
vt 1 1
vt 0 0
vt 1 0
vt 0 0
vt 1 0
vt 0 0
vt 0 1
vt 1 1
vt 1 0
vt 0 0
vt 0 1
vt 1 1
vt 1 0
vt 0 0
vt 0 1
vt 1 1
vt 1 0

usemtl Lit
usemap Lit
f 1059/1059/1059 1057/1057/1057 1060/1060/1060
f 1060/1060/1060 1057/1057/1057 1058/1058/1058
f 1061/1061/1061 1065/1065/1065 1062/1062/1062
f 1062/1062/1062 1065/1065/1065 1066/1066/1066
f 1063/1063/1063 1067/1067/1067 1064/1064/1064
f 1064/1064/1064 1067/1067/1067 1068/1068/1068
f 1070/1070/1070 1069/1069/1069 1071/1071/1071
f 1071/1071/1071 1069/1069/1069 1072/1072/1072
f 1074/1074/1074 1073/1073/1073 1075/1075/1075
f 1075/1075/1075 1073/1073/1073 1076/1076/1076
f 1078/1078/1078 1077/1077/1077 1079/1079/1079
f 1079/1079/1079 1077/1077/1077 1080/1080/1080
mtllib ./Map_1.mtl
g Cube (36)
v 23.2 -3 -38.39
v 28.2 -3 -38.39
v 23.2 3 -38.39
v 28.2 3 -38.39
v 23.2 3 -43.39
v 28.2 3 -43.39
v 23.2 -3 -43.39
v 28.2 -3 -43.39
v 23.2 3 -38.39
v 28.2 3 -38.39
v 23.2 3 -43.39
v 28.2 3 -43.39
v 23.2 -3 -43.39
v 23.2 -3 -38.39
v 28.2 -3 -38.39
v 28.2 -3 -43.39
v 28.2 -3 -38.39
v 28.2 3 -38.39
v 28.2 3 -43.39
v 28.2 -3 -43.39
v 23.2 -3 -43.39
v 23.2 3 -43.39
v 23.2 3 -38.39
v 23.2 -3 -38.39

vn 0 0 1
vn 0 0 1
vn 0 0 1
vn 0 0 1
vn 0 1 0
vn 0 1 0
vn 0 0 -1
vn 0 0 -1
vn 0 1 0
vn 0 1 0
vn 0 0 -1
vn 0 0 -1
vn 0 -1 0
vn 0 -1 0
vn 0 -1 0
vn 0 -1 0
vn 1 0 0
vn 1 0 0
vn 1 0 0
vn 1 0 0
vn -1 0 0
vn -1 0 0
vn -1 0 0
vn -1 0 0

vt 0 0
vt 1 0
vt 0 1
vt 1 1
vt 0 1
vt 1 1
vt 0 1
vt 1 1
vt 0 0
vt 1 0
vt 0 0
vt 1 0
vt 0 0
vt 0 1
vt 1 1
vt 1 0
vt 0 0
vt 0 1
vt 1 1
vt 1 0
vt 0 0
vt 0 1
vt 1 1
vt 1 0

usemtl Lit
usemap Lit
f 1083/1083/1083 1081/1081/1081 1084/1084/1084
f 1084/1084/1084 1081/1081/1081 1082/1082/1082
f 1085/1085/1085 1089/1089/1089 1086/1086/1086
f 1086/1086/1086 1089/1089/1089 1090/1090/1090
f 1087/1087/1087 1091/1091/1091 1088/1088/1088
f 1088/1088/1088 1091/1091/1091 1092/1092/1092
f 1094/1094/1094 1093/1093/1093 1095/1095/1095
f 1095/1095/1095 1093/1093/1093 1096/1096/1096
f 1098/1098/1098 1097/1097/1097 1099/1099/1099
f 1099/1099/1099 1097/1097/1097 1100/1100/1100
f 1102/1102/1102 1101/1101/1101 1103/1103/1103
f 1103/1103/1103 1101/1101/1101 1104/1104/1104
mtllib ./Map_1.mtl
g Cube (22)
v 41.14 -3 23.69
v 46.14 -3 23.69
v 41.14 3 23.69
v 46.14 3 23.69
v 41.14 3 16.69
v 46.14 3 16.69
v 41.14 -3 16.69
v 46.14 -3 16.69
v 41.14 3 23.69
v 46.14 3 23.69
v 41.14 3 16.69
v 46.14 3 16.69
v 41.14 -3 16.69
v 41.14 -3 23.69
v 46.14 -3 23.69
v 46.14 -3 16.69
v 46.14 -3 23.69
v 46.14 3 23.69
v 46.14 3 16.69
v 46.14 -3 16.69
v 41.14 -3 16.69
v 41.14 3 16.69
v 41.14 3 23.69
v 41.14 -3 23.69

vn 0 0 1
vn 0 0 1
vn 0 0 1
vn 0 0 1
vn 0 1 0
vn 0 1 0
vn 0 0 -1
vn 0 0 -1
vn 0 1 0
vn 0 1 0
vn 0 0 -1
vn 0 0 -1
vn 0 -1 0
vn 0 -1 0
vn 0 -1 0
vn 0 -1 0
vn 1 0 0
vn 1 0 0
vn 1 0 0
vn 1 0 0
vn -1 0 0
vn -1 0 0
vn -1 0 0
vn -1 0 0

vt 0 0
vt 1 0
vt 0 1
vt 1 1
vt 0 1
vt 1 1
vt 0 1
vt 1 1
vt 0 0
vt 1 0
vt 0 0
vt 1 0
vt 0 0
vt 0 1
vt 1 1
vt 1 0
vt 0 0
vt 0 1
vt 1 1
vt 1 0
vt 0 0
vt 0 1
vt 1 1
vt 1 0

usemtl Lit
usemap Lit
f 1107/1107/1107 1105/1105/1105 1108/1108/1108
f 1108/1108/1108 1105/1105/1105 1106/1106/1106
f 1109/1109/1109 1113/1113/1113 1110/1110/1110
f 1110/1110/1110 1113/1113/1113 1114/1114/1114
f 1111/1111/1111 1115/1115/1115 1112/1112/1112
f 1112/1112/1112 1115/1115/1115 1116/1116/1116
f 1118/1118/1118 1117/1117/1117 1119/1119/1119
f 1119/1119/1119 1117/1117/1117 1120/1120/1120
f 1122/1122/1122 1121/1121/1121 1123/1123/1123
f 1123/1123/1123 1121/1121/1121 1124/1124/1124
f 1126/1126/1126 1125/1125/1125 1127/1127/1127
f 1127/1127/1127 1125/1125/1125 1128/1128/1128
mtllib ./Map_1.mtl
g Cube (24)
v 40.8 -3 1.3
v 45.8 -3 1.3
v 40.8 3 1.3
v 45.8 3 1.3
v 40.8 3 -5.7
v 45.8 3 -5.7
v 40.8 -3 -5.7
v 45.8 -3 -5.7
v 40.8 3 1.3
v 45.8 3 1.3
v 40.8 3 -5.7
v 45.8 3 -5.7
v 40.8 -3 -5.7
v 40.8 -3 1.3
v 45.8 -3 1.3
v 45.8 -3 -5.7
v 45.8 -3 1.3
v 45.8 3 1.3
v 45.8 3 -5.7
v 45.8 -3 -5.7
v 40.8 -3 -5.7
v 40.8 3 -5.7
v 40.8 3 1.3
v 40.8 -3 1.3

vn 0 0 1
vn 0 0 1
vn 0 0 1
vn 0 0 1
vn 0 1 0
vn 0 1 0
vn 0 0 -1
vn 0 0 -1
vn 0 1 0
vn 0 1 0
vn 0 0 -1
vn 0 0 -1
vn 0 -1 0
vn 0 -1 0
vn 0 -1 0
vn 0 -1 0
vn 1 0 0
vn 1 0 0
vn 1 0 0
vn 1 0 0
vn -1 0 0
vn -1 0 0
vn -1 0 0
vn -1 0 0

vt 0 0
vt 1 0
vt 0 1
vt 1 1
vt 0 1
vt 1 1
vt 0 1
vt 1 1
vt 0 0
vt 1 0
vt 0 0
vt 1 0
vt 0 0
vt 0 1
vt 1 1
vt 1 0
vt 0 0
vt 0 1
vt 1 1
vt 1 0
vt 0 0
vt 0 1
vt 1 1
vt 1 0

usemtl Lit
usemap Lit
f 1131/1131/1131 1129/1129/1129 1132/1132/1132
f 1132/1132/1132 1129/1129/1129 1130/1130/1130
f 1133/1133/1133 1137/1137/1137 1134/1134/1134
f 1134/1134/1134 1137/1137/1137 1138/1138/1138
f 1135/1135/1135 1139/1139/1139 1136/1136/1136
f 1136/1136/1136 1139/1139/1139 1140/1140/1140
f 1142/1142/1142 1141/1141/1141 1143/1143/1143
f 1143/1143/1143 1141/1141/1141 1144/1144/1144
f 1146/1146/1146 1145/1145/1145 1147/1147/1147
f 1147/1147/1147 1145/1145/1145 1148/1148/1148
f 1150/1150/1150 1149/1149/1149 1151/1151/1151
f 1151/1151/1151 1149/1149/1149 1152/1152/1152
mtllib ./Map_1.mtl
g Cube (53)
v -113.07 -3 11.8
v -103.07 -3 11.8
v -113.07 3 11.8
v -103.07 3 11.8
v -113.07 3 -10.2
v -103.07 3 -10.2
v -113.07 -3 -10.2
v -103.07 -3 -10.2
v -113.07 3 11.8
v -103.07 3 11.8
v -113.07 3 -10.2
v -103.07 3 -10.2
v -113.07 -3 -10.2
v -113.07 -3 11.8
v -103.07 -3 11.8
v -103.07 -3 -10.2
v -103.07 -3 11.8
v -103.07 3 11.8
v -103.07 3 -10.2
v -103.07 -3 -10.2
v -113.07 -3 -10.2
v -113.07 3 -10.2
v -113.07 3 11.8
v -113.07 -3 11.8

vn 0 0 1
vn 0 0 1
vn 0 0 1
vn 0 0 1
vn 0 1 0
vn 0 1 0
vn 0 0 -1
vn 0 0 -1
vn 0 1 0
vn 0 1 0
vn 0 0 -1
vn 0 0 -1
vn 0 -1 0
vn 0 -1 0
vn 0 -1 0
vn 0 -1 0
vn 1 0 0
vn 1 0 0
vn 1 0 0
vn 1 0 0
vn -1 0 0
vn -1 0 0
vn -1 0 0
vn -1 0 0

vt 0 0
vt 1 0
vt 0 1
vt 1 1
vt 0 1
vt 1 1
vt 0 1
vt 1 1
vt 0 0
vt 1 0
vt 0 0
vt 1 0
vt 0 0
vt 0 1
vt 1 1
vt 1 0
vt 0 0
vt 0 1
vt 1 1
vt 1 0
vt 0 0
vt 0 1
vt 1 1
vt 1 0

usemtl Lit
usemap Lit
f 1155/1155/1155 1153/1153/1153 1156/1156/1156
f 1156/1156/1156 1153/1153/1153 1154/1154/1154
f 1157/1157/1157 1161/1161/1161 1158/1158/1158
f 1158/1158/1158 1161/1161/1161 1162/1162/1162
f 1159/1159/1159 1163/1163/1163 1160/1160/1160
f 1160/1160/1160 1163/1163/1163 1164/1164/1164
f 1166/1166/1166 1165/1165/1165 1167/1167/1167
f 1167/1167/1167 1165/1165/1165 1168/1168/1168
f 1170/1170/1170 1169/1169/1169 1171/1171/1171
f 1171/1171/1171 1169/1169/1169 1172/1172/1172
f 1174/1174/1174 1173/1173/1173 1175/1175/1175
f 1175/1175/1175 1173/1173/1173 1176/1176/1176
mtllib ./Map_1.mtl
g Cube (86)
v -63.42 -3 10.75
v -62.42 -3 10.75
v -63.42 3 10.75
v -62.42 3 10.75
v -63.42 3 9.75
v -62.42 3 9.75
v -63.42 -3 9.75
v -62.42 -3 9.75
v -63.42 3 10.75
v -62.42 3 10.75
v -63.42 3 9.75
v -62.42 3 9.75
v -63.42 -3 9.75
v -63.42 -3 10.75
v -62.42 -3 10.75
v -62.42 -3 9.75
v -62.42 -3 10.75
v -62.42 3 10.75
v -62.42 3 9.75
v -62.42 -3 9.75
v -63.42 -3 9.75
v -63.42 3 9.75
v -63.42 3 10.75
v -63.42 -3 10.75

vn 0 0 1
vn 0 0 1
vn 0 0 1
vn 0 0 1
vn 0 1 0
vn 0 1 0
vn 0 0 -1
vn 0 0 -1
vn 0 1 0
vn 0 1 0
vn 0 0 -1
vn 0 0 -1
vn 0 -1 0
vn 0 -1 0
vn 0 -1 0
vn 0 -1 0
vn 1 0 0
vn 1 0 0
vn 1 0 0
vn 1 0 0
vn -1 0 0
vn -1 0 0
vn -1 0 0
vn -1 0 0

vt 0 0
vt 1 0
vt 0 1
vt 1 1
vt 0 1
vt 1 1
vt 0 1
vt 1 1
vt 0 0
vt 1 0
vt 0 0
vt 1 0
vt 0 0
vt 0 1
vt 1 1
vt 1 0
vt 0 0
vt 0 1
vt 1 1
vt 1 0
vt 0 0
vt 0 1
vt 1 1
vt 1 0

usemtl Lit
usemap Lit
f 1179/1179/1179 1177/1177/1177 1180/1180/1180
f 1180/1180/1180 1177/1177/1177 1178/1178/1178
f 1181/1181/1181 1185/1185/1185 1182/1182/1182
f 1182/1182/1182 1185/1185/1185 1186/1186/1186
f 1183/1183/1183 1187/1187/1187 1184/1184/1184
f 1184/1184/1184 1187/1187/1187 1188/1188/1188
f 1190/1190/1190 1189/1189/1189 1191/1191/1191
f 1191/1191/1191 1189/1189/1189 1192/1192/1192
f 1194/1194/1194 1193/1193/1193 1195/1195/1195
f 1195/1195/1195 1193/1193/1193 1196/1196/1196
f 1198/1198/1198 1197/1197/1197 1199/1199/1199
f 1199/1199/1199 1197/1197/1197 1200/1200/1200
mtllib ./Map_1.mtl
g Cube (35)
v 26.55 -3 -36.49
v 31.55 -3 -36.49
v 26.55 3 -36.49
v 31.55 3 -36.49
v 26.55 3 -41.49
v 31.55 3 -41.49
v 26.55 -3 -41.49
v 31.55 -3 -41.49
v 26.55 3 -36.49
v 31.55 3 -36.49
v 26.55 3 -41.49
v 31.55 3 -41.49
v 26.55 -3 -41.49
v 26.55 -3 -36.49
v 31.55 -3 -36.49
v 31.55 -3 -41.49
v 31.55 -3 -36.49
v 31.55 3 -36.49
v 31.55 3 -41.49
v 31.55 -3 -41.49
v 26.55 -3 -41.49
v 26.55 3 -41.49
v 26.55 3 -36.49
v 26.55 -3 -36.49

vn 0 0 1
vn 0 0 1
vn 0 0 1
vn 0 0 1
vn 0 1 0
vn 0 1 0
vn 0 0 -1
vn 0 0 -1
vn 0 1 0
vn 0 1 0
vn 0 0 -1
vn 0 0 -1
vn 0 -1 0
vn 0 -1 0
vn 0 -1 0
vn 0 -1 0
vn 1 0 0
vn 1 0 0
vn 1 0 0
vn 1 0 0
vn -1 0 0
vn -1 0 0
vn -1 0 0
vn -1 0 0

vt 0 0
vt 1 0
vt 0 1
vt 1 1
vt 0 1
vt 1 1
vt 0 1
vt 1 1
vt 0 0
vt 1 0
vt 0 0
vt 1 0
vt 0 0
vt 0 1
vt 1 1
vt 1 0
vt 0 0
vt 0 1
vt 1 1
vt 1 0
vt 0 0
vt 0 1
vt 1 1
vt 1 0

usemtl Lit
usemap Lit
f 1203/1203/1203 1201/1201/1201 1204/1204/1204
f 1204/1204/1204 1201/1201/1201 1202/1202/1202
f 1205/1205/1205 1209/1209/1209 1206/1206/1206
f 1206/1206/1206 1209/1209/1209 1210/1210/1210
f 1207/1207/1207 1211/1211/1211 1208/1208/1208
f 1208/1208/1208 1211/1211/1211 1212/1212/1212
f 1214/1214/1214 1213/1213/1213 1215/1215/1215
f 1215/1215/1215 1213/1213/1213 1216/1216/1216
f 1218/1218/1218 1217/1217/1217 1219/1219/1219
f 1219/1219/1219 1217/1217/1217 1220/1220/1220
f 1222/1222/1222 1221/1221/1221 1223/1223/1223
f 1223/1223/1223 1221/1221/1221 1224/1224/1224
mtllib ./Map_1.mtl
g Cube (75)
v -13.79778 -3 20.64755
v -10.84396 -3 23.34476
v -13.79778 3 20.64755
v -10.84396 3 23.34476
v -13.05604 3 19.83525
v -10.10222 3 22.53245
v -13.05604 -3 19.83525
v -10.10222 -3 22.53245
v -13.79778 3 20.64755
v -10.84396 3 23.34476
v -13.05604 3 19.83525
v -10.10222 3 22.53245
v -13.05604 -3 19.83525
v -13.79778 -3 20.64755
v -10.84396 -3 23.34476
v -10.10222 -3 22.53245
v -10.84396 -3 23.34476
v -10.84396 3 23.34476
v -10.10222 3 22.53245
v -10.10222 -3 22.53245
v -13.05604 -3 19.83525
v -13.05604 3 19.83525
v -13.79778 3 20.64755
v -13.79778 -3 20.64755

vn -0.6743022 0 0.7384555
vn -0.6743022 0 0.7384555
vn -0.6743022 0 0.7384555
vn -0.6743022 0 0.7384555
vn 0 1 0
vn 0 1 0
vn 0.6743022 0 -0.7384555
vn 0.6743022 0 -0.7384555
vn 0 1 0
vn 0 1 0
vn 0.6743022 0 -0.7384555
vn 0.6743022 0 -0.7384555
vn 0 -1 0
vn 0 -1 0
vn 0 -1 0
vn 0 -1 0
vn 0.7384555 0 0.6743022
vn 0.7384555 0 0.6743022
vn 0.7384555 0 0.6743022
vn 0.7384555 0 0.6743022
vn -0.7384555 0 -0.6743022
vn -0.7384555 0 -0.6743022
vn -0.7384555 0 -0.6743022
vn -0.7384555 0 -0.6743022

vt 0 0
vt 1 0
vt 0 1
vt 1 1
vt 0 1
vt 1 1
vt 0 1
vt 1 1
vt 0 0
vt 1 0
vt 0 0
vt 1 0
vt 0 0
vt 0 1
vt 1 1
vt 1 0
vt 0 0
vt 0 1
vt 1 1
vt 1 0
vt 0 0
vt 0 1
vt 1 1
vt 1 0

usemtl Lit
usemap Lit
f 1227/1227/1227 1225/1225/1225 1228/1228/1228
f 1228/1228/1228 1225/1225/1225 1226/1226/1226
f 1229/1229/1229 1233/1233/1233 1230/1230/1230
f 1230/1230/1230 1233/1233/1233 1234/1234/1234
f 1231/1231/1231 1235/1235/1235 1232/1232/1232
f 1232/1232/1232 1235/1235/1235 1236/1236/1236
f 1238/1238/1238 1237/1237/1237 1239/1239/1239
f 1239/1239/1239 1237/1237/1237 1240/1240/1240
f 1242/1242/1242 1241/1241/1241 1243/1243/1243
f 1243/1243/1243 1241/1241/1241 1244/1244/1244
f 1246/1246/1246 1245/1245/1245 1247/1247/1247
f 1247/1247/1247 1245/1245/1245 1248/1248/1248
mtllib ./Map_1.mtl
g Cube (84)
v -70.67 -3 12.71
v -67.67 -3 12.71
v -70.67 3 12.71
v -67.67 3 12.71
v -70.67 3 8.71
v -67.67 3 8.71
v -70.67 -3 8.71
v -67.67 -3 8.71
v -70.67 3 12.71
v -67.67 3 12.71
v -70.67 3 8.71
v -67.67 3 8.71
v -70.67 -3 8.71
v -70.67 -3 12.71
v -67.67 -3 12.71
v -67.67 -3 8.71
v -67.67 -3 12.71
v -67.67 3 12.71
v -67.67 3 8.71
v -67.67 -3 8.71
v -70.67 -3 8.71
v -70.67 3 8.71
v -70.67 3 12.71
v -70.67 -3 12.71

vn 0 0 1
vn 0 0 1
vn 0 0 1
vn 0 0 1
vn 0 1 0
vn 0 1 0
vn 0 0 -1
vn 0 0 -1
vn 0 1 0
vn 0 1 0
vn 0 0 -1
vn 0 0 -1
vn 0 -1 0
vn 0 -1 0
vn 0 -1 0
vn 0 -1 0
vn 1 0 0
vn 1 0 0
vn 1 0 0
vn 1 0 0
vn -1 0 0
vn -1 0 0
vn -1 0 0
vn -1 0 0

vt 0 0
vt 1 0
vt 0 1
vt 1 1
vt 0 1
vt 1 1
vt 0 1
vt 1 1
vt 0 0
vt 1 0
vt 0 0
vt 1 0
vt 0 0
vt 0 1
vt 1 1
vt 1 0
vt 0 0
vt 0 1
vt 1 1
vt 1 0
vt 0 0
vt 0 1
vt 1 1
vt 1 0

usemtl Lit
usemap Lit
f 1251/1251/1251 1249/1249/1249 1252/1252/1252
f 1252/1252/1252 1249/1249/1249 1250/1250/1250
f 1253/1253/1253 1257/1257/1257 1254/1254/1254
f 1254/1254/1254 1257/1257/1257 1258/1258/1258
f 1255/1255/1255 1259/1259/1259 1256/1256/1256
f 1256/1256/1256 1259/1259/1259 1260/1260/1260
f 1262/1262/1262 1261/1261/1261 1263/1263/1263
f 1263/1263/1263 1261/1261/1261 1264/1264/1264
f 1266/1266/1266 1265/1265/1265 1267/1267/1267
f 1267/1267/1267 1265/1265/1265 1268/1268/1268
f 1270/1270/1270 1269/1269/1269 1271/1271/1271
f 1271/1271/1271 1269/1269/1269 1272/1272/1272
mtllib ./Map_1.mtl
g Cube (85)
v -70.68 -3 14.51
v -66.93999 -3 14.51
v -70.68 3 14.51
v -66.93999 3 14.51
v -70.68 3 9.51
v -66.93999 3 9.51
v -70.68 -3 9.51
v -66.93999 -3 9.51
v -70.68 3 14.51
v -66.93999 3 14.51
v -70.68 3 9.51
v -66.93999 3 9.51
v -70.68 -3 9.51
v -70.68 -3 14.51
v -66.93999 -3 14.51
v -66.93999 -3 9.51
v -66.93999 -3 14.51
v -66.93999 3 14.51
v -66.93999 3 9.51
v -66.93999 -3 9.51
v -70.68 -3 9.51
v -70.68 3 9.51
v -70.68 3 14.51
v -70.68 -3 14.51

vn 0 0 1
vn 0 0 1
vn 0 0 1
vn 0 0 1
vn 0 1 0
vn 0 1 0
vn 0 0 -1
vn 0 0 -1
vn 0 1 0
vn 0 1 0
vn 0 0 -1
vn 0 0 -1
vn 0 -1 0
vn 0 -1 0
vn 0 -1 0
vn 0 -1 0
vn 1 0 0
vn 1 0 0
vn 1 0 0
vn 1 0 0
vn -1 0 0
vn -1 0 0
vn -1 0 0
vn -1 0 0

vt 0 0
vt 1 0
vt 0 1
vt 1 1
vt 0 1
vt 1 1
vt 0 1
vt 1 1
vt 0 0
vt 1 0
vt 0 0
vt 1 0
vt 0 0
vt 0 1
vt 1 1
vt 1 0
vt 0 0
vt 0 1
vt 1 1
vt 1 0
vt 0 0
vt 0 1
vt 1 1
vt 1 0

usemtl Lit
usemap Lit
f 1275/1275/1275 1273/1273/1273 1276/1276/1276
f 1276/1276/1276 1273/1273/1273 1274/1274/1274
f 1277/1277/1277 1281/1281/1281 1278/1278/1278
f 1278/1278/1278 1281/1281/1281 1282/1282/1282
f 1279/1279/1279 1283/1283/1283 1280/1280/1280
f 1280/1280/1280 1283/1283/1283 1284/1284/1284
f 1286/1286/1286 1285/1285/1285 1287/1287/1287
f 1287/1287/1287 1285/1285/1285 1288/1288/1288
f 1290/1290/1290 1289/1289/1289 1291/1291/1291
f 1291/1291/1291 1289/1289/1289 1292/1292/1292
f 1294/1294/1294 1293/1293/1293 1295/1295/1295
f 1295/1295/1295 1293/1293/1293 1296/1296/1296
mtllib ./Map_1.mtl
g Cube (34)
v 15.97 -3 -39.4
v 30.97 -3 -39.4
v 15.97 3 -39.4
v 30.97 3 -39.4
v 15.97 3 -44.4
v 30.97 3 -44.4
v 15.97 -3 -44.4
v 30.97 -3 -44.4
v 15.97 3 -39.4
v 30.97 3 -39.4
v 15.97 3 -44.4
v 30.97 3 -44.4
v 15.97 -3 -44.4
v 15.97 -3 -39.4
v 30.97 -3 -39.4
v 30.97 -3 -44.4
v 30.97 -3 -39.4
v 30.97 3 -39.4
v 30.97 3 -44.4
v 30.97 -3 -44.4
v 15.97 -3 -44.4
v 15.97 3 -44.4
v 15.97 3 -39.4
v 15.97 -3 -39.4

vn 0 0 1
vn 0 0 1
vn 0 0 1
vn 0 0 1
vn 0 1 0
vn 0 1 0
vn 0 0 -1
vn 0 0 -1
vn 0 1 0
vn 0 1 0
vn 0 0 -1
vn 0 0 -1
vn 0 -1 0
vn 0 -1 0
vn 0 -1 0
vn 0 -1 0
vn 1 0 0
vn 1 0 0
vn 1 0 0
vn 1 0 0
vn -1 0 0
vn -1 0 0
vn -1 0 0
vn -1 0 0

vt 0 0
vt 1 0
vt 0 1
vt 1 1
vt 0 1
vt 1 1
vt 0 1
vt 1 1
vt 0 0
vt 1 0
vt 0 0
vt 1 0
vt 0 0
vt 0 1
vt 1 1
vt 1 0
vt 0 0
vt 0 1
vt 1 1
vt 1 0
vt 0 0
vt 0 1
vt 1 1
vt 1 0

usemtl Lit
usemap Lit
f 1299/1299/1299 1297/1297/1297 1300/1300/1300
f 1300/1300/1300 1297/1297/1297 1298/1298/1298
f 1301/1301/1301 1305/1305/1305 1302/1302/1302
f 1302/1302/1302 1305/1305/1305 1306/1306/1306
f 1303/1303/1303 1307/1307/1307 1304/1304/1304
f 1304/1304/1304 1307/1307/1307 1308/1308/1308
f 1310/1310/1310 1309/1309/1309 1311/1311/1311
f 1311/1311/1311 1309/1309/1309 1312/1312/1312
f 1314/1314/1314 1313/1313/1313 1315/1315/1315
f 1315/1315/1315 1313/1313/1313 1316/1316/1316
f 1318/1318/1318 1317/1317/1317 1319/1319/1319
f 1319/1319/1319 1317/1317/1317 1320/1320/1320
mtllib ./Map_1.mtl
g Cube (72)
v -89.68825 -3 5.442672
v -88.42419 -3 6.99256
v -89.68825 3 5.442672
v -88.42419 3 6.99256
v -88.83581 3 4.747439
v -87.57175 3 6.297328
v -88.83581 -3 4.747439
v -87.57175 -3 6.297328
v -89.68825 3 5.442672
v -88.42419 3 6.99256
v -88.83581 3 4.747439
v -87.57175 3 6.297328
v -88.83581 -3 4.747439
v -89.68825 -3 5.442672
v -88.42419 -3 6.99256
v -87.57175 -3 6.297328
v -88.42419 -3 6.99256
v -88.42419 3 6.99256
v -87.57175 3 6.297328
v -87.57175 -3 6.297328
v -88.83581 -3 4.747439
v -88.83581 3 4.747439
v -89.68825 3 5.442672
v -89.68825 -3 5.442672

vn -0.7749445 0 0.6320293
vn -0.7749445 0 0.6320293
vn -0.7749445 0 0.6320293
vn -0.7749445 0 0.6320293
vn 0 1 0
vn 0 1 0
vn 0.7749445 0 -0.6320293
vn 0.7749445 0 -0.6320293
vn 0 1 0
vn 0 1 0
vn 0.7749445 0 -0.6320293
vn 0.7749445 0 -0.6320293
vn 0 -1 0
vn 0 -1 0
vn 0 -1 0
vn 0 -1 0
vn 0.6320293 0 0.7749445
vn 0.6320293 0 0.7749445
vn 0.6320293 0 0.7749445
vn 0.6320293 0 0.7749445
vn -0.6320293 0 -0.7749445
vn -0.6320293 0 -0.7749445
vn -0.6320293 0 -0.7749445
vn -0.6320293 0 -0.7749445

vt 0 0
vt 1 0
vt 0 1
vt 1 1
vt 0 1
vt 1 1
vt 0 1
vt 1 1
vt 0 0
vt 1 0
vt 0 0
vt 1 0
vt 0 0
vt 0 1
vt 1 1
vt 1 0
vt 0 0
vt 0 1
vt 1 1
vt 1 0
vt 0 0
vt 0 1
vt 1 1
vt 1 0

usemtl Lit
usemap Lit
f 1323/1323/1323 1321/1321/1321 1324/1324/1324
f 1324/1324/1324 1321/1321/1321 1322/1322/1322
f 1325/1325/1325 1329/1329/1329 1326/1326/1326
f 1326/1326/1326 1329/1329/1329 1330/1330/1330
f 1327/1327/1327 1331/1331/1331 1328/1328/1328
f 1328/1328/1328 1331/1331/1331 1332/1332/1332
f 1334/1334/1334 1333/1333/1333 1335/1335/1335
f 1335/1335/1335 1333/1333/1333 1336/1336/1336
f 1338/1338/1338 1337/1337/1337 1339/1339/1339
f 1339/1339/1339 1337/1337/1337 1340/1340/1340
f 1342/1342/1342 1341/1341/1341 1343/1343/1343
f 1343/1343/1343 1341/1341/1341 1344/1344/1344
mtllib ./Map_1.mtl
g Cube (33)
v 29.42 -3 -31.91
v 34.42 -3 -31.91
v 29.42 3 -31.91
v 34.42 3 -31.91
v 29.42 3 -36.91
v 34.42 3 -36.91
v 29.42 -3 -36.91
v 34.42 -3 -36.91
v 29.42 3 -31.91
v 34.42 3 -31.91
v 29.42 3 -36.91
v 34.42 3 -36.91
v 29.42 -3 -36.91
v 29.42 -3 -31.91
v 34.42 -3 -31.91
v 34.42 -3 -36.91
v 34.42 -3 -31.91
v 34.42 3 -31.91
v 34.42 3 -36.91
v 34.42 -3 -36.91
v 29.42 -3 -36.91
v 29.42 3 -36.91
v 29.42 3 -31.91
v 29.42 -3 -31.91

vn 0 0 1
vn 0 0 1
vn 0 0 1
vn 0 0 1
vn 0 1 0
vn 0 1 0
vn 0 0 -1
vn 0 0 -1
vn 0 1 0
vn 0 1 0
vn 0 0 -1
vn 0 0 -1
vn 0 -1 0
vn 0 -1 0
vn 0 -1 0
vn 0 -1 0
vn 1 0 0
vn 1 0 0
vn 1 0 0
vn 1 0 0
vn -1 0 0
vn -1 0 0
vn -1 0 0
vn -1 0 0

vt 0 0
vt 1 0
vt 0 1
vt 1 1
vt 0 1
vt 1 1
vt 0 1
vt 1 1
vt 0 0
vt 1 0
vt 0 0
vt 1 0
vt 0 0
vt 0 1
vt 1 1
vt 1 0
vt 0 0
vt 0 1
vt 1 1
vt 1 0
vt 0 0
vt 0 1
vt 1 1
vt 1 0

usemtl Lit
usemap Lit
f 1347/1347/1347 1345/1345/1345 1348/1348/1348
f 1348/1348/1348 1345/1345/1345 1346/1346/1346
f 1349/1349/1349 1353/1353/1353 1350/1350/1350
f 1350/1350/1350 1353/1353/1353 1354/1354/1354
f 1351/1351/1351 1355/1355/1355 1352/1352/1352
f 1352/1352/1352 1355/1355/1355 1356/1356/1356
f 1358/1358/1358 1357/1357/1357 1359/1359/1359
f 1359/1359/1359 1357/1357/1357 1360/1360/1360
f 1362/1362/1362 1361/1361/1361 1363/1363/1363
f 1363/1363/1363 1361/1361/1361 1364/1364/1364
f 1366/1366/1366 1365/1365/1365 1367/1367/1367
f 1367/1367/1367 1365/1365/1365 1368/1368/1368
mtllib ./Map_1.mtl
g Cube (10)
v 15.17115 -3 20.28706
v 16.65642 -3 22.10818
v 15.17115 3 20.28706
v 16.65642 3 22.10818
v 16.02358 3 19.59182
v 17.50885 3 21.41294
v 16.02358 -3 19.59182
v 17.50885 -3 21.41294
v 15.17115 3 20.28706
v 16.65642 3 22.10818
v 16.02358 3 19.59182
v 17.50885 3 21.41294
v 16.02358 -3 19.59182
v 15.17115 -3 20.28706
v 16.65642 -3 22.10818
v 17.50885 -3 21.41294
v 16.65642 -3 22.10818
v 16.65642 3 22.10818
v 17.50885 3 21.41294
v 17.50885 -3 21.41294
v 16.02358 -3 19.59182
v 16.02358 3 19.59182
v 15.17115 3 20.28706
v 15.17115 -3 20.28706

vn -0.7749445 0 0.6320293
vn -0.7749445 0 0.6320293
vn -0.7749445 0 0.6320293
vn -0.7749445 0 0.6320293
vn 0 1 0
vn 0 1 0
vn 0.7749445 0 -0.6320293
vn 0.7749445 0 -0.6320293
vn 0 1 0
vn 0 1 0
vn 0.7749445 0 -0.6320293
vn 0.7749445 0 -0.6320293
vn 0 -1 0
vn 0 -1 0
vn 0 -1 0
vn 0 -1 0
vn 0.6320293 0 0.7749445
vn 0.6320293 0 0.7749445
vn 0.6320293 0 0.7749445
vn 0.6320293 0 0.7749445
vn -0.6320293 0 -0.7749445
vn -0.6320293 0 -0.7749445
vn -0.6320293 0 -0.7749445
vn -0.6320293 0 -0.7749445

vt 0 0
vt 1 0
vt 0 1
vt 1 1
vt 0 1
vt 1 1
vt 0 1
vt 1 1
vt 0 0
vt 1 0
vt 0 0
vt 1 0
vt 0 0
vt 0 1
vt 1 1
vt 1 0
vt 0 0
vt 0 1
vt 1 1
vt 1 0
vt 0 0
vt 0 1
vt 1 1
vt 1 0

usemtl Lit
usemap Lit
f 1371/1371/1371 1369/1369/1369 1372/1372/1372
f 1372/1372/1372 1369/1369/1369 1370/1370/1370
f 1373/1373/1373 1377/1377/1377 1374/1374/1374
f 1374/1374/1374 1377/1377/1377 1378/1378/1378
f 1375/1375/1375 1379/1379/1379 1376/1376/1376
f 1376/1376/1376 1379/1379/1379 1380/1380/1380
f 1382/1382/1382 1381/1381/1381 1383/1383/1383
f 1383/1383/1383 1381/1381/1381 1384/1384/1384
f 1386/1386/1386 1385/1385/1385 1387/1387/1387
f 1387/1387/1387 1385/1385/1385 1388/1388/1388
f 1390/1390/1390 1389/1389/1389 1391/1391/1391
f 1391/1391/1391 1389/1389/1389 1392/1392/1392
mtllib ./Map_1.mtl
g Cube (38)
v -4.99 -3 -43.84
v 10.01 -3 -43.84
v -4.99 3 -43.84
v 10.01 3 -43.84
v -4.99 3 -48.84
v 10.01 3 -48.84
v -4.99 -3 -48.84
v 10.01 -3 -48.84
v -4.99 3 -43.84
v 10.01 3 -43.84
v -4.99 3 -48.84
v 10.01 3 -48.84
v -4.99 -3 -48.84
v -4.99 -3 -43.84
v 10.01 -3 -43.84
v 10.01 -3 -48.84
v 10.01 -3 -43.84
v 10.01 3 -43.84
v 10.01 3 -48.84
v 10.01 -3 -48.84
v -4.99 -3 -48.84
v -4.99 3 -48.84
v -4.99 3 -43.84
v -4.99 -3 -43.84

vn 0 0 1
vn 0 0 1
vn 0 0 1
vn 0 0 1
vn 0 1 0
vn 0 1 0
vn 0 0 -1
vn 0 0 -1
vn 0 1 0
vn 0 1 0
vn 0 0 -1
vn 0 0 -1
vn 0 -1 0
vn 0 -1 0
vn 0 -1 0
vn 0 -1 0
vn 1 0 0
vn 1 0 0
vn 1 0 0
vn 1 0 0
vn -1 0 0
vn -1 0 0
vn -1 0 0
vn -1 0 0

vt 0 0
vt 1 0
vt 0 1
vt 1 1
vt 0 1
vt 1 1
vt 0 1
vt 1 1
vt 0 0
vt 1 0
vt 0 0
vt 1 0
vt 0 0
vt 0 1
vt 1 1
vt 1 0
vt 0 0
vt 0 1
vt 1 1
vt 1 0
vt 0 0
vt 0 1
vt 1 1
vt 1 0

usemtl Lit
usemap Lit
f 1395/1395/1395 1393/1393/1393 1396/1396/1396
f 1396/1396/1396 1393/1393/1393 1394/1394/1394
f 1397/1397/1397 1401/1401/1401 1398/1398/1398
f 1398/1398/1398 1401/1401/1401 1402/1402/1402
f 1399/1399/1399 1403/1403/1403 1400/1400/1400
f 1400/1400/1400 1403/1403/1403 1404/1404/1404
f 1406/1406/1406 1405/1405/1405 1407/1407/1407
f 1407/1407/1407 1405/1405/1405 1408/1408/1408
f 1410/1410/1410 1409/1409/1409 1411/1411/1411
f 1411/1411/1411 1409/1409/1409 1412/1412/1412
f 1414/1414/1414 1413/1413/1413 1415/1415/1415
f 1415/1415/1415 1413/1413/1413 1416/1416/1416
mtllib ./Map_1.mtl
g Cube (79)
v -39.84393 -3 16.62327
v -37.9978 -3 18.30903
v -39.84393 3 16.62327
v -37.9978 3 18.30903
v -39.1022 3 15.81097
v -37.25607 3 17.49673
v -39.1022 -3 15.81097
v -37.25607 -3 17.49673
v -39.84393 3 16.62327
v -37.9978 3 18.30903
v -39.1022 3 15.81097
v -37.25607 3 17.49673
v -39.1022 -3 15.81097
v -39.84393 -3 16.62327
v -37.9978 -3 18.30903
v -37.25607 -3 17.49673
v -37.9978 -3 18.30903
v -37.9978 3 18.30903
v -37.25607 3 17.49673
v -37.25607 -3 17.49673
v -39.1022 -3 15.81097
v -39.1022 3 15.81097
v -39.84393 3 16.62327
v -39.84393 -3 16.62327

vn -0.6743022 0 0.7384555
vn -0.6743022 0 0.7384555
vn -0.6743022 0 0.7384555
vn -0.6743022 0 0.7384555
vn 0 1 0
vn 0 1 0
vn 0.6743022 0 -0.7384555
vn 0.6743022 0 -0.7384555
vn 0 1 0
vn 0 1 0
vn 0.6743022 0 -0.7384555
vn 0.6743022 0 -0.7384555
vn 0 -1 0
vn 0 -1 0
vn 0 -1 0
vn 0 -1 0
vn 0.7384555 0 0.6743022
vn 0.7384555 0 0.6743022
vn 0.7384555 0 0.6743022
vn 0.7384555 0 0.6743022
vn -0.7384555 0 -0.6743022
vn -0.7384555 0 -0.6743022
vn -0.7384555 0 -0.6743022
vn -0.7384555 0 -0.6743022

vt 0 0
vt 1 0
vt 0 1
vt 1 1
vt 0 1
vt 1 1
vt 0 1
vt 1 1
vt 0 0
vt 1 0
vt 0 0
vt 1 0
vt 0 0
vt 0 1
vt 1 1
vt 1 0
vt 0 0
vt 0 1
vt 1 1
vt 1 0
vt 0 0
vt 0 1
vt 1 1
vt 1 0

usemtl Lit
usemap Lit
f 1419/1419/1419 1417/1417/1417 1420/1420/1420
f 1420/1420/1420 1417/1417/1417 1418/1418/1418
f 1421/1421/1421 1425/1425/1425 1422/1422/1422
f 1422/1422/1422 1425/1425/1425 1426/1426/1426
f 1423/1423/1423 1427/1427/1427 1424/1424/1424
f 1424/1424/1424 1427/1427/1427 1428/1428/1428
f 1430/1430/1430 1429/1429/1429 1431/1431/1431
f 1431/1431/1431 1429/1429/1429 1432/1432/1432
f 1434/1434/1434 1433/1433/1433 1435/1435/1435
f 1435/1435/1435 1433/1433/1433 1436/1436/1436
f 1438/1438/1438 1437/1437/1437 1439/1439/1439
f 1439/1439/1439 1437/1437/1437 1440/1440/1440
mtllib ./Map_1.mtl
g Cube (60)
v -62.24 -3 18.37
v -53.24 -3 18.37
v -62.24 3 18.37
v -53.24 3 18.37
v -62.24 3 16.87
v -53.24 3 16.87
v -62.24 -3 16.87
v -53.24 -3 16.87
v -62.24 3 18.37
v -53.24 3 18.37
v -62.24 3 16.87
v -53.24 3 16.87
v -62.24 -3 16.87
v -62.24 -3 18.37
v -53.24 -3 18.37
v -53.24 -3 16.87
v -53.24 -3 18.37
v -53.24 3 18.37
v -53.24 3 16.87
v -53.24 -3 16.87
v -62.24 -3 16.87
v -62.24 3 16.87
v -62.24 3 18.37
v -62.24 -3 18.37

vn 0 0 1
vn 0 0 1
vn 0 0 1
vn 0 0 1
vn 0 1 0
vn 0 1 0
vn 0 0 -1
vn 0 0 -1
vn 0 1 0
vn 0 1 0
vn 0 0 -1
vn 0 0 -1
vn 0 -1 0
vn 0 -1 0
vn 0 -1 0
vn 0 -1 0
vn 1 0 0
vn 1 0 0
vn 1 0 0
vn 1 0 0
vn -1 0 0
vn -1 0 0
vn -1 0 0
vn -1 0 0

vt 0 0
vt 1 0
vt 0 1
vt 1 1
vt 0 1
vt 1 1
vt 0 1
vt 1 1
vt 0 0
vt 1 0
vt 0 0
vt 1 0
vt 0 0
vt 0 1
vt 1 1
vt 1 0
vt 0 0
vt 0 1
vt 1 1
vt 1 0
vt 0 0
vt 0 1
vt 1 1
vt 1 0

usemtl Lit
usemap Lit
f 1443/1443/1443 1441/1441/1441 1444/1444/1444
f 1444/1444/1444 1441/1441/1441 1442/1442/1442
f 1445/1445/1445 1449/1449/1449 1446/1446/1446
f 1446/1446/1446 1449/1449/1449 1450/1450/1450
f 1447/1447/1447 1451/1451/1451 1448/1448/1448
f 1448/1448/1448 1451/1451/1451 1452/1452/1452
f 1454/1454/1454 1453/1453/1453 1455/1455/1455
f 1455/1455/1455 1453/1453/1453 1456/1456/1456
f 1458/1458/1458 1457/1457/1457 1459/1459/1459
f 1459/1459/1459 1457/1457/1457 1460/1460/1460
f 1462/1462/1462 1461/1461/1461 1463/1463/1463
f 1463/1463/1463 1461/1461/1461 1464/1464/1464
mtllib ./Map_1.mtl
g Cube (45)
v -76.14 -3 -63.21
v -66.14 -3 -63.21
v -76.14 3 -63.21
v -66.14 3 -63.21
v -76.14 3 -68.21
v -66.14 3 -68.21
v -76.14 -3 -68.21
v -66.14 -3 -68.21
v -76.14 3 -63.21
v -66.14 3 -63.21
v -76.14 3 -68.21
v -66.14 3 -68.21
v -76.14 -3 -68.21
v -76.14 -3 -63.21
v -66.14 -3 -63.21
v -66.14 -3 -68.21
v -66.14 -3 -63.21
v -66.14 3 -63.21
v -66.14 3 -68.21
v -66.14 -3 -68.21
v -76.14 -3 -68.21
v -76.14 3 -68.21
v -76.14 3 -63.21
v -76.14 -3 -63.21

vn 0 0 1
vn 0 0 1
vn 0 0 1
vn 0 0 1
vn 0 1 0
vn 0 1 0
vn 0 0 -1
vn 0 0 -1
vn 0 1 0
vn 0 1 0
vn 0 0 -1
vn 0 0 -1
vn 0 -1 0
vn 0 -1 0
vn 0 -1 0
vn 0 -1 0
vn 1 0 0
vn 1 0 0
vn 1 0 0
vn 1 0 0
vn -1 0 0
vn -1 0 0
vn -1 0 0
vn -1 0 0

vt 0 0
vt 1 0
vt 0 1
vt 1 1
vt 0 1
vt 1 1
vt 0 1
vt 1 1
vt 0 0
vt 1 0
vt 0 0
vt 1 0
vt 0 0
vt 0 1
vt 1 1
vt 1 0
vt 0 0
vt 0 1
vt 1 1
vt 1 0
vt 0 0
vt 0 1
vt 1 1
vt 1 0

usemtl Lit
usemap Lit
f 1467/1467/1467 1465/1465/1465 1468/1468/1468
f 1468/1468/1468 1465/1465/1465 1466/1466/1466
f 1469/1469/1469 1473/1473/1473 1470/1470/1470
f 1470/1470/1470 1473/1473/1473 1474/1474/1474
f 1471/1471/1471 1475/1475/1475 1472/1472/1472
f 1472/1472/1472 1475/1475/1475 1476/1476/1476
f 1478/1478/1478 1477/1477/1477 1479/1479/1479
f 1479/1479/1479 1477/1477/1477 1480/1480/1480
f 1482/1482/1482 1481/1481/1481 1483/1483/1483
f 1483/1483/1483 1481/1481/1481 1484/1484/1484
f 1486/1486/1486 1485/1485/1485 1487/1487/1487
f 1487/1487/1487 1485/1485/1485 1488/1488/1488
mtllib ./Map_1.mtl
g Cube (30)
v 37.66 -3 -22.84
v 42.66 -3 -22.84
v 37.66 3 -22.84
v 42.66 3 -22.84
v 37.66 3 -27.84
v 42.66 3 -27.84
v 37.66 -3 -27.84
v 42.66 -3 -27.84
v 37.66 3 -22.84
v 42.66 3 -22.84
v 37.66 3 -27.84
v 42.66 3 -27.84
v 37.66 -3 -27.84
v 37.66 -3 -22.84
v 42.66 -3 -22.84
v 42.66 -3 -27.84
v 42.66 -3 -22.84
v 42.66 3 -22.84
v 42.66 3 -27.84
v 42.66 -3 -27.84
v 37.66 -3 -27.84
v 37.66 3 -27.84
v 37.66 3 -22.84
v 37.66 -3 -22.84

vn 0 0 1
vn 0 0 1
vn 0 0 1
vn 0 0 1
vn 0 1 0
vn 0 1 0
vn 0 0 -1
vn 0 0 -1
vn 0 1 0
vn 0 1 0
vn 0 0 -1
vn 0 0 -1
vn 0 -1 0
vn 0 -1 0
vn 0 -1 0
vn 0 -1 0
vn 1 0 0
vn 1 0 0
vn 1 0 0
vn 1 0 0
vn -1 0 0
vn -1 0 0
vn -1 0 0
vn -1 0 0

vt 0 0
vt 1 0
vt 0 1
vt 1 1
vt 0 1
vt 1 1
vt 0 1
vt 1 1
vt 0 0
vt 1 0
vt 0 0
vt 1 0
vt 0 0
vt 0 1
vt 1 1
vt 1 0
vt 0 0
vt 0 1
vt 1 1
vt 1 0
vt 0 0
vt 0 1
vt 1 1
vt 1 0

usemtl Lit
usemap Lit
f 1491/1491/1491 1489/1489/1489 1492/1492/1492
f 1492/1492/1492 1489/1489/1489 1490/1490/1490
f 1493/1493/1493 1497/1497/1497 1494/1494/1494
f 1494/1494/1494 1497/1497/1497 1498/1498/1498
f 1495/1495/1495 1499/1499/1499 1496/1496/1496
f 1496/1496/1496 1499/1499/1499 1500/1500/1500
f 1502/1502/1502 1501/1501/1501 1503/1503/1503
f 1503/1503/1503 1501/1501/1501 1504/1504/1504
f 1506/1506/1506 1505/1505/1505 1507/1507/1507
f 1507/1507/1507 1505/1505/1505 1508/1508/1508
f 1510/1510/1510 1509/1509/1509 1511/1511/1511
f 1511/1511/1511 1509/1509/1509 1512/1512/1512
mtllib ./Map_1.mtl
g Cube (6)
v 6.033586 -3 23.33818
v 7.518854 -3 21.51706
v 6.033586 3 23.33818
v 7.518854 3 21.51706
v 5.181146 3 22.64294
v 6.666414 3 20.82182
v 5.181146 -3 22.64294
v 6.666414 -3 20.82182
v 6.033586 3 23.33818
v 7.518854 3 21.51706
v 5.181146 3 22.64294
v 6.666414 3 20.82182
v 5.181146 -3 22.64294
v 6.033586 -3 23.33818
v 7.518854 -3 21.51706
v 6.666414 -3 20.82182
v 7.518854 -3 21.51706
v 7.518854 3 21.51706
v 6.666414 3 20.82182
v 6.666414 -3 20.82182
v 5.181146 -3 22.64294
v 5.181146 3 22.64294
v 6.033586 3 23.33818
v 6.033586 -3 23.33818

vn 0.7749447 0 0.6320292
vn 0.7749447 0 0.6320292
vn 0.7749447 0 0.6320292
vn 0.7749447 0 0.6320292
vn 0 1 0
vn 0 1 0
vn -0.7749447 0 -0.6320292
vn -0.7749447 0 -0.6320292
vn 0 1 0
vn 0 1 0
vn -0.7749447 0 -0.6320292
vn -0.7749447 0 -0.6320292
vn 0 -1 0
vn 0 -1 0
vn 0 -1 0
vn 0 -1 0
vn 0.6320292 0 -0.7749447
vn 0.6320292 0 -0.7749447
vn 0.6320292 0 -0.7749447
vn 0.6320292 0 -0.7749447
vn -0.6320292 0 0.7749447
vn -0.6320292 0 0.7749447
vn -0.6320292 0 0.7749447
vn -0.6320292 0 0.7749447

vt 0 0
vt 1 0
vt 0 1
vt 1 1
vt 0 1
vt 1 1
vt 0 1
vt 1 1
vt 0 0
vt 1 0
vt 0 0
vt 1 0
vt 0 0
vt 0 1
vt 1 1
vt 1 0
vt 0 0
vt 0 1
vt 1 1
vt 1 0
vt 0 0
vt 0 1
vt 1 1
vt 1 0

usemtl Lit
usemap Lit
f 1515/1515/1515 1513/1513/1513 1516/1516/1516
f 1516/1516/1516 1513/1513/1513 1514/1514/1514
f 1517/1517/1517 1521/1521/1521 1518/1518/1518
f 1518/1518/1518 1521/1521/1521 1522/1522/1522
f 1519/1519/1519 1523/1523/1523 1520/1520/1520
f 1520/1520/1520 1523/1523/1523 1524/1524/1524
f 1526/1526/1526 1525/1525/1525 1527/1527/1527
f 1527/1527/1527 1525/1525/1525 1528/1528/1528
f 1530/1530/1530 1529/1529/1529 1531/1531/1531
f 1531/1531/1531 1529/1529/1529 1532/1532/1532
f 1534/1534/1534 1533/1533/1533 1535/1535/1535
f 1535/1535/1535 1533/1533/1533 1536/1536/1536
mtllib ./Map_1.mtl
g Cube (4)
v -2.105 -3 24.29
v 3.165 -3 24.29
v -2.105 3 24.29
v 3.165 3 24.29
v -2.105 3 22.79
v 3.165 3 22.79
v -2.105 -3 22.79
v 3.165 -3 22.79
v -2.105 3 24.29
v 3.165 3 24.29
v -2.105 3 22.79
v 3.165 3 22.79
v -2.105 -3 22.79
v -2.105 -3 24.29
v 3.165 -3 24.29
v 3.165 -3 22.79
v 3.165 -3 24.29
v 3.165 3 24.29
v 3.165 3 22.79
v 3.165 -3 22.79
v -2.105 -3 22.79
v -2.105 3 22.79
v -2.105 3 24.29
v -2.105 -3 24.29

vn 0 0 1
vn 0 0 1
vn 0 0 1
vn 0 0 1
vn 0 1 0
vn 0 1 0
vn 0 0 -1
vn 0 0 -1
vn 0 1 0
vn 0 1 0
vn 0 0 -1
vn 0 0 -1
vn 0 -1 0
vn 0 -1 0
vn 0 -1 0
vn 0 -1 0
vn 1 0 0
vn 1 0 0
vn 1 0 0
vn 1 0 0
vn -1 0 0
vn -1 0 0
vn -1 0 0
vn -1 0 0

vt 0 0
vt 1 0
vt 0 1
vt 1 1
vt 0 1
vt 1 1
vt 0 1
vt 1 1
vt 0 0
vt 1 0
vt 0 0
vt 1 0
vt 0 0
vt 0 1
vt 1 1
vt 1 0
vt 0 0
vt 0 1
vt 1 1
vt 1 0
vt 0 0
vt 0 1
vt 1 1
vt 1 0

usemtl Lit
usemap Lit
f 1539/1539/1539 1537/1537/1537 1540/1540/1540
f 1540/1540/1540 1537/1537/1537 1538/1538/1538
f 1541/1541/1541 1545/1545/1545 1542/1542/1542
f 1542/1542/1542 1545/1545/1545 1546/1546/1546
f 1543/1543/1543 1547/1547/1547 1544/1544/1544
f 1544/1544/1544 1547/1547/1547 1548/1548/1548
f 1550/1550/1550 1549/1549/1549 1551/1551/1551
f 1551/1551/1551 1549/1549/1549 1552/1552/1552
f 1554/1554/1554 1553/1553/1553 1555/1555/1555
f 1555/1555/1555 1553/1553/1553 1556/1556/1556
f 1558/1558/1558 1557/1557/1557 1559/1559/1559
f 1559/1559/1559 1557/1557/1557 1560/1560/1560
mtllib ./Map_1.mtl
g Cube (15)
v 31.91 -3 26.2
v 35.91 -3 26.2
v 31.91 3 26.2
v 35.91 3 26.2
v 31.91 3 24.7
v 35.91 3 24.7
v 31.91 -3 24.7
v 35.91 -3 24.7
v 31.91 3 26.2
v 35.91 3 26.2
v 31.91 3 24.7
v 35.91 3 24.7
v 31.91 -3 24.7
v 31.91 -3 26.2
v 35.91 -3 26.2
v 35.91 -3 24.7
v 35.91 -3 26.2
v 35.91 3 26.2
v 35.91 3 24.7
v 35.91 -3 24.7
v 31.91 -3 24.7
v 31.91 3 24.7
v 31.91 3 26.2
v 31.91 -3 26.2

vn 0 0 1
vn 0 0 1
vn 0 0 1
vn 0 0 1
vn 0 1 0
vn 0 1 0
vn 0 0 -1
vn 0 0 -1
vn 0 1 0
vn 0 1 0
vn 0 0 -1
vn 0 0 -1
vn 0 -1 0
vn 0 -1 0
vn 0 -1 0
vn 0 -1 0
vn 1 0 0
vn 1 0 0
vn 1 0 0
vn 1 0 0
vn -1 0 0
vn -1 0 0
vn -1 0 0
vn -1 0 0

vt 0 0
vt 1 0
vt 0 1
vt 1 1
vt 0 1
vt 1 1
vt 0 1
vt 1 1
vt 0 0
vt 1 0
vt 0 0
vt 1 0
vt 0 0
vt 0 1
vt 1 1
vt 1 0
vt 0 0
vt 0 1
vt 1 1
vt 1 0
vt 0 0
vt 0 1
vt 1 1
vt 1 0

usemtl Lit
usemap Lit
f 1563/1563/1563 1561/1561/1561 1564/1564/1564
f 1564/1564/1564 1561/1561/1561 1562/1562/1562
f 1565/1565/1565 1569/1569/1569 1566/1566/1566
f 1566/1566/1566 1569/1569/1569 1570/1570/1570
f 1567/1567/1567 1571/1571/1571 1568/1568/1568
f 1568/1568/1568 1571/1571/1571 1572/1572/1572
f 1574/1574/1574 1573/1573/1573 1575/1575/1575
f 1575/1575/1575 1573/1573/1573 1576/1576/1576
f 1578/1578/1578 1577/1577/1577 1579/1579/1579
f 1579/1579/1579 1577/1577/1577 1580/1580/1580
f 1582/1582/1582 1581/1581/1581 1583/1583/1583
f 1583/1583/1583 1581/1581/1581 1584/1584/1584
mtllib ./Map_1.mtl
g Cube (68)
v -107.13 -3 -9.38
v -102.13 -3 -9.38
v -107.13 3 -9.38
v -102.13 3 -9.38
v -107.13 3 -12.38
v -102.13 3 -12.38
v -107.13 -3 -12.38
v -102.13 -3 -12.38
v -107.13 3 -9.38
v -102.13 3 -9.38
v -107.13 3 -12.38
v -102.13 3 -12.38
v -107.13 -3 -12.38
v -107.13 -3 -9.38
v -102.13 -3 -9.38
v -102.13 -3 -12.38
v -102.13 -3 -9.38
v -102.13 3 -9.38
v -102.13 3 -12.38
v -102.13 -3 -12.38
v -107.13 -3 -12.38
v -107.13 3 -12.38
v -107.13 3 -9.38
v -107.13 -3 -9.38

vn 0 0 1
vn 0 0 1
vn 0 0 1
vn 0 0 1
vn 0 1 0
vn 0 1 0
vn 0 0 -1
vn 0 0 -1
vn 0 1 0
vn 0 1 0
vn 0 0 -1
vn 0 0 -1
vn 0 -1 0
vn 0 -1 0
vn 0 -1 0
vn 0 -1 0
vn 1 0 0
vn 1 0 0
vn 1 0 0
vn 1 0 0
vn -1 0 0
vn -1 0 0
vn -1 0 0
vn -1 0 0

vt 0 0
vt 1 0
vt 0 1
vt 1 1
vt 0 1
vt 1 1
vt 0 1
vt 1 1
vt 0 0
vt 1 0
vt 0 0
vt 1 0
vt 0 0
vt 0 1
vt 1 1
vt 1 0
vt 0 0
vt 0 1
vt 1 1
vt 1 0
vt 0 0
vt 0 1
vt 1 1
vt 1 0

usemtl Lit
usemap Lit
f 1587/1587/1587 1585/1585/1585 1588/1588/1588
f 1588/1588/1588 1585/1585/1585 1586/1586/1586
f 1589/1589/1589 1593/1593/1593 1590/1590/1590
f 1590/1590/1590 1593/1593/1593 1594/1594/1594
f 1591/1591/1591 1595/1595/1595 1592/1592/1592
f 1592/1592/1592 1595/1595/1595 1596/1596/1596
f 1598/1598/1598 1597/1597/1597 1599/1599/1599
f 1599/1599/1599 1597/1597/1597 1600/1600/1600
f 1602/1602/1602 1601/1601/1601 1603/1603/1603
f 1603/1603/1603 1601/1601/1601 1604/1604/1604
f 1606/1606/1606 1605/1605/1605 1607/1607/1607
f 1607/1607/1607 1605/1605/1605 1608/1608/1608
mtllib ./Map_1.mtl
g Cube (31)
v 36.5 -3 -27.74
v 41.5 -3 -27.74
v 36.5 3 -27.74
v 41.5 3 -27.74
v 36.5 3 -32.74
v 41.5 3 -32.74
v 36.5 -3 -32.74
v 41.5 -3 -32.74
v 36.5 3 -27.74
v 41.5 3 -27.74
v 36.5 3 -32.74
v 41.5 3 -32.74
v 36.5 -3 -32.74
v 36.5 -3 -27.74
v 41.5 -3 -27.74
v 41.5 -3 -32.74
v 41.5 -3 -27.74
v 41.5 3 -27.74
v 41.5 3 -32.74
v 41.5 -3 -32.74
v 36.5 -3 -32.74
v 36.5 3 -32.74
v 36.5 3 -27.74
v 36.5 -3 -27.74

vn 0 0 1
vn 0 0 1
vn 0 0 1
vn 0 0 1
vn 0 1 0
vn 0 1 0
vn 0 0 -1
vn 0 0 -1
vn 0 1 0
vn 0 1 0
vn 0 0 -1
vn 0 0 -1
vn 0 -1 0
vn 0 -1 0
vn 0 -1 0
vn 0 -1 0
vn 1 0 0
vn 1 0 0
vn 1 0 0
vn 1 0 0
vn -1 0 0
vn -1 0 0
vn -1 0 0
vn -1 0 0

vt 0 0
vt 1 0
vt 0 1
vt 1 1
vt 0 1
vt 1 1
vt 0 1
vt 1 1
vt 0 0
vt 1 0
vt 0 0
vt 1 0
vt 0 0
vt 0 1
vt 1 1
vt 1 0
vt 0 0
vt 0 1
vt 1 1
vt 1 0
vt 0 0
vt 0 1
vt 1 1
vt 1 0

usemtl Lit
usemap Lit
f 1611/1611/1611 1609/1609/1609 1612/1612/1612
f 1612/1612/1612 1609/1609/1609 1610/1610/1610
f 1613/1613/1613 1617/1617/1617 1614/1614/1614
f 1614/1614/1614 1617/1617/1617 1618/1618/1618
f 1615/1615/1615 1619/1619/1619 1616/1616/1616
f 1616/1616/1616 1619/1619/1619 1620/1620/1620
f 1622/1622/1622 1621/1621/1621 1623/1623/1623
f 1623/1623/1623 1621/1621/1621 1624/1624/1624
f 1626/1626/1626 1625/1625/1625 1627/1627/1627
f 1627/1627/1627 1625/1625/1625 1628/1628/1628
f 1630/1630/1630 1629/1629/1629 1631/1631/1631
f 1631/1631/1631 1629/1629/1629 1632/1632/1632
mtllib ./Map_1.mtl
g Cube (63)
v -77.08 -3 17.14
v -74.08 -3 17.14
v -77.08 3 17.14
v -74.08 3 17.14
v -77.08 3 15.64
v -74.08 3 15.64
v -77.08 -3 15.64
v -74.08 -3 15.64
v -77.08 3 17.14
v -74.08 3 17.14
v -77.08 3 15.64
v -74.08 3 15.64
v -77.08 -3 15.64
v -77.08 -3 17.14
v -74.08 -3 17.14
v -74.08 -3 15.64
v -74.08 -3 17.14
v -74.08 3 17.14
v -74.08 3 15.64
v -74.08 -3 15.64
v -77.08 -3 15.64
v -77.08 3 15.64
v -77.08 3 17.14
v -77.08 -3 17.14

vn 0 0 1
vn 0 0 1
vn 0 0 1
vn 0 0 1
vn 0 1 0
vn 0 1 0
vn 0 0 -1
vn 0 0 -1
vn 0 1 0
vn 0 1 0
vn 0 0 -1
vn 0 0 -1
vn 0 -1 0
vn 0 -1 0
vn 0 -1 0
vn 0 -1 0
vn 1 0 0
vn 1 0 0
vn 1 0 0
vn 1 0 0
vn -1 0 0
vn -1 0 0
vn -1 0 0
vn -1 0 0

vt 0 0
vt 1 0
vt 0 1
vt 1 1
vt 0 1
vt 1 1
vt 0 1
vt 1 1
vt 0 0
vt 1 0
vt 0 0
vt 1 0
vt 0 0
vt 0 1
vt 1 1
vt 1 0
vt 0 0
vt 0 1
vt 1 1
vt 1 0
vt 0 0
vt 0 1
vt 1 1
vt 1 0

usemtl Lit
usemap Lit
f 1635/1635/1635 1633/1633/1633 1636/1636/1636
f 1636/1636/1636 1633/1633/1633 1634/1634/1634
f 1637/1637/1637 1641/1641/1641 1638/1638/1638
f 1638/1638/1638 1641/1641/1641 1642/1642/1642
f 1639/1639/1639 1643/1643/1643 1640/1640/1640
f 1640/1640/1640 1643/1643/1643 1644/1644/1644
f 1646/1646/1646 1645/1645/1645 1647/1647/1647
f 1647/1647/1647 1645/1645/1645 1648/1648/1648
f 1650/1650/1650 1649/1649/1649 1651/1651/1651
f 1651/1651/1651 1649/1649/1649 1652/1652/1652
f 1654/1654/1654 1653/1653/1653 1655/1655/1655
f 1655/1655/1655 1653/1653/1653 1656/1656/1656
mtllib ./Map_1.mtl
g Cube (71)
v -70.66825 -3 17.60267
v -69.40419 -3 19.15256
v -70.66825 3 17.60267
v -69.40419 3 19.15256
v -69.81581 3 16.90744
v -68.55175 3 18.45733
v -69.81581 -3 16.90744
v -68.55175 -3 18.45733
v -70.66825 3 17.60267
v -69.40419 3 19.15256
v -69.81581 3 16.90744
v -68.55175 3 18.45733
v -69.81581 -3 16.90744
v -70.66825 -3 17.60267
v -69.40419 -3 19.15256
v -68.55175 -3 18.45733
v -69.40419 -3 19.15256
v -69.40419 3 19.15256
v -68.55175 3 18.45733
v -68.55175 -3 18.45733
v -69.81581 -3 16.90744
v -69.81581 3 16.90744
v -70.66825 3 17.60267
v -70.66825 -3 17.60267

vn -0.7749445 0 0.6320293
vn -0.7749445 0 0.6320293
vn -0.7749445 0 0.6320293
vn -0.7749445 0 0.6320293
vn 0 1 0
vn 0 1 0
vn 0.7749445 0 -0.6320293
vn 0.7749445 0 -0.6320293
vn 0 1 0
vn 0 1 0
vn 0.7749445 0 -0.6320293
vn 0.7749445 0 -0.6320293
vn 0 -1 0
vn 0 -1 0
vn 0 -1 0
vn 0 -1 0
vn 0.6320293 0 0.7749445
vn 0.6320293 0 0.7749445
vn 0.6320293 0 0.7749445
vn 0.6320293 0 0.7749445
vn -0.6320293 0 -0.7749445
vn -0.6320293 0 -0.7749445
vn -0.6320293 0 -0.7749445
vn -0.6320293 0 -0.7749445

vt 0 0
vt 1 0
vt 0 1
vt 1 1
vt 0 1
vt 1 1
vt 0 1
vt 1 1
vt 0 0
vt 1 0
vt 0 0
vt 1 0
vt 0 0
vt 0 1
vt 1 1
vt 1 0
vt 0 0
vt 0 1
vt 1 1
vt 1 0
vt 0 0
vt 0 1
vt 1 1
vt 1 0

usemtl Lit
usemap Lit
f 1659/1659/1659 1657/1657/1657 1660/1660/1660
f 1660/1660/1660 1657/1657/1657 1658/1658/1658
f 1661/1661/1661 1665/1665/1665 1662/1662/1662
f 1662/1662/1662 1665/1665/1665 1666/1666/1666
f 1663/1663/1663 1667/1667/1667 1664/1664/1664
f 1664/1664/1664 1667/1667/1667 1668/1668/1668
f 1670/1670/1670 1669/1669/1669 1671/1671/1671
f 1671/1671/1671 1669/1669/1669 1672/1672/1672
f 1674/1674/1674 1673/1673/1673 1675/1675/1675
f 1675/1675/1675 1673/1673/1673 1676/1676/1676
f 1678/1678/1678 1677/1677/1677 1679/1679/1679
f 1679/1679/1679 1677/1677/1677 1680/1680/1680
mtllib ./Map_1.mtl
g Cube (82)
v -55.2 -3 12.27
v -52.2 -3 12.27
v -55.2 3 12.27
v -52.2 3 12.27
v -55.2 3 10.27
v -52.2 3 10.27
v -55.2 -3 10.27
v -52.2 -3 10.27
v -55.2 3 12.27
v -52.2 3 12.27
v -55.2 3 10.27
v -52.2 3 10.27
v -55.2 -3 10.27
v -55.2 -3 12.27
v -52.2 -3 12.27
v -52.2 -3 10.27
v -52.2 -3 12.27
v -52.2 3 12.27
v -52.2 3 10.27
v -52.2 -3 10.27
v -55.2 -3 10.27
v -55.2 3 10.27
v -55.2 3 12.27
v -55.2 -3 12.27

vn 0 0 1
vn 0 0 1
vn 0 0 1
vn 0 0 1
vn 0 1 0
vn 0 1 0
vn 0 0 -1
vn 0 0 -1
vn 0 1 0
vn 0 1 0
vn 0 0 -1
vn 0 0 -1
vn 0 -1 0
vn 0 -1 0
vn 0 -1 0
vn 0 -1 0
vn 1 0 0
vn 1 0 0
vn 1 0 0
vn 1 0 0
vn -1 0 0
vn -1 0 0
vn -1 0 0
vn -1 0 0

vt 0 0
vt 1 0
vt 0 1
vt 1 1
vt 0 1
vt 1 1
vt 0 1
vt 1 1
vt 0 0
vt 1 0
vt 0 0
vt 1 0
vt 0 0
vt 0 1
vt 1 1
vt 1 0
vt 0 0
vt 0 1
vt 1 1
vt 1 0
vt 0 0
vt 0 1
vt 1 1
vt 1 0

usemtl Lit
usemap Lit
f 1683/1683/1683 1681/1681/1681 1684/1684/1684
f 1684/1684/1684 1681/1681/1681 1682/1682/1682
f 1685/1685/1685 1689/1689/1689 1686/1686/1686
f 1686/1686/1686 1689/1689/1689 1690/1690/1690
f 1687/1687/1687 1691/1691/1691 1688/1688/1688
f 1688/1688/1688 1691/1691/1691 1692/1692/1692
f 1694/1694/1694 1693/1693/1693 1695/1695/1695
f 1695/1695/1695 1693/1693/1693 1696/1696/1696
f 1698/1698/1698 1697/1697/1697 1699/1699/1699
f 1699/1699/1699 1697/1697/1697 1700/1700/1700
f 1702/1702/1702 1701/1701/1701 1703/1703/1703
f 1703/1703/1703 1701/1701/1701 1704/1704/1704
mtllib ./Map_1.mtl
g Ground
v -115.45 -2.220446E-16 103
v -97.5 -2.220446E-16 103
v -79.55 -2.220446E-16 103
v -61.6 -2.220446E-16 103
v -43.65 -2.220446E-16 103
v -25.7 -2.220446E-16 103
v -7.749996 -2.220446E-16 103
v 10.2 -2.220446E-16 103
v 28.15 -2.220446E-16 103
v 46.10001 -2.220446E-16 103
v 64.05 -2.220446E-16 103
v -115.45 -1.776357E-16 82.4
v -97.5 -1.776357E-16 82.4
v -79.55 -1.776357E-16 82.4
v -61.6 -1.776357E-16 82.4
v -43.65 -1.776357E-16 82.4
v -25.7 -1.776357E-16 82.4
v -7.749996 -1.776357E-16 82.4
v 10.2 -1.776357E-16 82.4
v 28.15 -1.776357E-16 82.4
v 46.10001 -1.776357E-16 82.4
v 64.05 -1.776357E-16 82.4
v -115.45 -1.332268E-16 61.8
v -97.5 -1.332268E-16 61.8
v -79.55 -1.332268E-16 61.8
v -61.6 -1.332268E-16 61.8
v -43.65 -1.332268E-16 61.8
v -25.7 -1.332268E-16 61.8
v -7.749996 -1.332268E-16 61.8
v 10.2 -1.332268E-16 61.8
v 28.15 -1.332268E-16 61.8
v 46.10001 -1.332268E-16 61.8
v 64.05 -1.332268E-16 61.8
v -115.45 -8.881784E-17 41.2
v -97.5 -8.881784E-17 41.2
v -79.55 -8.881784E-17 41.2
v -61.6 -8.881784E-17 41.2
v -43.65 -8.881784E-17 41.2
v -25.7 -8.881784E-17 41.2
v -7.749996 -8.881784E-17 41.2
v 10.2 -8.881784E-17 41.2
v 28.15 -8.881784E-17 41.2
v 46.10001 -8.881784E-17 41.2
v 64.05 -8.881784E-17 41.2
v -115.45 -4.440892E-17 20.6
v -97.5 -4.440892E-17 20.6
v -79.55 -4.440892E-17 20.6
v -61.6 -4.440892E-17 20.6
v -43.65 -4.440892E-17 20.6
v -25.7 -4.440892E-17 20.6
v -7.749996 -4.440892E-17 20.6
v 10.2 -4.440892E-17 20.6
v 28.15 -4.440892E-17 20.6
v 46.10001 -4.440892E-17 20.6
v 64.05 -4.440892E-17 20.6
v -115.45 0 0
v -97.5 0 0
v -79.55 0 0
v -61.6 0 0
v -43.65 0 0
v -25.7 0 0
v -7.749996 0 0
v 10.2 0 0
v 28.15 0 0
v 46.10001 0 0
v 64.05 0 0
v -115.45 4.440893E-17 -20.60001
v -97.5 4.440893E-17 -20.60001
v -79.55 4.440893E-17 -20.60001
v -61.6 4.440893E-17 -20.60001
v -43.65 4.440893E-17 -20.60001
v -25.7 4.440893E-17 -20.60001
v -7.749996 4.440893E-17 -20.60001
v 10.2 4.440893E-17 -20.60001
v 28.15 4.440893E-17 -20.60001
v 46.10001 4.440893E-17 -20.60001
v 64.05 4.440893E-17 -20.60001
v -115.45 8.881784E-17 -41.2
v -97.5 8.881784E-17 -41.2
v -79.55 8.881784E-17 -41.2
v -61.6 8.881784E-17 -41.2
v -43.65 8.881784E-17 -41.2
v -25.7 8.881784E-17 -41.2
v -7.749996 8.881784E-17 -41.2
v 10.2 8.881784E-17 -41.2
v 28.15 8.881784E-17 -41.2
v 46.10001 8.881784E-17 -41.2
v 64.05 8.881784E-17 -41.2
v -115.45 1.332268E-16 -61.8
v -97.5 1.332268E-16 -61.8
v -79.55 1.332268E-16 -61.8
v -61.6 1.332268E-16 -61.8
v -43.65 1.332268E-16 -61.8
v -25.7 1.332268E-16 -61.8
v -7.749996 1.332268E-16 -61.8
v 10.2 1.332268E-16 -61.8
v 28.15 1.332268E-16 -61.8
v 46.10001 1.332268E-16 -61.8
v 64.05 1.332268E-16 -61.8
v -115.45 1.776357E-16 -82.40001
v -97.5 1.776357E-16 -82.40001
v -79.55 1.776357E-16 -82.40001
v -61.6 1.776357E-16 -82.40001
v -43.65 1.776357E-16 -82.40001
v -25.7 1.776357E-16 -82.40001
v -7.749996 1.776357E-16 -82.40001
v 10.2 1.776357E-16 -82.40001
v 28.15 1.776357E-16 -82.40001
v 46.10001 1.776357E-16 -82.40001
v 64.05 1.776357E-16 -82.40001
v -115.45 2.220446E-16 -103
v -97.5 2.220446E-16 -103
v -79.55 2.220446E-16 -103
v -61.6 2.220446E-16 -103
v -43.65 2.220446E-16 -103
v -25.7 2.220446E-16 -103
v -7.749996 2.220446E-16 -103
v 10.2 2.220446E-16 -103
v 28.15 2.220446E-16 -103
v 46.10001 2.220446E-16 -103
v 64.05 2.220446E-16 -103

vn 0 1 0
vn 0 1 0
vn 0 1 0
vn 0 1 0
vn 0 1 0
vn 0 1 0
vn 0 1 0
vn 0 1 0
vn 0 1 0
vn 0 1 0
vn 0 1 0
vn 0 1 0
vn 0 1 0
vn 0 1 0
vn 0 1 0
vn 0 1 0
vn 0 1 0
vn 0 1 0
vn 0 1 0
vn 0 1 0
vn 0 1 0
vn 0 1 0
vn 0 1 0
vn 0 1 0
vn 0 1 0
vn 0 1 0
vn 0 1 0
vn 0 1 0
vn 0 1 0
vn 0 1 0
vn 0 1 0
vn 0 1 0
vn 0 1 0
vn 0 1 0
vn 0 1 0
vn 0 1 0
vn 0 1 0
vn 0 1 0
vn 0 1 0
vn 0 1 0
vn 0 1 0
vn 0 1 0
vn 0 1 0
vn 0 1 0
vn 0 1 0
vn 0 1 0
vn 0 1 0
vn 0 1 0
vn 0 1 0
vn 0 1 0
vn 0 1 0
vn 0 1 0
vn 0 1 0
vn 0 1 0
vn 0 1 0
vn 0 1 0
vn 0 1 0
vn 0 1 0
vn 0 1 0
vn 0 1 0
vn 0 1 0
vn 0 1 0
vn 0 1 0
vn 0 1 0
vn 0 1 0
vn 0 1 0
vn 0 1 0
vn 0 1 0
vn 0 1 0
vn 0 1 0
vn 0 1 0
vn 0 1 0
vn 0 1 0
vn 0 1 0
vn 0 1 0
vn 0 1 0
vn 0 1 0
vn 0 1 0
vn 0 1 0
vn 0 1 0
vn 0 1 0
vn 0 1 0
vn 0 1 0
vn 0 1 0
vn 0 1 0
vn 0 1 0
vn 0 1 0
vn 0 1 0
vn 0 1 0
vn 0 1 0
vn 0 1 0
vn 0 1 0
vn 0 1 0
vn 0 1 0
vn 0 1 0
vn 0 1 0
vn 0 1 0
vn 0 1 0
vn 0 1 0
vn 0 1 0
vn 0 1 0
vn 0 1 0
vn 0 1 0
vn 0 1 0
vn 0 1 0
vn 0 1 0
vn 0 1 0
vn 0 1 0
vn 0 1 0
vn 0 1 0
vn 0 1 0
vn 0 1 0
vn 0 1 0
vn 0 1 0
vn 0 1 0
vn 0 1 0
vn 0 1 0
vn 0 1 0
vn 0 1 0
vn 0 1 0
vn 0 1 0

vt 0 0
vt 0.1 0
vt 0.2 0
vt 0.3 0
vt 0.4 0
vt 0.5 0
vt 0.6 0
vt 0.7 0
vt 0.8 0
vt 0.9 0
vt 1 0
vt 0 0.1
vt 0.1 0.1
vt 0.2 0.1
vt 0.3 0.1
vt 0.4 0.1
vt 0.5 0.1
vt 0.6 0.1
vt 0.7 0.1
vt 0.8 0.1
vt 0.9 0.1
vt 1 0.1
vt 0 0.2
vt 0.1 0.2
vt 0.2 0.2
vt 0.3 0.2
vt 0.4 0.2
vt 0.5 0.2
vt 0.6 0.2
vt 0.7 0.2
vt 0.8 0.2
vt 0.9 0.2
vt 1 0.2
vt 0 0.3
vt 0.1 0.3
vt 0.2 0.3
vt 0.3 0.3
vt 0.4 0.3
vt 0.5 0.3
vt 0.6 0.3
vt 0.7 0.3
vt 0.8 0.3
vt 0.9 0.3
vt 1 0.3
vt 0 0.4
vt 0.1 0.4
vt 0.2 0.4
vt 0.3 0.4
vt 0.4 0.4
vt 0.5 0.4
vt 0.6 0.4
vt 0.7 0.4
vt 0.8 0.4
vt 0.9 0.4
vt 1 0.4
vt 0 0.5
vt 0.1 0.5
vt 0.2 0.5
vt 0.3 0.5
vt 0.4 0.5
vt 0.5 0.5
vt 0.6 0.5
vt 0.7 0.5
vt 0.8 0.5
vt 0.9 0.5
vt 1 0.5
vt 0 0.6
vt 0.1 0.6
vt 0.2 0.6
vt 0.3 0.6
vt 0.4 0.6
vt 0.5 0.6
vt 0.6 0.6
vt 0.7 0.6
vt 0.8 0.6
vt 0.9 0.6
vt 1 0.6
vt 0 0.7
vt 0.1 0.7
vt 0.2 0.7
vt 0.3 0.7
vt 0.4 0.7
vt 0.5 0.7
vt 0.6 0.7
vt 0.7 0.7
vt 0.8 0.7
vt 0.9 0.7
vt 1 0.7
vt 0 0.8
vt 0.1 0.8
vt 0.2 0.8
vt 0.3 0.8
vt 0.4 0.8
vt 0.5 0.8
vt 0.6 0.8
vt 0.7 0.8
vt 0.8 0.8
vt 0.9 0.8
vt 1 0.8
vt 0 0.9
vt 0.1 0.9
vt 0.2 0.9
vt 0.3 0.9
vt 0.4 0.9
vt 0.5 0.9
vt 0.6 0.9
vt 0.7 0.9
vt 0.8 0.9
vt 0.9 0.9
vt 1 0.9
vt 0 1
vt 0.1 1
vt 0.2 1
vt 0.3 1
vt 0.4 1
vt 0.5 1
vt 0.6 1
vt 0.7 1
vt 0.8 1
vt 0.9 1
vt 1 1

usemtl Urp
usemap Urp
f 1726/1726/1726 1714/1714/1714 1715/1715/1715
f 1725/1725/1725 1714/1714/1714 1726/1726/1726
f 1725/1725/1725 1713/1713/1713 1714/1714/1714
f 1737/1737/1737 1725/1725/1725 1726/1726/1726
f 1724/1724/1724 1713/1713/1713 1725/1725/1725
f 1724/1724/1724 1712/1712/1712 1713/1713/1713
f 1736/1736/1736 1725/1725/1725 1737/1737/1737
f 1736/1736/1736 1724/1724/1724 1725/1725/1725
f 1748/1748/1748 1736/1736/1736 1737/1737/1737
f 1723/1723/1723 1712/1712/1712 1724/1724/1724
f 1723/1723/1723 1711/1711/1711 1712/1712/1712
f 1735/1735/1735 1724/1724/1724 1736/1736/1736
f 1735/1735/1735 1723/1723/1723 1724/1724/1724
f 1747/1747/1747 1736/1736/1736 1748/1748/1748
f 1747/1747/1747 1735/1735/1735 1736/1736/1736
f 1759/1759/1759 1747/1747/1747 1748/1748/1748
f 1722/1722/1722 1711/1711/1711 1723/1723/1723
f 1722/1722/1722 1710/1710/1710 1711/1711/1711
f 1734/1734/1734 1723/1723/1723 1735/1735/1735
f 1734/1734/1734 1722/1722/1722 1723/1723/1723
f 1746/1746/1746 1735/1735/1735 1747/1747/1747
f 1746/1746/1746 1734/1734/1734 1735/1735/1735
f 1758/1758/1758 1747/1747/1747 1759/1759/1759
f 1758/1758/1758 1746/1746/1746 1747/1747/1747
f 1770/1770/1770 1758/1758/1758 1759/1759/1759
f 1721/1721/1721 1710/1710/1710 1722/1722/1722
f 1721/1721/1721 1709/1709/1709 1710/1710/1710
f 1733/1733/1733 1722/1722/1722 1734/1734/1734
f 1733/1733/1733 1721/1721/1721 1722/1722/1722
f 1745/1745/1745 1734/1734/1734 1746/1746/1746
f 1745/1745/1745 1733/1733/1733 1734/1734/1734
f 1757/1757/1757 1746/1746/1746 1758/1758/1758
f 1757/1757/1757 1745/1745/1745 1746/1746/1746
f 1769/1769/1769 1758/1758/1758 1770/1770/1770
f 1769/1769/1769 1757/1757/1757 1758/1758/1758
f 1781/1781/1781 1769/1769/1769 1770/1770/1770
f 1720/1720/1720 1709/1709/1709 1721/1721/1721
f 1720/1720/1720 1708/1708/1708 1709/1709/1709
f 1732/1732/1732 1721/1721/1721 1733/1733/1733
f 1732/1732/1732 1720/1720/1720 1721/1721/1721
f 1744/1744/1744 1733/1733/1733 1745/1745/1745
f 1744/1744/1744 1732/1732/1732 1733/1733/1733
f 1756/1756/1756 1745/1745/1745 1757/1757/1757
f 1756/1756/1756 1744/1744/1744 1745/1745/1745
f 1768/1768/1768 1757/1757/1757 1769/1769/1769
f 1768/1768/1768 1756/1756/1756 1757/1757/1757
f 1780/1780/1780 1769/1769/1769 1781/1781/1781
f 1780/1780/1780 1768/1768/1768 1769/1769/1769
f 1792/1792/1792 1780/1780/1780 1781/1781/1781
f 1719/1719/1719 1708/1708/1708 1720/1720/1720
f 1719/1719/1719 1707/1707/1707 1708/1708/1708
f 1731/1731/1731 1720/1720/1720 1732/1732/1732
f 1731/1731/1731 1719/1719/1719 1720/1720/1720
f 1743/1743/1743 1732/1732/1732 1744/1744/1744
f 1743/1743/1743 1731/1731/1731 1732/1732/1732
f 1755/1755/1755 1744/1744/1744 1756/1756/1756
f 1755/1755/1755 1743/1743/1743 1744/1744/1744
f 1767/1767/1767 1756/1756/1756 1768/1768/1768
f 1767/1767/1767 1755/1755/1755 1756/1756/1756
f 1779/1779/1779 1768/1768/1768 1780/1780/1780
f 1779/1779/1779 1767/1767/1767 1768/1768/1768
f 1791/1791/1791 1780/1780/1780 1792/1792/1792
f 1791/1791/1791 1779/1779/1779 1780/1780/1780
f 1803/1803/1803 1791/1791/1791 1792/1792/1792
f 1802/1802/1802 1791/1791/1791 1803/1803/1803
f 1814/1814/1814 1802/1802/1802 1803/1803/1803
f 1790/1790/1790 1779/1779/1779 1791/1791/1791
f 1802/1802/1802 1790/1790/1790 1791/1791/1791
f 1778/1778/1778 1767/1767/1767 1779/1779/1779
f 1790/1790/1790 1778/1778/1778 1779/1779/1779
f 1766/1766/1766 1755/1755/1755 1767/1767/1767
f 1778/1778/1778 1766/1766/1766 1767/1767/1767
f 1754/1754/1754 1743/1743/1743 1755/1755/1755
f 1766/1766/1766 1754/1754/1754 1755/1755/1755
f 1813/1813/1813 1802/1802/1802 1814/1814/1814
f 1825/1825/1825 1813/1813/1813 1814/1814/1814
f 1824/1824/1824 1813/1813/1813 1825/1825/1825
f 1801/1801/1801 1790/1790/1790 1802/1802/1802
f 1813/1813/1813 1801/1801/1801 1802/1802/1802
f 1824/1824/1824 1812/1812/1812 1813/1813/1813
f 1812/1812/1812 1801/1801/1801 1813/1813/1813
f 1823/1823/1823 1812/1812/1812 1824/1824/1824
f 1789/1789/1789 1778/1778/1778 1790/1790/1790
f 1801/1801/1801 1789/1789/1789 1790/1790/1790
f 1777/1777/1777 1766/1766/1766 1778/1778/1778
f 1789/1789/1789 1777/1777/1777 1778/1778/1778
f 1812/1812/1812 1800/1800/1800 1801/1801/1801
f 1800/1800/1800 1789/1789/1789 1801/1801/1801
f 1823/1823/1823 1811/1811/1811 1812/1812/1812
f 1811/1811/1811 1800/1800/1800 1812/1812/1812
f 1822/1822/1822 1811/1811/1811 1823/1823/1823
f 1800/1800/1800 1788/1788/1788 1789/1789/1789
f 1788/1788/1788 1777/1777/1777 1789/1789/1789
f 1777/1777/1777 1765/1765/1765 1766/1766/1766
f 1765/1765/1765 1754/1754/1754 1766/1766/1766
f 1811/1811/1811 1799/1799/1799 1800/1800/1800
f 1799/1799/1799 1788/1788/1788 1800/1800/1800
f 1822/1822/1822 1810/1810/1810 1811/1811/1811
f 1810/1810/1810 1799/1799/1799 1811/1811/1811
f 1821/1821/1821 1810/1810/1810 1822/1822/1822
f 1788/1788/1788 1776/1776/1776 1777/1777/1777
f 1776/1776/1776 1765/1765/1765 1777/1777/1777
f 1799/1799/1799 1787/1787/1787 1788/1788/1788
f 1787/1787/1787 1776/1776/1776 1788/1788/1788
f 1810/1810/1810 1798/1798/1798 1799/1799/1799
f 1798/1798/1798 1787/1787/1787 1799/1799/1799
f 1821/1821/1821 1809/1809/1809 1810/1810/1810
f 1809/1809/1809 1798/1798/1798 1810/1810/1810
f 1820/1820/1820 1809/1809/1809 1821/1821/1821
f 1820/1820/1820 1808/1808/1808 1809/1809/1809
f 1819/1819/1819 1808/1808/1808 1820/1820/1820
f 1809/1809/1809 1797/1797/1797 1798/1798/1798
f 1808/1808/1808 1797/1797/1797 1809/1809/1809
f 1798/1798/1798 1786/1786/1786 1787/1787/1787
f 1797/1797/1797 1786/1786/1786 1798/1798/1798
f 1787/1787/1787 1775/1775/1775 1776/1776/1776
f 1786/1786/1786 1775/1775/1775 1787/1787/1787
f 1776/1776/1776 1764/1764/1764 1765/1765/1765
f 1775/1775/1775 1764/1764/1764 1776/1776/1776
f 1819/1819/1819 1807/1807/1807 1808/1808/1808
f 1818/1818/1818 1807/1807/1807 1819/1819/1819
f 1808/1808/1808 1796/1796/1796 1797/1797/1797
f 1807/1807/1807 1796/1796/1796 1808/1808/1808
f 1797/1797/1797 1785/1785/1785 1786/1786/1786
f 1796/1796/1796 1785/1785/1785 1797/1797/1797
f 1786/1786/1786 1774/1774/1774 1775/1775/1775
f 1785/1785/1785 1774/1774/1774 1786/1786/1786
f 1818/1818/1818 1806/1806/1806 1807/1807/1807
f 1817/1817/1817 1806/1806/1806 1818/1818/1818
f 1807/1807/1807 1795/1795/1795 1796/1796/1796
f 1806/1806/1806 1795/1795/1795 1807/1807/1807
f 1796/1796/1796 1784/1784/1784 1785/1785/1785
f 1795/1795/1795 1784/1784/1784 1796/1796/1796
f 1817/1817/1817 1805/1805/1805 1806/1806/1806
f 1816/1816/1816 1805/1805/1805 1817/1817/1817
f 1806/1806/1806 1794/1794/1794 1795/1795/1795
f 1805/1805/1805 1794/1794/1794 1806/1806/1806
f 1816/1816/1816 1804/1804/1804 1805/1805/1805
f 1815/1815/1815 1804/1804/1804 1816/1816/1816
f 1804/1804/1804 1793/1793/1793 1805/1805/1805
f 1805/1805/1805 1793/1793/1793 1794/1794/1794
f 1793/1793/1793 1782/1782/1782 1794/1794/1794
f 1794/1794/1794 1783/1783/1783 1795/1795/1795
f 1794/1794/1794 1782/1782/1782 1783/1783/1783
f 1795/1795/1795 1783/1783/1783 1784/1784/1784
f 1782/1782/1782 1771/1771/1771 1783/1783/1783
f 1783/1783/1783 1771/1771/1771 1772/1772/1772
f 1783/1783/1783 1772/1772/1772 1784/1784/1784
f 1771/1771/1771 1760/1760/1760 1772/1772/1772
f 1784/1784/1784 1772/1772/1772 1773/1773/1773
f 1784/1784/1784 1773/1773/1773 1785/1785/1785
f 1785/1785/1785 1773/1773/1773 1774/1774/1774
f 1772/1772/1772 1760/1760/1760 1761/1761/1761
f 1772/1772/1772 1761/1761/1761 1773/1773/1773
f 1760/1760/1760 1749/1749/1749 1761/1761/1761
f 1773/1773/1773 1762/1762/1762 1774/1774/1774
f 1773/1773/1773 1761/1761/1761 1762/1762/1762
f 1761/1761/1761 1749/1749/1749 1750/1750/1750
f 1761/1761/1761 1750/1750/1750 1762/1762/1762
f 1749/1749/1749 1738/1738/1738 1750/1750/1750
f 1774/1774/1774 1762/1762/1762 1763/1763/1763
f 1774/1774/1774 1763/1763/1763 1775/1775/1775
f 1775/1775/1775 1763/1763/1763 1764/1764/1764
f 1750/1750/1750 1738/1738/1738 1739/1739/1739
f 1738/1738/1738 1727/1727/1727 1739/1739/1739
f 1762/1762/1762 1750/1750/1750 1751/1751/1751
f 1762/1762/1762 1751/1751/1751 1763/1763/1763
f 1750/1750/1750 1739/1739/1739 1751/1751/1751
f 1763/1763/1763 1752/1752/1752 1764/1764/1764
f 1763/1763/1763 1751/1751/1751 1752/1752/1752
f 1739/1739/1739 1727/1727/1727 1728/1728/1728
f 1727/1727/1727 1716/1716/1716 1728/1728/1728
f 1751/1751/1751 1739/1739/1739 1740/1740/1740
f 1751/1751/1751 1740/1740/1740 1752/1752/1752
f 1739/1739/1739 1728/1728/1728 1740/1740/1740
f 1764/1764/1764 1752/1752/1752 1753/1753/1753
f 1764/1764/1764 1753/1753/1753 1765/1765/1765
f 1765/1765/1765 1753/1753/1753 1754/1754/1754
f 1728/1728/1728 1716/1716/1716 1717/1717/1717
f 1716/1716/1716 1705/1705/1705 1717/1717/1717
f 1717/1717/1717 1705/1705/1705 1706/1706/1706
f 1740/1740/1740 1728/1728/1728 1729/1729/1729
f 1728/1728/1728 1717/1717/1717 1729/1729/1729
f 1752/1752/1752 1740/1740/1740 1741/1741/1741
f 1752/1752/1752 1741/1741/1741 1753/1753/1753
f 1740/1740/1740 1729/1729/1729 1741/1741/1741
f 1753/1753/1753 1742/1742/1742 1754/1754/1754
f 1753/1753/1753 1741/1741/1741 1742/1742/1742
f 1754/1754/1754 1742/1742/1742 1743/1743/1743
f 1742/1742/1742 1731/1731/1731 1743/1743/1743
f 1717/1717/1717 1706/1706/1706 1718/1718/1718
f 1729/1729/1729 1717/1717/1717 1718/1718/1718
f 1718/1718/1718 1706/1706/1706 1707/1707/1707
f 1718/1718/1718 1707/1707/1707 1719/1719/1719
f 1741/1741/1741 1729/1729/1729 1730/1730/1730
f 1741/1741/1741 1730/1730/1730 1742/1742/1742
f 1742/1742/1742 1730/1730/1730 1731/1731/1731
f 1729/1729/1729 1718/1718/1718 1730/1730/1730
f 1730/1730/1730 1718/1718/1718 1719/1719/1719
f 1730/1730/1730 1719/1719/1719 1731/1731/1731
mtllib ./Map_1.mtl
g Cube (11)
v 24.50115 -3 21.49706
v 25.98642 -3 23.31818
v 24.50115 3 21.49706
v 25.98642 3 23.31818
v 25.35358 3 20.80182
v 26.83885 3 22.62294
v 25.35358 -3 20.80182
v 26.83885 -3 22.62294
v 24.50115 3 21.49706
v 25.98642 3 23.31818
v 25.35358 3 20.80182
v 26.83885 3 22.62294
v 25.35358 -3 20.80182
v 24.50115 -3 21.49706
v 25.98642 -3 23.31818
v 26.83885 -3 22.62294
v 25.98642 -3 23.31818
v 25.98642 3 23.31818
v 26.83885 3 22.62294
v 26.83885 -3 22.62294
v 25.35358 -3 20.80182
v 25.35358 3 20.80182
v 24.50115 3 21.49706
v 24.50115 -3 21.49706

vn -0.7749445 0 0.6320293
vn -0.7749445 0 0.6320293
vn -0.7749445 0 0.6320293
vn -0.7749445 0 0.6320293
vn 0 1 0
vn 0 1 0
vn 0.7749445 0 -0.6320293
vn 0.7749445 0 -0.6320293
vn 0 1 0
vn 0 1 0
vn 0.7749445 0 -0.6320293
vn 0.7749445 0 -0.6320293
vn 0 -1 0
vn 0 -1 0
vn 0 -1 0
vn 0 -1 0
vn 0.6320293 0 0.7749445
vn 0.6320293 0 0.7749445
vn 0.6320293 0 0.7749445
vn 0.6320293 0 0.7749445
vn -0.6320293 0 -0.7749445
vn -0.6320293 0 -0.7749445
vn -0.6320293 0 -0.7749445
vn -0.6320293 0 -0.7749445

vt 0 0
vt 1 0
vt 0 1
vt 1 1
vt 0 1
vt 1 1
vt 0 1
vt 1 1
vt 0 0
vt 1 0
vt 0 0
vt 1 0
vt 0 0
vt 0 1
vt 1 1
vt 1 0
vt 0 0
vt 0 1
vt 1 1
vt 1 0
vt 0 0
vt 0 1
vt 1 1
vt 1 0

usemtl Lit
usemap Lit
f 1828/1828/1828 1826/1826/1826 1829/1829/1829
f 1829/1829/1829 1826/1826/1826 1827/1827/1827
f 1830/1830/1830 1834/1834/1834 1831/1831/1831
f 1831/1831/1831 1834/1834/1834 1835/1835/1835
f 1832/1832/1832 1836/1836/1836 1833/1833/1833
f 1833/1833/1833 1836/1836/1836 1837/1837/1837
f 1839/1839/1839 1838/1838/1838 1840/1840/1840
f 1840/1840/1840 1838/1838/1838 1841/1841/1841
f 1843/1843/1843 1842/1842/1842 1844/1844/1844
f 1844/1844/1844 1842/1842/1842 1845/1845/1845
f 1847/1847/1847 1846/1846/1846 1848/1848/1848
f 1848/1848/1848 1846/1846/1846 1849/1849/1849
mtllib ./Map_1.mtl
g Cube (49)
v -106 -3 -48.8
v -84 -3 -48.8
v -106 3 -48.8
v -84 3 -48.8
v -106 3 -53.8
v -84 3 -53.8
v -106 -3 -53.8
v -84 -3 -53.8
v -106 3 -48.8
v -84 3 -48.8
v -106 3 -53.8
v -84 3 -53.8
v -106 -3 -53.8
v -106 -3 -48.8
v -84 -3 -48.8
v -84 -3 -53.8
v -84 -3 -48.8
v -84 3 -48.8
v -84 3 -53.8
v -84 -3 -53.8
v -106 -3 -53.8
v -106 3 -53.8
v -106 3 -48.8
v -106 -3 -48.8

vn 0 0 1
vn 0 0 1
vn 0 0 1
vn 0 0 1
vn 0 1 0
vn 0 1 0
vn 0 0 -1
vn 0 0 -1
vn 0 1 0
vn 0 1 0
vn 0 0 -1
vn 0 0 -1
vn 0 -1 0
vn 0 -1 0
vn 0 -1 0
vn 0 -1 0
vn 1 0 0
vn 1 0 0
vn 1 0 0
vn 1 0 0
vn -1 0 0
vn -1 0 0
vn -1 0 0
vn -1 0 0

vt 0 0
vt 1 0
vt 0 1
vt 1 1
vt 0 1
vt 1 1
vt 0 1
vt 1 1
vt 0 0
vt 1 0
vt 0 0
vt 1 0
vt 0 0
vt 0 1
vt 1 1
vt 1 0
vt 0 0
vt 0 1
vt 1 1
vt 1 0
vt 0 0
vt 0 1
vt 1 1
vt 1 0

usemtl Lit
usemap Lit
f 1852/1852/1852 1850/1850/1850 1853/1853/1853
f 1853/1853/1853 1850/1850/1850 1851/1851/1851
f 1854/1854/1854 1858/1858/1858 1855/1855/1855
f 1855/1855/1855 1858/1858/1858 1859/1859/1859
f 1856/1856/1856 1860/1860/1860 1857/1857/1857
f 1857/1857/1857 1860/1860/1860 1861/1861/1861
f 1863/1863/1863 1862/1862/1862 1864/1864/1864
f 1864/1864/1864 1862/1862/1862 1865/1865/1865
f 1867/1867/1867 1866/1866/1866 1868/1868/1868
f 1868/1868/1868 1866/1866/1866 1869/1869/1869
f 1871/1871/1871 1870/1870/1870 1872/1872/1872
f 1872/1872/1872 1870/1870/1870 1873/1873/1873
mtllib ./Map_1.mtl
g Cube (70)
v -74.74825 -3 16.44267
v -73.48419 -3 17.99256
v -74.74825 3 16.44267
v -73.48419 3 17.99256
v -73.89581 3 15.74744
v -72.63175 3 17.29733
v -73.89581 -3 15.74744
v -72.63175 -3 17.29733
v -74.74825 3 16.44267
v -73.48419 3 17.99256
v -73.89581 3 15.74744
v -72.63175 3 17.29733
v -73.89581 -3 15.74744
v -74.74825 -3 16.44267
v -73.48419 -3 17.99256
v -72.63175 -3 17.29733
v -73.48419 -3 17.99256
v -73.48419 3 17.99256
v -72.63175 3 17.29733
v -72.63175 -3 17.29733
v -73.89581 -3 15.74744
v -73.89581 3 15.74744
v -74.74825 3 16.44267
v -74.74825 -3 16.44267

vn -0.7749445 0 0.6320293
vn -0.7749445 0 0.6320293
vn -0.7749445 0 0.6320293
vn -0.7749445 0 0.6320293
vn 0 1 0
vn 0 1 0
vn 0.7749445 0 -0.6320293
vn 0.7749445 0 -0.6320293
vn 0 1 0
vn 0 1 0
vn 0.7749445 0 -0.6320293
vn 0.7749445 0 -0.6320293
vn 0 -1 0
vn 0 -1 0
vn 0 -1 0
vn 0 -1 0
vn 0.6320293 0 0.7749445
vn 0.6320293 0 0.7749445
vn 0.6320293 0 0.7749445
vn 0.6320293 0 0.7749445
vn -0.6320293 0 -0.7749445
vn -0.6320293 0 -0.7749445
vn -0.6320293 0 -0.7749445
vn -0.6320293 0 -0.7749445

vt 0 0
vt 1 0
vt 0 1
vt 1 1
vt 0 1
vt 1 1
vt 0 1
vt 1 1
vt 0 0
vt 1 0
vt 0 0
vt 1 0
vt 0 0
vt 0 1
vt 1 1
vt 1 0
vt 0 0
vt 0 1
vt 1 1
vt 1 0
vt 0 0
vt 0 1
vt 1 1
vt 1 0

usemtl Lit
usemap Lit
f 1876/1876/1876 1874/1874/1874 1877/1877/1877
f 1877/1877/1877 1874/1874/1874 1875/1875/1875
f 1878/1878/1878 1882/1882/1882 1879/1879/1879
f 1879/1879/1879 1882/1882/1882 1883/1883/1883
f 1880/1880/1880 1884/1884/1884 1881/1881/1881
f 1881/1881/1881 1884/1884/1884 1885/1885/1885
f 1887/1887/1887 1886/1886/1886 1888/1888/1888
f 1888/1888/1888 1886/1886/1886 1889/1889/1889
f 1891/1891/1891 1890/1890/1890 1892/1892/1892
f 1892/1892/1892 1890/1890/1890 1893/1893/1893
f 1895/1895/1895 1894/1894/1894 1896/1896/1896
f 1896/1896/1896 1894/1894/1894 1897/1897/1897
mtllib ./Map_1.mtl
g Cube
v 16.85 -3 22.22
v 25.17 -3 22.22
v 16.85 3 22.22
v 25.17 3 22.22
v 16.85 3 20.72
v 25.17 3 20.72
v 16.85 -3 20.72
v 25.17 -3 20.72
v 16.85 3 22.22
v 25.17 3 22.22
v 16.85 3 20.72
v 25.17 3 20.72
v 16.85 -3 20.72
v 16.85 -3 22.22
v 25.17 -3 22.22
v 25.17 -3 20.72
v 25.17 -3 22.22
v 25.17 3 22.22
v 25.17 3 20.72
v 25.17 -3 20.72
v 16.85 -3 20.72
v 16.85 3 20.72
v 16.85 3 22.22
v 16.85 -3 22.22

vn 0 0 1
vn 0 0 1
vn 0 0 1
vn 0 0 1
vn 0 1 0
vn 0 1 0
vn 0 0 -1
vn 0 0 -1
vn 0 1 0
vn 0 1 0
vn 0 0 -1
vn 0 0 -1
vn 0 -1 0
vn 0 -1 0
vn 0 -1 0
vn 0 -1 0
vn 1 0 0
vn 1 0 0
vn 1 0 0
vn 1 0 0
vn -1 0 0
vn -1 0 0
vn -1 0 0
vn -1 0 0

vt 0 0
vt 1 0
vt 0 1
vt 1 1
vt 0 1
vt 1 1
vt 0 1
vt 1 1
vt 0 0
vt 1 0
vt 0 0
vt 1 0
vt 0 0
vt 0 1
vt 1 1
vt 1 0
vt 0 0
vt 0 1
vt 1 1
vt 1 0
vt 0 0
vt 0 1
vt 1 1
vt 1 0

usemtl Lit
usemap Lit
f 1900/1900/1900 1898/1898/1898 1901/1901/1901
f 1901/1901/1901 1898/1898/1898 1899/1899/1899
f 1902/1902/1902 1906/1906/1906 1903/1903/1903
f 1903/1903/1903 1906/1906/1906 1907/1907/1907
f 1904/1904/1904 1908/1908/1908 1905/1905/1905
f 1905/1905/1905 1908/1908/1908 1909/1909/1909
f 1911/1911/1911 1910/1910/1910 1912/1912/1912
f 1912/1912/1912 1910/1910/1910 1913/1913/1913
f 1915/1915/1915 1914/1914/1914 1916/1916/1916
f 1916/1916/1916 1914/1914/1914 1917/1917/1917
f 1919/1919/1919 1918/1918/1918 1920/1920/1920
f 1920/1920/1920 1918/1918/1918 1921/1921/1921
mtllib ./Map_1.mtl
g Cube (74)
v -8.977777 -3 22.55755
v -6.023955 -3 25.25476
v -8.977777 3 22.55755
v -6.023955 3 25.25476
v -8.236045 3 21.74524
v -5.282223 3 24.44245
v -8.236045 -3 21.74524
v -5.282223 -3 24.44245
v -8.977777 3 22.55755
v -6.023955 3 25.25476
v -8.236045 3 21.74524
v -5.282223 3 24.44245
v -8.236045 -3 21.74524
v -8.977777 -3 22.55755
v -6.023955 -3 25.25476
v -5.282223 -3 24.44245
v -6.023955 -3 25.25476
v -6.023955 3 25.25476
v -5.282223 3 24.44245
v -5.282223 -3 24.44245
v -8.236045 -3 21.74524
v -8.236045 3 21.74524
v -8.977777 3 22.55755
v -8.977777 -3 22.55755

vn -0.6743022 0 0.7384555
vn -0.6743022 0 0.7384555
vn -0.6743022 0 0.7384555
vn -0.6743022 0 0.7384555
vn 0 1 0
vn 0 1 0
vn 0.6743022 0 -0.7384555
vn 0.6743022 0 -0.7384555
vn 0 1 0
vn 0 1 0
vn 0.6743022 0 -0.7384555
vn 0.6743022 0 -0.7384555
vn 0 -1 0
vn 0 -1 0
vn 0 -1 0
vn 0 -1 0
vn 0.7384555 0 0.6743022
vn 0.7384555 0 0.6743022
vn 0.7384555 0 0.6743022
vn 0.7384555 0 0.6743022
vn -0.7384555 0 -0.6743022
vn -0.7384555 0 -0.6743022
vn -0.7384555 0 -0.6743022
vn -0.7384555 0 -0.6743022

vt 0 0
vt 1 0
vt 0 1
vt 1 1
vt 0 1
vt 1 1
vt 0 1
vt 1 1
vt 0 0
vt 1 0
vt 0 0
vt 1 0
vt 0 0
vt 0 1
vt 1 1
vt 1 0
vt 0 0
vt 0 1
vt 1 1
vt 1 0
vt 0 0
vt 0 1
vt 1 1
vt 1 0

usemtl Lit
usemap Lit
f 1924/1924/1924 1922/1922/1922 1925/1925/1925
f 1925/1925/1925 1922/1922/1922 1923/1923/1923
f 1926/1926/1926 1930/1930/1930 1927/1927/1927
f 1927/1927/1927 1930/1930/1930 1931/1931/1931
f 1928/1928/1928 1932/1932/1932 1929/1929/1929
f 1929/1929/1929 1932/1932/1932 1933/1933/1933
f 1935/1935/1935 1934/1934/1934 1936/1936/1936
f 1936/1936/1936 1934/1934/1934 1937/1937/1937
f 1939/1939/1939 1938/1938/1938 1940/1940/1940
f 1940/1940/1940 1938/1938/1938 1941/1941/1941
f 1943/1943/1943 1942/1942/1942 1944/1944/1944
f 1944/1944/1944 1942/1942/1942 1945/1945/1945
mtllib ./Map_1.mtl
g Cube (58)
v -38.01 -3 18.28
v -29.01 -3 18.28
v -38.01 3 18.28
v -29.01 3 18.28
v -38.01 3 16.78
v -29.01 3 16.78
v -38.01 -3 16.78
v -29.01 -3 16.78
v -38.01 3 18.28
v -29.01 3 18.28
v -38.01 3 16.78
v -29.01 3 16.78
v -38.01 -3 16.78
v -38.01 -3 18.28
v -29.01 -3 18.28
v -29.01 -3 16.78
v -29.01 -3 18.28
v -29.01 3 18.28
v -29.01 3 16.78
v -29.01 -3 16.78
v -38.01 -3 16.78
v -38.01 3 16.78
v -38.01 3 18.28
v -38.01 -3 18.28

vn 0 0 1
vn 0 0 1
vn 0 0 1
vn 0 0 1
vn 0 1 0
vn 0 1 0
vn 0 0 -1
vn 0 0 -1
vn 0 1 0
vn 0 1 0
vn 0 0 -1
vn 0 0 -1
vn 0 -1 0
vn 0 -1 0
vn 0 -1 0
vn 0 -1 0
vn 1 0 0
vn 1 0 0
vn 1 0 0
vn 1 0 0
vn -1 0 0
vn -1 0 0
vn -1 0 0
vn -1 0 0

vt 0 0
vt 1 0
vt 0 1
vt 1 1
vt 0 1
vt 1 1
vt 0 1
vt 1 1
vt 0 0
vt 1 0
vt 0 0
vt 1 0
vt 0 0
vt 0 1
vt 1 1
vt 1 0
vt 0 0
vt 0 1
vt 1 1
vt 1 0
vt 0 0
vt 0 1
vt 1 1
vt 1 0

usemtl Lit
usemap Lit
f 1948/1948/1948 1946/1946/1946 1949/1949/1949
f 1949/1949/1949 1946/1946/1946 1947/1947/1947
f 1950/1950/1950 1954/1954/1954 1951/1951/1951
f 1951/1951/1951 1954/1954/1954 1955/1955/1955
f 1952/1952/1952 1956/1956/1956 1953/1953/1953
f 1953/1953/1953 1956/1956/1956 1957/1957/1957
f 1959/1959/1959 1958/1958/1958 1960/1960/1960
f 1960/1960/1960 1958/1958/1958 1961/1961/1961
f 1963/1963/1963 1962/1962/1962 1964/1964/1964
f 1964/1964/1964 1962/1962/1962 1965/1965/1965
f 1967/1967/1967 1966/1966/1966 1968/1968/1968
f 1968/1968/1968 1966/1966/1966 1969/1969/1969
mtllib ./Map_1.mtl
g Cube (66)
v -104.87 -3 -8.34
v -99.87 -3 -8.34
v -104.87 3 -8.34
v -99.87 3 -8.34
v -104.87 3 -9.84
v -99.87 3 -9.84
v -104.87 -3 -9.84
v -99.87 -3 -9.84
v -104.87 3 -8.34
v -99.87 3 -8.34
v -104.87 3 -9.84
v -99.87 3 -9.84
v -104.87 -3 -9.84
v -104.87 -3 -8.34
v -99.87 -3 -8.34
v -99.87 -3 -9.84
v -99.87 -3 -8.34
v -99.87 3 -8.34
v -99.87 3 -9.84
v -99.87 -3 -9.84
v -104.87 -3 -9.84
v -104.87 3 -9.84
v -104.87 3 -8.34
v -104.87 -3 -8.34

vn 0 0 1
vn 0 0 1
vn 0 0 1
vn 0 0 1
vn 0 1 0
vn 0 1 0
vn 0 0 -1
vn 0 0 -1
vn 0 1 0
vn 0 1 0
vn 0 0 -1
vn 0 0 -1
vn 0 -1 0
vn 0 -1 0
vn 0 -1 0
vn 0 -1 0
vn 1 0 0
vn 1 0 0
vn 1 0 0
vn 1 0 0
vn -1 0 0
vn -1 0 0
vn -1 0 0
vn -1 0 0

vt 0 0
vt 1 0
vt 0 1
vt 1 1
vt 0 1
vt 1 1
vt 0 1
vt 1 1
vt 0 0
vt 1 0
vt 0 0
vt 1 0
vt 0 0
vt 0 1
vt 1 1
vt 1 0
vt 0 0
vt 0 1
vt 1 1
vt 1 0
vt 0 0
vt 0 1
vt 1 1
vt 1 0

usemtl Lit
usemap Lit
f 1972/1972/1972 1970/1970/1970 1973/1973/1973
f 1973/1973/1973 1970/1970/1970 1971/1971/1971
f 1974/1974/1974 1978/1978/1978 1975/1975/1975
f 1975/1975/1975 1978/1978/1978 1979/1979/1979
f 1976/1976/1976 1980/1980/1980 1977/1977/1977
f 1977/1977/1977 1980/1980/1980 1981/1981/1981
f 1983/1983/1983 1982/1982/1982 1984/1984/1984
f 1984/1984/1984 1982/1982/1982 1985/1985/1985
f 1987/1987/1987 1986/1986/1986 1988/1988/1988
f 1988/1988/1988 1986/1986/1986 1989/1989/1989
f 1991/1991/1991 1990/1990/1990 1992/1992/1992
f 1992/1992/1992 1990/1990/1990 1993/1993/1993
mtllib ./Map_1.mtl
g Cube (80)
v -53.21635 -3 18.58107
v -51.13237 -3 16.42305
v -53.21635 3 18.58107
v -51.13237 3 16.42305
v -54.00763 3 17.81695
v -51.92365 3 15.65893
v -54.00763 -3 17.81695
v -51.92365 -3 15.65893
v -53.21635 3 18.58107
v -51.13237 3 16.42305
v -54.00763 3 17.81695
v -51.92365 3 15.65893
v -54.00763 -3 17.81695
v -53.21635 -3 18.58107
v -51.13237 -3 16.42305
v -51.92365 -3 15.65893
v -51.13237 -3 16.42305
v -51.13237 3 16.42305
v -51.92365 3 15.65893
v -51.92365 -3 15.65893
v -54.00763 -3 17.81695
v -54.00763 3 17.81695
v -53.21635 3 18.58107
v -53.21635 -3 18.58107

vn 0.7193398 0 0.6946584
vn 0.7193398 0 0.6946584
vn 0.7193398 0 0.6946584
vn 0.7193398 0 0.6946584
vn 0 1 0
vn 0 1 0
vn -0.7193398 0 -0.6946584
vn -0.7193398 0 -0.6946584
vn 0 1 0
vn 0 1 0
vn -0.7193398 0 -0.6946584
vn -0.7193398 0 -0.6946584
vn 0 -1 0
vn 0 -1 0
vn 0 -1 0
vn 0 -1 0
vn 0.6946584 0 -0.7193398
vn 0.6946584 0 -0.7193398
vn 0.6946584 0 -0.7193398
vn 0.6946584 0 -0.7193398
vn -0.6946584 0 0.7193398
vn -0.6946584 0 0.7193398
vn -0.6946584 0 0.7193398
vn -0.6946584 0 0.7193398

vt 0 0
vt 1 0
vt 0 1
vt 1 1
vt 0 1
vt 1 1
vt 0 1
vt 1 1
vt 0 0
vt 1 0
vt 0 0
vt 1 0
vt 0 0
vt 0 1
vt 1 1
vt 1 0
vt 0 0
vt 0 1
vt 1 1
vt 1 0
vt 0 0
vt 0 1
vt 1 1
vt 1 0

usemtl Lit
usemap Lit
f 1996/1996/1996 1994/1994/1994 1997/1997/1997
f 1997/1997/1997 1994/1994/1994 1995/1995/1995
f 1998/1998/1998 2002/2002/2002 1999/1999/1999
f 1999/1999/1999 2002/2002/2002 2003/2003/2003
f 2000/2000/2000 2004/2004/2004 2001/2001/2001
f 2001/2001/2001 2004/2004/2004 2005/2005/2005
f 2007/2007/2007 2006/2006/2006 2008/2008/2008
f 2008/2008/2008 2006/2006/2006 2009/2009/2009
f 2011/2011/2011 2010/2010/2010 2012/2012/2012
f 2012/2012/2012 2010/2010/2010 2013/2013/2013
f 2015/2015/2015 2014/2014/2014 2016/2016/2016
f 2016/2016/2016 2014/2014/2014 2017/2017/2017
mtllib ./Map_1.mtl
g Cube (67)
v -105.06 -3 -9.95
v -100.06 -3 -9.95
v -105.06 3 -9.95
v -100.06 3 -9.95
v -105.06 3 -11.45
v -100.06 3 -11.45
v -105.06 -3 -11.45
v -100.06 -3 -11.45
v -105.06 3 -9.95
v -100.06 3 -9.95
v -105.06 3 -11.45
v -100.06 3 -11.45
v -105.06 -3 -11.45
v -105.06 -3 -9.95
v -100.06 -3 -9.95
v -100.06 -3 -11.45
v -100.06 -3 -9.95
v -100.06 3 -9.95
v -100.06 3 -11.45
v -100.06 -3 -11.45
v -105.06 -3 -11.45
v -105.06 3 -11.45
v -105.06 3 -9.95
v -105.06 -3 -9.95

vn 0 0 1
vn 0 0 1
vn 0 0 1
vn 0 0 1
vn 0 1 0
vn 0 1 0
vn 0 0 -1
vn 0 0 -1
vn 0 1 0
vn 0 1 0
vn 0 0 -1
vn 0 0 -1
vn 0 -1 0
vn 0 -1 0
vn 0 -1 0
vn 0 -1 0
vn 1 0 0
vn 1 0 0
vn 1 0 0
vn 1 0 0
vn -1 0 0
vn -1 0 0
vn -1 0 0
vn -1 0 0

vt 0 0
vt 1 0
vt 0 1
vt 1 1
vt 0 1
vt 1 1
vt 0 1
vt 1 1
vt 0 0
vt 1 0
vt 0 0
vt 1 0
vt 0 0
vt 0 1
vt 1 1
vt 1 0
vt 0 0
vt 0 1
vt 1 1
vt 1 0
vt 0 0
vt 0 1
vt 1 1
vt 1 0

usemtl Lit
usemap Lit
f 2020/2020/2020 2018/2018/2018 2021/2021/2021
f 2021/2021/2021 2018/2018/2018 2019/2019/2019
f 2022/2022/2022 2026/2026/2026 2023/2023/2023
f 2023/2023/2023 2026/2026/2026 2027/2027/2027
f 2024/2024/2024 2028/2028/2028 2025/2025/2025
f 2025/2025/2025 2028/2028/2028 2029/2029/2029
f 2031/2031/2031 2030/2030/2030 2032/2032/2032
f 2032/2032/2032 2030/2030/2030 2033/2033/2033
f 2035/2035/2035 2034/2034/2034 2036/2036/2036
f 2036/2036/2036 2034/2034/2034 2037/2037/2037
f 2039/2039/2039 2038/2038/2038 2040/2040/2040
f 2040/2040/2040 2038/2038/2038 2041/2041/2041
mtllib ./Map_1.mtl
g Cube (57)
v -28.11 -3 19.16
v -25.11 -3 19.16
v -28.11 3 19.16
v -25.11 3 19.16
v -28.11 3 17.66
v -25.11 3 17.66
v -28.11 -3 17.66
v -25.11 -3 17.66
v -28.11 3 19.16
v -25.11 3 19.16
v -28.11 3 17.66
v -25.11 3 17.66
v -28.11 -3 17.66
v -28.11 -3 19.16
v -25.11 -3 19.16
v -25.11 -3 17.66
v -25.11 -3 19.16
v -25.11 3 19.16
v -25.11 3 17.66
v -25.11 -3 17.66
v -28.11 -3 17.66
v -28.11 3 17.66
v -28.11 3 19.16
v -28.11 -3 19.16

vn 0 0 1
vn 0 0 1
vn 0 0 1
vn 0 0 1
vn 0 1 0
vn 0 1 0
vn 0 0 -1
vn 0 0 -1
vn 0 1 0
vn 0 1 0
vn 0 0 -1
vn 0 0 -1
vn 0 -1 0
vn 0 -1 0
vn 0 -1 0
vn 0 -1 0
vn 1 0 0
vn 1 0 0
vn 1 0 0
vn 1 0 0
vn -1 0 0
vn -1 0 0
vn -1 0 0
vn -1 0 0

vt 0 0
vt 1 0
vt 0 1
vt 1 1
vt 0 1
vt 1 1
vt 0 1
vt 1 1
vt 0 0
vt 1 0
vt 0 0
vt 1 0
vt 0 0
vt 0 1
vt 1 1
vt 1 0
vt 0 0
vt 0 1
vt 1 1
vt 1 0
vt 0 0
vt 0 1
vt 1 1
vt 1 0

usemtl Lit
usemap Lit
f 2044/2044/2044 2042/2042/2042 2045/2045/2045
f 2045/2045/2045 2042/2042/2042 2043/2043/2043
f 2046/2046/2046 2050/2050/2050 2047/2047/2047
f 2047/2047/2047 2050/2050/2050 2051/2051/2051
f 2048/2048/2048 2052/2052/2052 2049/2049/2049
f 2049/2049/2049 2052/2052/2052 2053/2053/2053
f 2055/2055/2055 2054/2054/2054 2056/2056/2056
f 2056/2056/2056 2054/2054/2054 2057/2057/2057
f 2059/2059/2059 2058/2058/2058 2060/2060/2060
f 2060/2060/2060 2058/2058/2058 2061/2061/2061
f 2063/2063/2063 2062/2062/2062 2064/2064/2064
f 2064/2064/2064 2062/2062/2062 2065/2065/2065
mtllib ./Map_1.mtl
g Cube (81)
v -63.01902 -3 19.1114
v -61.62971 -3 17.67272
v -63.01902 3 19.1114
v -61.62971 3 17.67272
v -63.8103 3 18.34728
v -62.42098 3 16.9086
v -63.8103 -3 18.34728
v -62.42098 -3 16.9086
v -63.01902 3 19.1114
v -61.62971 3 17.67272
v -63.8103 3 18.34728
v -62.42098 3 16.9086
v -63.8103 -3 18.34728
v -63.01902 -3 19.1114
v -61.62971 -3 17.67272
v -62.42098 -3 16.9086
v -61.62971 -3 17.67272
v -61.62971 3 17.67272
v -62.42098 3 16.9086
v -62.42098 -3 16.9086
v -63.8103 -3 18.34728
v -63.8103 3 18.34728
v -63.01902 3 19.1114
v -63.01902 -3 19.1114

vn 0.7193398 0 0.6946584
vn 0.7193398 0 0.6946584
vn 0.7193398 0 0.6946584
vn 0.7193398 0 0.6946584
vn 0 1 0
vn 0 1 0
vn -0.7193398 0 -0.6946584
vn -0.7193398 0 -0.6946584
vn 0 1 0
vn 0 1 0
vn -0.7193398 0 -0.6946584
vn -0.7193398 0 -0.6946584
vn 0 -1 0
vn 0 -1 0
vn 0 -1 0
vn 0 -1 0
vn 0.6946584 0 -0.7193398
vn 0.6946584 0 -0.7193398
vn 0.6946584 0 -0.7193398
vn 0.6946584 0 -0.7193398
vn -0.6946584 0 0.7193398
vn -0.6946584 0 0.7193398
vn -0.6946584 0 0.7193398
vn -0.6946584 0 0.7193398

vt 0 0
vt 1 0
vt 0 1
vt 1 1
vt 0 1
vt 1 1
vt 0 1
vt 1 1
vt 0 0
vt 1 0
vt 0 0
vt 1 0
vt 0 0
vt 0 1
vt 1 1
vt 1 0
vt 0 0
vt 0 1
vt 1 1
vt 1 0
vt 0 0
vt 0 1
vt 1 1
vt 1 0

usemtl Lit
usemap Lit
f 2068/2068/2068 2066/2066/2066 2069/2069/2069
f 2069/2069/2069 2066/2066/2066 2067/2067/2067
f 2070/2070/2070 2074/2074/2074 2071/2071/2071
f 2071/2071/2071 2074/2074/2074 2075/2075/2075
f 2072/2072/2072 2076/2076/2076 2073/2073/2073
f 2073/2073/2073 2076/2076/2076 2077/2077/2077
f 2079/2079/2079 2078/2078/2078 2080/2080/2080
f 2080/2080/2080 2078/2078/2078 2081/2081/2081
f 2083/2083/2083 2082/2082/2082 2084/2084/2084
f 2084/2084/2084 2082/2082/2082 2085/2085/2085
f 2087/2087/2087 2086/2086/2086 2088/2088/2088
f 2088/2088/2088 2086/2086/2086 2089/2089/2089
mtllib ./Map_1.mtl
g Cube (64)
v -88.18 -3 7.1
v -85.18 -3 7.1
v -88.18 3 7.1
v -85.18 3 7.1
v -88.18 3 5.6
v -85.18 3 5.6
v -88.18 -3 5.6
v -85.18 -3 5.6
v -88.18 3 7.1
v -85.18 3 7.1
v -88.18 3 5.6
v -85.18 3 5.6
v -88.18 -3 5.6
v -88.18 -3 7.1
v -85.18 -3 7.1
v -85.18 -3 5.6
v -85.18 -3 7.1
v -85.18 3 7.1
v -85.18 3 5.6
v -85.18 -3 5.6
v -88.18 -3 5.6
v -88.18 3 5.6
v -88.18 3 7.1
v -88.18 -3 7.1

vn 0 0 1
vn 0 0 1
vn 0 0 1
vn 0 0 1
vn 0 1 0
vn 0 1 0
vn 0 0 -1
vn 0 0 -1
vn 0 1 0
vn 0 1 0
vn 0 0 -1
vn 0 0 -1
vn 0 -1 0
vn 0 -1 0
vn 0 -1 0
vn 0 -1 0
vn 1 0 0
vn 1 0 0
vn 1 0 0
vn 1 0 0
vn -1 0 0
vn -1 0 0
vn -1 0 0
vn -1 0 0

vt 0 0
vt 1 0
vt 0 1
vt 1 1
vt 0 1
vt 1 1
vt 0 1
vt 1 1
vt 0 0
vt 1 0
vt 0 0
vt 1 0
vt 0 0
vt 0 1
vt 1 1
vt 1 0
vt 0 0
vt 0 1
vt 1 1
vt 1 0
vt 0 0
vt 0 1
vt 1 1
vt 1 0

usemtl Lit
usemap Lit
f 2092/2092/2092 2090/2090/2090 2093/2093/2093
f 2093/2093/2093 2090/2090/2090 2091/2091/2091
f 2094/2094/2094 2098/2098/2098 2095/2095/2095
f 2095/2095/2095 2098/2098/2098 2099/2099/2099
f 2096/2096/2096 2100/2100/2100 2097/2097/2097
f 2097/2097/2097 2100/2100/2100 2101/2101/2101
f 2103/2103/2103 2102/2102/2102 2104/2104/2104
f 2104/2104/2104 2102/2102/2102 2105/2105/2105
f 2107/2107/2107 2106/2106/2106 2108/2108/2108
f 2108/2108/2108 2106/2106/2106 2109/2109/2109
f 2111/2111/2111 2110/2110/2110 2112/2112/2112
f 2112/2112/2112 2110/2110/2110 2113/2113/2113
mtllib ./Map_1.mtl
g Cube (62)
v -73.07 -3 18.29
v -70.07 -3 18.29
v -73.07 3 18.29
v -70.07 3 18.29
v -73.07 3 16.79
v -70.07 3 16.79
v -73.07 -3 16.79
v -70.07 -3 16.79
v -73.07 3 18.29
v -70.07 3 18.29
v -73.07 3 16.79
v -70.07 3 16.79
v -73.07 -3 16.79
v -73.07 -3 18.29
v -70.07 -3 18.29
v -70.07 -3 16.79
v -70.07 -3 18.29
v -70.07 3 18.29
v -70.07 3 16.79
v -70.07 -3 16.79
v -73.07 -3 16.79
v -73.07 3 16.79
v -73.07 3 18.29
v -73.07 -3 18.29

vn 0 0 1
vn 0 0 1
vn 0 0 1
vn 0 0 1
vn 0 1 0
vn 0 1 0
vn 0 0 -1
vn 0 0 -1
vn 0 1 0
vn 0 1 0
vn 0 0 -1
vn 0 0 -1
vn 0 -1 0
vn 0 -1 0
vn 0 -1 0
vn 0 -1 0
vn 1 0 0
vn 1 0 0
vn 1 0 0
vn 1 0 0
vn -1 0 0
vn -1 0 0
vn -1 0 0
vn -1 0 0

vt 0 0
vt 1 0
vt 0 1
vt 1 1
vt 0 1
vt 1 1
vt 0 1
vt 1 1
vt 0 0
vt 1 0
vt 0 0
vt 1 0
vt 0 0
vt 0 1
vt 1 1
vt 1 0
vt 0 0
vt 0 1
vt 1 1
vt 1 0
vt 0 0
vt 0 1
vt 1 1
vt 1 0

usemtl Lit
usemap Lit
f 2116/2116/2116 2114/2114/2114 2117/2117/2117
f 2117/2117/2117 2114/2114/2114 2115/2115/2115
f 2118/2118/2118 2122/2122/2122 2119/2119/2119
f 2119/2119/2119 2122/2122/2122 2123/2123/2123
f 2120/2120/2120 2124/2124/2124 2121/2121/2121
f 2121/2121/2121 2124/2124/2124 2125/2125/2125
f 2127/2127/2127 2126/2126/2126 2128/2128/2128
f 2128/2128/2128 2126/2126/2126 2129/2129/2129
f 2131/2131/2131 2130/2130/2130 2132/2132/2132
f 2132/2132/2132 2130/2130/2130 2133/2133/2133
f 2135/2135/2135 2134/2134/2134 2136/2136/2136
f 2136/2136/2136 2134/2134/2134 2137/2137/2137
mtllib ./Map_1.mtl
g Cube (76)
v -21.98394 -3 19.40327
v -20.1378 -3 21.08903
v -21.98394 3 19.40327
v -20.1378 3 21.08903
v -21.2422 3 18.59097
v -19.39606 3 20.27673
v -21.2422 -3 18.59097
v -19.39606 -3 20.27673
v -21.98394 3 19.40327
v -20.1378 3 21.08903
v -21.2422 3 18.59097
v -19.39606 3 20.27673
v -21.2422 -3 18.59097
v -21.98394 -3 19.40327
v -20.1378 -3 21.08903
v -19.39606 -3 20.27673
v -20.1378 -3 21.08903
v -20.1378 3 21.08903
v -19.39606 3 20.27673
v -19.39606 -3 20.27673
v -21.2422 -3 18.59097
v -21.2422 3 18.59097
v -21.98394 3 19.40327
v -21.98394 -3 19.40327

vn -0.6743022 0 0.7384555
vn -0.6743022 0 0.7384555
vn -0.6743022 0 0.7384555
vn -0.6743022 0 0.7384555
vn 0 1 0
vn 0 1 0
vn 0.6743022 0 -0.7384555
vn 0.6743022 0 -0.7384555
vn 0 1 0
vn 0 1 0
vn 0.6743022 0 -0.7384555
vn 0.6743022 0 -0.7384555
vn 0 -1 0
vn 0 -1 0
vn 0 -1 0
vn 0 -1 0
vn 0.7384555 0 0.6743022
vn 0.7384555 0 0.6743022
vn 0.7384555 0 0.6743022
vn 0.7384555 0 0.6743022
vn -0.7384555 0 -0.6743022
vn -0.7384555 0 -0.6743022
vn -0.7384555 0 -0.6743022
vn -0.7384555 0 -0.6743022

vt 0 0
vt 1 0
vt 0 1
vt 1 1
vt 0 1
vt 1 1
vt 0 1
vt 1 1
vt 0 0
vt 1 0
vt 0 0
vt 1 0
vt 0 0
vt 0 1
vt 1 1
vt 1 0
vt 0 0
vt 0 1
vt 1 1
vt 1 0
vt 0 0
vt 0 1
vt 1 1
vt 1 0

usemtl Lit
usemap Lit
f 2140/2140/2140 2138/2138/2138 2141/2141/2141
f 2141/2141/2141 2138/2138/2138 2139/2139/2139
f 2142/2142/2142 2146/2146/2146 2143/2143/2143
f 2143/2143/2143 2146/2146/2146 2147/2147/2147
f 2144/2144/2144 2148/2148/2148 2145/2145/2145
f 2145/2145/2145 2148/2148/2148 2149/2149/2149
f 2151/2151/2151 2150/2150/2150 2152/2152/2152
f 2152/2152/2152 2150/2150/2150 2153/2153/2153
f 2155/2155/2155 2154/2154/2154 2156/2156/2156
f 2156/2156/2156 2154/2154/2154 2157/2157/2157
f 2159/2159/2159 2158/2158/2158 2160/2160/2160
f 2160/2160/2160 2158/2158/2158 2161/2161/2161
mtllib ./Map_1.mtl
g Cube (73)
v -99.1927 -3 -4.949446
v -89.32783 -3 4.984544
v -99.1927 3 -4.949446
v -89.32783 3 4.984544
v -98.41218 3 -5.724544
v -88.5473 3 4.209446
v -98.41218 -3 -5.724544
v -88.5473 -3 4.209446
v -99.1927 3 -4.949446
v -89.32783 3 4.984544
v -98.41218 3 -5.724544
v -88.5473 3 4.209446
v -98.41218 -3 -5.724544
v -99.1927 -3 -4.949446
v -89.32783 -3 4.984544
v -88.5473 -3 4.209446
v -89.32783 -3 4.984544
v -89.32783 3 4.984544
v -88.5473 3 4.209446
v -88.5473 -3 4.209446
v -98.41218 -3 -5.724544
v -98.41218 3 -5.724544
v -99.1927 3 -4.949446
v -99.1927 -3 -4.949446

vn -0.7095707 0 0.7046343
vn -0.7095707 0 0.7046343
vn -0.7095707 0 0.7046343
vn -0.7095707 0 0.7046343
vn 0 1 0
vn 0 1 0
vn 0.7095707 0 -0.7046343
vn 0.7095707 0 -0.7046343
vn 0 1 0
vn 0 1 0
vn 0.7095707 0 -0.7046343
vn 0.7095707 0 -0.7046343
vn 0 -1 0
vn 0 -1 0
vn 0 -1 0
vn 0 -1 0
vn 0.7046343 0 0.7095707
vn 0.7046343 0 0.7095707
vn 0.7046343 0 0.7095707
vn 0.7046343 0 0.7095707
vn -0.7046343 0 -0.7095707
vn -0.7046343 0 -0.7095707
vn -0.7046343 0 -0.7095707
vn -0.7046343 0 -0.7095707

vt 0 0
vt 1 0
vt 0 1
vt 1 1
vt 0 1
vt 1 1
vt 0 1
vt 1 1
vt 0 0
vt 1 0
vt 0 0
vt 1 0
vt 0 0
vt 0 1
vt 1 1
vt 1 0
vt 0 0
vt 0 1
vt 1 1
vt 1 0
vt 0 0
vt 0 1
vt 1 1
vt 1 0

usemtl Lit
usemap Lit
f 2164/2164/2164 2162/2162/2162 2165/2165/2165
f 2165/2165/2165 2162/2162/2162 2163/2163/2163
f 2166/2166/2166 2170/2170/2170 2167/2167/2167
f 2167/2167/2167 2170/2170/2170 2171/2171/2171
f 2168/2168/2168 2172/2172/2172 2169/2169/2169
f 2169/2169/2169 2172/2172/2172 2173/2173/2173
f 2175/2175/2175 2174/2174/2174 2176/2176/2176
f 2176/2176/2176 2174/2174/2174 2177/2177/2177
f 2179/2179/2179 2178/2178/2178 2180/2180/2180
f 2180/2180/2180 2178/2178/2178 2181/2181/2181
f 2183/2183/2183 2182/2182/2182 2184/2184/2184
f 2184/2184/2184 2182/2182/2182 2185/2185/2185
mtllib ./Map_1.mtl
g Cube (42)
v -37.9 -3 -58.1
v -22.9 -3 -58.1
v -37.9 3 -58.1
v -22.9 3 -58.1
v -37.9 3 -63.1
v -22.9 3 -63.1
v -37.9 -3 -63.1
v -22.9 -3 -63.1
v -37.9 3 -58.1
v -22.9 3 -58.1
v -37.9 3 -63.1
v -22.9 3 -63.1
v -37.9 -3 -63.1
v -37.9 -3 -58.1
v -22.9 -3 -58.1
v -22.9 -3 -63.1
v -22.9 -3 -58.1
v -22.9 3 -58.1
v -22.9 3 -63.1
v -22.9 -3 -63.1
v -37.9 -3 -63.1
v -37.9 3 -63.1
v -37.9 3 -58.1
v -37.9 -3 -58.1

vn 0 0 1
vn 0 0 1
vn 0 0 1
vn 0 0 1
vn 0 1 0
vn 0 1 0
vn 0 0 -1
vn 0 0 -1
vn 0 1 0
vn 0 1 0
vn 0 0 -1
vn 0 0 -1
vn 0 -1 0
vn 0 -1 0
vn 0 -1 0
vn 0 -1 0
vn 1 0 0
vn 1 0 0
vn 1 0 0
vn 1 0 0
vn -1 0 0
vn -1 0 0
vn -1 0 0
vn -1 0 0

vt 0 0
vt 1 0
vt 0 1
vt 1 1
vt 0 1
vt 1 1
vt 0 1
vt 1 1
vt 0 0
vt 1 0
vt 0 0
vt 1 0
vt 0 0
vt 0 1
vt 1 1
vt 1 0
vt 0 0
vt 0 1
vt 1 1
vt 1 0
vt 0 0
vt 0 1
vt 1 1
vt 1 0

usemtl Lit
usemap Lit
f 2188/2188/2188 2186/2186/2186 2189/2189/2189
f 2189/2189/2189 2186/2186/2186 2187/2187/2187
f 2190/2190/2190 2194/2194/2194 2191/2191/2191
f 2191/2191/2191 2194/2194/2194 2195/2195/2195
f 2192/2192/2192 2196/2196/2196 2193/2193/2193
f 2193/2193/2193 2196/2196/2196 2197/2197/2197
f 2199/2199/2199 2198/2198/2198 2200/2200/2200
f 2200/2200/2200 2198/2198/2198 2201/2201/2201
f 2203/2203/2203 2202/2202/2202 2204/2204/2204
f 2204/2204/2204 2202/2202/2202 2205/2205/2205
f 2207/2207/2207 2206/2206/2206 2208/2208/2208
f 2208/2208/2208 2206/2206/2206 2209/2209/2209
